duration,zcr_mean,zcr_std,centroid_mean,centroid_std,bandwidth_mean,bandwidth_std,rolloff_mean,rolloff_std,mfcc1_mean,mfcc2_mean,mfcc3_mean,mfcc4_mean,mfcc5_mean,mfcc6_mean,mfcc7_mean,mfcc8_mean,mfcc9_mean,mfcc10_mean,mfcc11_mean,mfcc12_mean,mfcc13_mean,filename,age,gender,age_label,gender_label
4.32,0.06566991143048129,0.04073143762134407,1540.6844802009934,786.9731915942933,2083.502951857426,639.3241306999415,2965.133585394385,1818.0696661784903,-232.3530731201172,120.08056640625,16.505704879760742,9.424842834472656,3.474583148956299,-6.988544464111328,-4.840328216552734,-3.889364242553711,-9.156229972839355,-4.528622627258301,1.238360047340393,-14.57009220123291,-2.759570360183716,common_voice_ko_41105402.mp3,thirties,male_masculine,2,1
10.656009070294784,0.08451201661220044,0.11212968665371038,1561.3106050716672,1542.102140679304,1642.2576767783526,677.1870766859882,2513.544060202206,2619.1635601443863,-393.0961608886719,83.28382110595703,28.36326789855957,13.841300964355469,-16.76873779296875,1.0011624097824097,-8.052461624145508,-3.4750876426696777,-9.229004859924316,-5.328690052032471,-5.908339500427246,-12.456094741821289,-4.784305095672607,common_voice_ko_40952191.mp3,thirties,female_feminine,2,0
3.96,0.09496356451023392,0.07983782615361207,1763.2624151404818,1394.6669993799508,1413.0375372666097,813.4362956367543,3259.5099198190787,2471.6312427782173,-318.4658203125,80.2608642578125,-17.263757705688477,34.44939422607422,-15.072822570800781,10.101515769958496,2.3823890686035156,-15.43421459197998,-10.868440628051758,-7.8651652336120605,-5.709267616271973,-5.7016706466674805,-5.044810771942139,common_voice_ko_37977382.mp3,twenties,male_masculine,1,1
4.716009070294785,0.08577713311887254,0.0665128439326733,1933.2725840001594,973.9824096537294,2038.9342105804203,649.9294044353136,3962.5315946691176,2075.3137817529337,-398.63372802734375,62.155670166015625,-5.774864196777344,10.614641189575195,-20.756141662597656,-20.218996047973633,-12.021767616271973,-12.021711349487305,-14.136041641235352,-7.277933120727539,-12.24211597442627,0.04348320886492729,-14.651663780212402,common_voice_ko_36326823.mp3,teens,female_feminine,0,0
3.42,0.1365966796875,0.056392210252465665,2795.559674945984,777.9959928891498,3003.9377362441383,415.6370944363998,6580.721468538852,2283.0570227151684,-402.3509521484375,61.02946090698242,2.853591203689575,-3.7547080516815186,9.341376304626465,-11.021894454956055,9.434011459350586,4.932632923126221,6.0328569412231445,-2.1293296813964844,-14.179636001586914,-1.8045159578323364,-2.1610333919525146,common_voice_ko_41341797.mp3,teens,female_feminine,0,0
2.628027210884354,0.15323893229166666,0.0661347820663487,2953.4212750681486,930.5585262365263,3010.7207115091524,560.1198955617389,6935.296952097039,2396.3900428056736,-422.873046875,64.94393157958984,-0.5217955708503723,-4.202085494995117,2.2148995399475098,-4.978471755981445,3.803225040435791,3.9593043327331543,8.686752319335938,-4.728700160980225,-3.1830811500549316,-2.0222625732421875,-7.330048561096191,common_voice_ko_41342328.mp3,teens,female_feminine,0,0
4.572018140589569,0.12256107233502538,0.09861203065702205,2140.445912888205,1549.5404761146237,2039.4560215184088,843.675884594941,4028.29391556948,2956.2283677883365,-448.38134765625,94.1990966796875,15.089838981628418,0.7507398724555969,-10.218522071838379,0.5109925270080566,-17.520675659179688,-40.743648529052734,-21.591642379760742,-6.020478248596191,-7.83231258392334,-6.745553016662598,-10.164152145385742,common_voice_ko_36331016.mp3,teens,female_feminine,0,0
4.716009070294785,0.16145593979779413,0.14696486974446255,2537.51197864262,1902.4175132402577,2178.95707450078,740.6086907500589,4413.673311121323,3185.860950930718,-444.9651184082031,73.2607650756836,33.18366241455078,10.696049690246582,-15.848328590393066,-4.4431376457214355,-16.57688331604004,-41.850948333740234,-19.49899673461914,-9.222221374511719,-8.134092330932617,-8.368000984191895,-9.548696517944336,common_voice_ko_36331017.mp3,teens,female_feminine,0,0
3.3480272108843536,0.16245285560344827,0.09173328549378171,2918.2154757357903,1259.7217044835759,2749.3844380974056,661.2461131521942,6114.093143857759,2624.0673906543316,-545.8189697265625,56.738868713378906,11.677355766296387,9.016962051391602,1.9459373950958252,-7.42225980758667,0.388702929019928,1.2401202917099,-5.700476169586182,0.7841798663139343,-5.2081780433654785,-6.271440029144287,-0.5723950862884521,common_voice_ko_39610437.mp3,twenties,male_masculine,1,1
3.2040362811791385,0.17620584239130435,0.11564161830595764,2854.6993954744034,1478.5791603487505,2686.229096310729,815.7975710014616,5980.925186820652,3095.516805978412,-338.99749755859375,65.75901794433594,6.635237216949463,7.591612815856934,-2.3152987957000732,-5.353321075439453,1.1128345727920532,2.7611279487609863,-8.759748458862305,-5.175919532775879,-5.217281818389893,-10.455694198608398,4.61707067489624,common_voice_ko_39610438.mp3,twenties,male_masculine,1,1
2.6640362811791385,0.17614639945652175,0.07953815546496922,2931.324312481403,1054.7419936867009,2836.4458651582563,542.4536260019404,6181.527258831522,2450.790168213551,-567.2293701171875,54.922142028808594,11.895010948181152,5.818395614624023,9.605975151062012,-6.434547424316406,-10.222201347351074,-12.953168869018555,-8.328749656677246,-5.046488285064697,-8.5447416305542,-9.453227996826172,-11.625162124633789,common_voice_ko_41668845.mp3,twenties,female_feminine,1,0
2.34,0.14722404857673269,0.08434236365629891,2405.368432759799,1194.7285739673785,2334.7401197350973,633.375095227473,4661.298876469678,2470.164444097589,-552.7632446289062,82.36791229248047,11.71498966217041,9.930609703063965,-16.578813552856445,-9.236270904541016,-8.193543434143066,-25.725914001464844,-6.755072593688965,-13.759004592895508,-13.407501220703125,-13.169416427612305,-6.855605125427246,common_voice_ko_41668884.mp3,twenties,female_feminine,1,0
2.844036281179138,0.14598418445121952,0.08990393357891818,2521.0969080388163,969.4062535866018,2280.7193986563993,487.497077706186,5077.896936928354,1715.5614331317167,-602.5396728515625,37.02510452270508,9.753348350524902,33.59912872314453,4.843367576599121,-12.031700134277344,-11.40366268157959,-8.864510536193848,-4.525075912475586,-6.390081405639648,-5.9628214836120605,0.7151997685432434,-11.998066902160645,common_voice_ko_41595581.mp3,fifties,female_feminine,4,0
2.844036281179138,0.10858501651422764,0.061336685959606244,2101.402479828816,850.0728563999294,2114.647395684518,421.6507674966385,4217.5316787347565,1854.812092266653,-523.8723754882812,73.89147186279297,14.017724990844727,22.442771911621094,-3.397076368331909,-10.783439636230469,-12.3510103225708,-11.470813751220703,-6.761444568634033,2.0267975330352783,-4.975072860717773,3.3375437259674072,-11.861700057983398,common_voice_ko_41595612.mp3,fifties,female_feminine,4,0
2.4840362811791383,0.14174759053738317,0.07134380871150783,2654.4614140997505,1220.9917240577736,2273.3306493385553,505.4025212263426,5253.3972053884345,1946.411790354409,-488.1377258300781,65.1326675415039,21.005931854248047,14.612438201904297,-17.858726501464844,-0.04835927486419678,-8.55034351348877,-16.92688751220703,-8.925100326538086,-6.569160461425781,-8.596663475036621,-0.14837457239627838,-3.590831756591797,common_voice_ko_41595641.mp3,fifties,female_feminine,4,0
4.248027210884354,0.23535956711065573,0.15215508419075374,3840.9737268530453,1599.8871070636785,2715.7315431399043,482.36877169125086,6888.506980020492,1841.4043270874945,-351.619873046875,30.136184692382812,22.71631622314453,35.83881378173828,31.374439239501953,-16.86924171447754,-27.70210075378418,-5.916971683502197,-49.42226028442383,11.001087188720703,-16.728872299194336,-17.696619033813477,-11.689367294311523,common_voice_ko_39046413.mp3,twenties,male_masculine,1,1
3.9240362811791383,0.2554288785133136,0.16467032242365276,3984.439348191238,1430.0366691753336,2934.505694556571,364.7195018865261,7471.702945867234,1328.289664114509,-320.0085144042969,43.53866195678711,30.667692184448242,16.74114418029785,7.238236427307129,-14.149863243103027,-12.98460578918457,7.6312689781188965,-50.686458587646484,0.6884647607803345,-14.750293731689453,-8.661704063415527,-3.8439724445343018,common_voice_ko_39046740.mp3,twenties,male_masculine,1,1
2.412018140589569,0.22257173978365385,0.180509358330758,3826.368905496026,1753.6950127684813,2704.8347758055706,503.83484854001756,6837.82724233774,2062.153137775553,-294.27276611328125,34.06332778930664,21.612064361572266,8.88701343536377,-6.839348793029785,-27.014284133911133,-20.383216857910156,-2.453995943069458,-38.638675689697266,5.603447437286377,-26.560728073120117,-10.213871955871582,-9.192130088806152,common_voice_ko_39046869.mp3,twenties,male_masculine,1,1
7.128027210884354,0.11213132379885994,0.09151983940831136,1722.5359139037137,1169.2985021576708,1255.3677626589479,599.5255929384305,2984.733417523412,1786.1906428288312,-395.2793884277344,89.1386489868164,-36.51752853393555,25.377334594726562,-13.8843412399292,-5.303097248077393,-14.12722396850586,-4.620736122131348,-9.29931926727295,-9.586864471435547,4.466127395629883,-14.841644287109375,-0.837114155292511,common_voice_ko_39571266.mp3,twenties,male_masculine,1,1
6.372018140589569,0.12690340909090908,0.08994089608159817,1903.1699502268282,1122.590592739822,1393.225552820311,534.7671250314535,3348.2956321022725,1693.3918052760093,-384.40472412109375,88.89358520507812,-38.775726318359375,26.777339935302734,-17.454999923706055,-5.275012016296387,-13.596364974975586,-2.7028565406799316,-8.640461921691895,-10.361165046691895,6.457361221313477,-14.286077499389648,0.2584584057331085,common_voice_ko_39571273.mp3,twenties,male_masculine,1,1
4.3560090702947845,0.1017313206449468,0.07169270265723648,1785.9369438022316,1066.8837653935434,1349.5662778623098,669.2454961576949,3120.825455036569,1812.8931964171923,-438.6039733886719,79.41096496582031,-40.355491638183594,27.197181701660156,-12.00931453704834,-7.700708866119385,-12.63965892791748,-2.3577864170074463,-8.158543586730957,-9.711918830871582,6.205514430999756,-13.442055702209473,0.056167684495449066,common_voice_ko_39571277.mp3,twenties,male_masculine,1,1
7.8120181405895694,0.1433750231824926,0.08781264077629218,2443.5957784124175,1008.5112213024154,2285.5768773296795,478.51085752764317,4706.506456324184,1921.6597635515634,-347.8274230957031,89.87311553955078,-7.140251159667969,10.926849365234375,-8.021235466003418,-2.530543565750122,-9.331456184387207,-7.494089126586914,-12.638312339782715,-6.00578498840332,-14.047295570373535,1.4454970359802246,-11.0765380859375,common_voice_ko_37439339.mp3,teens,male_masculine,0,1
4.824036281179138,0.1243450458233173,0.06494720207569356,2166.32636580729,825.7194835590743,2188.9600575053137,434.4751742777399,4296.702223557692,1672.406831721332,-371.4130859375,88.41671752929688,-0.5131072998046875,12.221059799194336,-11.870671272277832,-0.08411407470703125,-3.4213380813598633,-6.692220687866211,-9.903413772583008,-2.57161545753479,-13.501002311706543,3.067692995071411,-11.751456260681152,common_voice_ko_37439340.mp3,teens,male_masculine,0,1
3.1320181405895693,0.1406756365740741,0.09452828832071293,2248.837264335685,1020.970363007814,2054.304740088941,563.9357112084995,4372.516276041667,1924.5824904480248,-380.43548583984375,96.18305969238281,-14.242082595825195,18.774927139282227,-2.945889949798584,-0.398117333650589,-8.418339729309082,-1.8508819341659546,-15.190028190612793,-0.9259530305862427,-13.242009162902832,3.915855646133423,-7.860074043273926,common_voice_ko_37439348.mp3,teens,male_masculine,0,1
2.34,0.09161799969059406,0.05412600868421577,1881.6830406121096,1013.4959861134203,1997.0930479931944,664.8486622471468,3787.711749690594,2102.066817907798,-465.1562194824219,94.8833999633789,4.968899726867676,8.239316940307617,-4.972322940826416,-14.217934608459473,-9.338369369506836,-3.2318692207336426,-13.24635124206543,-8.171385765075684,-14.659137725830078,-5.8423943519592285,-10.702876091003418,common_voice_ko_41036287.mp3,twenties,female_feminine,1,0
7.668027210884354,0.07304156438821752,0.0819584080160573,1617.6085508455938,1118.663778426149,1884.201095622402,666.0090014379688,3183.628785286065,2134.233004582821,-430.4424133300781,99.00548553466797,37.33230972290039,4.736307144165039,-24.829370498657227,-6.1426897048950195,-7.128117561340332,-18.838218688964844,-7.275916576385498,-8.835016250610352,-16.720211029052734,-13.478574752807617,-19.640186309814453,common_voice_ko_41036338.mp3,twenties,female_feminine,1,0
2.52,0.09986919438073394,0.10233406463595696,2125.4984737177892,1120.1795453463126,2286.951955071108,505.4803472058675,4523.25674634461,1984.8698530900595,-438.7270202636719,93.89746856689453,11.171707153320312,-4.283846378326416,-12.623573303222656,-9.992932319641113,-0.668915331363678,-3.063133955001831,-7.099165439605713,3.581082344055176,-25.14223861694336,-11.443849563598633,-18.54212188720703,common_voice_ko_41036344.mp3,twenties,female_feminine,1,0
1.8360090702947847,0.27039794921875,0.10837237001701627,3492.6304201830535,1230.3587892911435,2052.035301264754,337.854223576183,5514.114990234375,1289.338298332232,-425.3207092285156,24.896411895751953,-8.463581085205078,19.383209228515625,-39.42406463623047,7.724177360534668,3.079728126525879,-9.502832412719727,-0.8429182171821594,6.6146650314331055,-0.7316304445266724,-0.016981124877929688,4.7624006271362305,common_voice_ko_40495304.mp3,twenties,male_masculine,1,1
4.8960090702947845,0.14131229635663506,0.08118160697134816,2432.0102067865887,992.57698701563,2017.5507492191848,436.76100629128626,4545.036655805688,1320.5748501247867,-377.45318603515625,76.6883773803711,-21.66929054260254,23.45547103881836,-25.61512565612793,2.8789336681365967,-0.7609789371490479,-1.7939120531082153,-2.1688315868377686,-3.493459701538086,-0.4409385919570923,1.9906905889511108,0.9818985462188721,common_voice_ko_40495307.mp3,twenties,male_masculine,1,1
8.35201814058957,0.1691216362847222,0.10484906489503591,2477.188085002165,1155.1942426845399,1856.7315218720048,414.49852057102714,4406.6204833984375,1445.7219862810434,-337.80511474609375,80.73833465576172,-21.82209014892578,35.600955963134766,-19.7443904876709,-1.1659247875213623,-7.333383560180664,-10.336516380310059,-4.770145893096924,0.46320652961730957,-3.249748468399048,2.1790518760681152,3.325655221939087,common_voice_ko_40495333.mp3,twenties,male_masculine,1,1
3.2760090702947844,0.21502599581866197,0.11533580708517514,3051.461295294353,1200.9267089604398,2153.7421568831555,568.3690329105875,5370.183724416814,1472.3838713310877,-358.0668029785156,49.79861068725586,-16.83106803894043,27.995746612548828,-35.07798767089844,2.4427788257598877,2.876588821411133,-4.150876998901367,-1.9599103927612305,2.398696184158325,1.7850346565246582,-2.6684136390686035,-1.8468185663223267,common_voice_ko_40495437.mp3,twenties,male_masculine,1,1
3.8880272108843537,0.17305501302083334,0.11019905462822718,2714.802150041829,1302.006399224193,2290.4688113149723,571.1878359762218,5033.4503173828125,2364.7275547192526,-518.4844970703125,72.11856079101562,-8.407883644104004,-2.4868884086608887,-4.2076239585876465,1.487084150314331,3.9932618141174316,-15.294447898864746,-3.346328020095825,-6.042378902435303,-7.138740062713623,-8.895024299621582,-11.94092845916748,common_voice_ko_38257689.mp3,thirties,male_masculine,2,1
4.032018140589569,0.17047469917385058,0.11057787609460094,2668.836542942483,1279.6859446661472,2290.6496319501507,502.49630788441067,4943.293288658405,2258.7856704771234,-540.7374877929688,65.21920776367188,-12.994019508361816,1.0258110761642456,11.928872108459473,2.688422918319702,-2.3058717250823975,-14.370615005493164,-4.923213005065918,-6.637670993804932,-8.348039627075195,-10.145377159118652,-14.396600723266602,common_voice_ko_38257690.mp3,thirties,male_masculine,2,1
5.328027210884354,0.15288510529891305,0.10607787472089623,2400.1752757261556,1229.3236333414434,2132.1684861408544,595.1539437564235,4478.438136888587,2294.51054426169,-501.3296813964844,67.3519058227539,-14.085291862487793,5.124034404754639,9.862774848937988,-1.0622673034667969,-3.0881714820861816,-13.165852546691895,-1.9810185432434082,-2.279798746109009,-14.560482025146484,-10.251063346862793,-11.182005882263184,common_voice_ko_38257691.mp3,thirties,male_masculine,2,1
3.312018140589569,0.15058866914335664,0.08408792378205394,2369.850522442459,1037.6555881794548,2237.739031198898,581.9256230043096,4641.685219077797,2251.043089101156,-559.6648559570312,87.38091278076172,-1.5305777788162231,3.593963861465454,-3.806229591369629,-4.587225437164307,1.8350706100463867,-13.926624298095703,-2.9236044883728027,-8.289505958557129,-8.745935440063477,-7.0208210945129395,-14.845837593078613,common_voice_ko_38257692.mp3,thirties,male_masculine,2,1
5.76,0.2105453062248996,0.13933908235057915,3222.2211685317798,1667.6802063289488,2675.5329426899466,704.3154177864517,6267.675487104669,2906.0393369081166,-365.1656494140625,46.197505950927734,-1.8703550100326538,9.106451034545898,-9.119684219360352,-6.835692405700684,-9.494305610656738,-13.260553359985352,-0.3647470772266388,-12.30910587310791,-10.509502410888672,-4.229931354522705,-5.300046920776367,common_voice_ko_37018705.mp3,twenties,male_masculine,1,1
2.88,0.20541015625,0.1320793701604178,3587.193570849093,1764.2668008808748,2955.886533769055,742.923603791394,7161.1681640625,2866.748894388038,-502.6767883300781,46.13005065917969,9.341708183288574,5.72176456451416,-5.132266521453857,-5.814478397369385,1.5995051860809326,-7.240654945373535,0.987162709236145,-5.297082424163818,-3.7856638431549072,-2.144221305847168,-6.696362018585205,common_voice_ko_37018708.mp3,twenties,male_masculine,1,1
4.86,0.18163364955357142,0.1418096825852442,3005.979168477544,1764.2149388631265,2640.075377597539,802.8950082716775,5963.5693359375,3123.9662824815587,-386.61395263671875,54.82171630859375,3.085000991821289,19.029151916503906,2.47251558303833,-5.630177021026611,-8.26970386505127,-12.989660263061523,-0.1005975604057312,-10.364513397216797,-9.233835220336914,-6.2479424476623535,-6.3038201332092285,common_voice_ko_37018718.mp3,twenties,male_masculine,1,1
5.22,0.18914496527777777,0.16644455536319583,2921.674625193445,1881.4719728300058,2473.9067872228275,692.8973439417424,5493.16796875,3044.8868499341106,-376.70269775390625,67.46208190917969,8.431633949279785,13.89309024810791,-6.215822696685791,-4.596202373504639,-6.884474754333496,-12.56882381439209,-10.041234016418457,-15.36097240447998,-4.387092590332031,-1.380214810371399,-9.245359420776367,common_voice_ko_37018719.mp3,twenties,male_masculine,1,1
7.776009070294784,0.1372959421641791,0.1052683883013858,2613.6094660345307,1064.2252225151667,2274.4897078504396,645.7199375638533,5101.505072294776,1956.099739547045,-369.7691650390625,71.5884780883789,3.9478836059570312,42.05160903930664,-11.574542045593262,11.127510070800781,3.626758098602295,-3.8365111351013184,16.299381256103516,-6.5943708419799805,1.7497376203536987,1.2205431461334229,-13.768330574035645,common_voice_ko_36474940.mp3,twenties,male_masculine,1,1
6.948027210884354,0.12435221354166667,0.09459535715584581,2527.3147193910963,1064.733548328096,2268.2322879941894,630.4062527089322,4960.137451171875,1953.4153723507925,-398.7978210449219,78.425048828125,-0.4034411609172821,42.50843048095703,-10.829322814941406,10.74606990814209,7.1523942947387695,-6.707509994506836,17.30425453186035,-7.062824726104736,-1.0923984050750732,0.8929606080055237,-12.25793743133545,common_voice_ko_36474948.mp3,twenties,male_masculine,1,1
6.696009070294784,0.14471541144031141,0.1225825308826524,2574.3365024501077,1194.1884445894855,2128.5652276979677,556.2271116739838,4681.6462005298445,1857.0096598756215,-350.8580017089844,72.09214782714844,-0.6764969825744629,49.759254455566406,-12.180315017700195,11.336292266845703,6.434122085571289,-3.5007359981536865,15.898697853088379,-6.201024532318115,-2.4280600547790527,-4.476527690887451,-6.846073150634766,common_voice_ko_36474949.mp3,twenties,male_masculine,1,1
5.148027210884353,0.1772658889358108,0.10936162876761278,2784.9984360250387,1007.9581568063343,2098.3990885883254,535.8124814883365,4878.919446790541,1370.1464544930277,-348.02410888671875,60.806182861328125,6.229185581207275,50.31739044189453,-27.88841438293457,8.526666641235352,7.904562950134277,1.5665165185928345,16.352046966552734,-3.4385182857513428,1.196531057357788,8.347697257995605,-13.388727188110352,common_voice_ko_36655270.mp3,twenties,male_masculine,1,1
8.316009070294784,0.135160058321727,0.09201116758481526,2502.3313313326876,966.8148855506869,2199.5606390261178,602.6408659783432,4931.853278965007,1845.9222458485397,-362.00439453125,85.90605926513672,-4.806938648223877,40.860748291015625,-18.737438201904297,10.291759490966797,2.2924513816833496,-3.2626571655273438,14.642716407775879,-10.516334533691406,3.702948808670044,2.1474132537841797,-14.51401424407959,common_voice_ko_36655271.mp3,twenties,male_masculine,1,1
8.856009070294785,0.12649552110602094,0.09716037777385271,2418.697975104342,993.9516147281861,2226.7896728847522,564.2298784950044,4769.8017859334095,1727.332359702866,-378.8792419433594,81.6825180053711,1.8144994974136353,40.7523307800293,-16.082033157348633,10.860745429992676,2.618056058883667,0.37609267234802246,13.263960838317871,-9.51418399810791,4.904186248779297,2.9092774391174316,-12.3695650100708,common_voice_ko_36655273.mp3,twenties,male_masculine,1,1
6.7680272108843536,0.13817021618150685,0.1027747217653324,2502.2778087767097,1122.3562535684562,2180.293989580264,667.3470544810979,4846.92491505244,2117.716247967771,-393.57122802734375,85.90016174316406,-0.37054088711738586,36.12051010131836,-26.617755889892578,4.478584289550781,9.67702579498291,-0.74123215675354,13.24146556854248,-9.103157997131348,4.766730308532715,2.9111716747283936,-12.697650909423828,common_voice_ko_36655275.mp3,twenties,male_masculine,1,1
5.508027210884354,0.17114873293067226,0.12054016304253405,2837.242134535709,1625.5992663277666,2318.0607271275276,679.232569598652,5394.83642578125,2574.652471040976,-370.75079345703125,64.85174560546875,9.739439964294434,36.89546203613281,2.2366080284118652,9.550625801086426,13.485520362854004,-8.168566703796387,-1.9042890071868896,10.334650993347168,-7.4780497550964355,-11.981124877929688,-4.117947578430176,common_voice_ko_39081982.mp3,twenties,male_masculine,1,1
5.148027210884353,0.17656425957207209,0.15705212437149707,2795.2340149130487,1821.9153617704685,2316.479239083422,724.9597154654836,5410.508274387669,2831.2030551817866,-354.91546630859375,71.90286254882812,13.215798377990723,29.180299758911133,-3.6790072917938232,10.85178279876709,17.69390106201172,-5.854902744293213,-2.9740962982177734,8.455571174621582,-8.264679908752441,-8.702739715576172,-1.6013553142547607,common_voice_ko_39082000.mp3,twenties,male_masculine,1,1
5.508027210884354,0.12227342108718488,0.10325713826445586,2313.2695724818163,1471.0683668448137,2210.4711975038917,789.7919059820503,4679.581227022059,2689.9346902034476,-358.9057312011719,91.78929138183594,7.298174858093262,27.161436080932617,-3.762152910232544,9.39620304107666,14.774566650390625,-6.353724956512451,-5.145849227905273,10.1334810256958,-10.356313705444336,-13.285056114196777,-4.725614547729492,common_voice_ko_39082057.mp3,twenties,male_masculine,1,1
6.588027210884354,0.1002592704665493,0.08106318457830917,2140.0795821547335,1246.6122211404067,2214.961074735726,813.6938137666831,4617.5831109705105,2589.975665461098,-361.5944519042969,98.98339080810547,-1.4225780963897705,29.44927978515625,8.194279670715332,2.5821218490600586,14.621021270751953,-6.735389232635498,-6.639967441558838,15.297571182250977,-7.732297897338867,-14.241911888122559,-2.045586347579956,common_voice_ko_39082076.mp3,twenties,male_masculine,1,1
5.256009070294785,0.1110807578469163,0.09689848933458657,2177.73374852476,1418.3033785320488,2162.2077737248787,803.3778504280643,4541.703520787445,2744.4578491042093,-355.87225341796875,94.95953369140625,2.480245590209961,31.617033004760742,2.6950747966766357,7.997209548950195,15.331687927246094,-8.39754581451416,-3.7052533626556396,8.898272514343262,-8.709277153015137,-12.00046443939209,-7.043561935424805,common_voice_ko_39082078.mp3,twenties,male_masculine,1,1
5.076009070294784,0.09927939497716895,0.08897693328994197,2106.4556539809687,1364.7278559736317,2138.0287690052146,794.8262604783074,4386.726442101884,2668.471708794679,-367.7543640136719,101.43428802490234,4.731086730957031,40.00712585449219,9.167912483215332,7.000134468078613,16.14444351196289,-7.9531707763671875,-1.288415789604187,16.089563369750977,-10.517196655273438,-16.618751525878906,-5.248137950897217,common_voice_ko_39082124.mp3,twenties,male_masculine,1,1
9.468027210884355,0.08233163871017157,0.08495457714891978,1293.5400470721015,1107.338778969361,1073.473128816797,721.8917627020877,2404.8049029181984,1942.403200041615,-366.0523376464844,96.25130462646484,-26.87443733215332,30.573532104492188,-4.746470928192139,-0.75886470079422,2.920872688293457,-14.248346328735352,-1.9996894598007202,-6.12505578994751,-5.707466125488281,-4.356464862823486,-12.34091567993164,common_voice_ko_39476318.mp3,thirties,female_feminine,2,0
7.416009070294785,0.10085296630859375,0.10247466943497953,1522.1698760405197,1215.812325918731,1239.5547656538902,722.69918085729,2744.5413208007812,2055.3705298199425,-367.94085693359375,85.23321533203125,-11.832723617553711,35.67372512817383,-15.956199645996094,-3.820540189743042,2.5526351928710938,-9.51090145111084,-1.0090157985687256,-3.489828586578369,-2.8652923107147217,-8.89673900604248,-10.132332801818848,common_voice_ko_39476322.mp3,thirties,female_feminine,2,0
6.48,0.08112444196428571,0.09053579687833312,1308.381826850725,1163.505959988128,987.8529427514308,679.8627829901443,2265.7159423828125,1904.977410153021,-351.4493713378906,87.27616119384766,-24.668991088867188,24.871383666992188,-6.274409294128418,-4.580502033233643,-0.8672001361846924,-14.889627456665039,-1.291725754737854,-0.6154251098632812,-3.506809949874878,-11.156333923339844,-9.519108772277832,common_voice_ko_39476325.mp3,thirties,female_feminine,2,0
5.616009070294784,0.09013026213842976,0.09889144046929418,1344.7452326687235,1278.0765264106526,981.7752455101955,768.1337822926027,2245.19234649406,2128.7837367484913,-359.7264099121094,78.51779174804688,-16.582408905029297,16.986234664916992,-14.848685264587402,1.724257230758667,2.1772217750549316,-13.949361801147461,-4.147490501403809,-0.3393731117248535,-1.7176628112792969,-12.252464294433594,-9.837485313415527,common_voice_ko_39476326.mp3,thirties,female_feminine,2,0
4.428027210884354,0.10189483802356021,0.10734312803148381,1656.9080097944511,1503.5784368041723,1199.6193689276708,901.6258627148832,2903.3183951652486,2516.92460500973,-372.2105712890625,70.55470275878906,-20.524377822875977,14.599658012390137,-16.126859664916992,0.30756428837776184,-1.1495871543884277,-15.82532024383545,-0.028873663395643234,0.13219544291496277,-2.9329211711883545,-9.290546417236328,-8.326550483703613,common_voice_ko_39476327.mp3,thirties,female_feminine,2,0
6.408027210884354,0.07285297780797101,0.08406460930978912,1195.2278924779137,1143.654906894089,955.6975217496358,706.9197488085723,2135.72706139606,1972.69667574675,-364.7470703125,97.49781799316406,-22.07505989074707,16.23238754272461,-8.723746299743652,2.7966995239257812,6.537558078765869,-14.221983909606934,-6.070319175720215,-1.7016490697860718,-4.791455268859863,-10.765911102294922,-9.123563766479492,common_voice_ko_39476341.mp3,thirties,female_feminine,2,0
6.12,0.12535881273674243,0.1005534099628439,2023.4100177325815,1235.7606272797707,1445.884929271892,663.168124479671,3554.201993075284,2062.5595066502506,-295.5785827636719,84.7938003540039,-44.92733383178711,32.59259796142578,-30.057310104370117,-2.0792315006256104,-2.795240879058838,-14.10026741027832,-1.2531932592391968,-14.968903541564941,-14.922322273254395,-8.668106079101562,-6.701181888580322,common_voice_ko_39476345.mp3,thirties,female_feminine,2,0
3.96,0.0898523163377193,0.09160095356476358,1511.975799392848,1331.4853680010501,1154.0189290588555,813.418108671775,2708.9021381578946,2367.8896523723333,-311.596435546875,75.60734558105469,-26.624855041503906,18.389678955078125,-19.33299446105957,-3.6054599285125732,0.8586642742156982,-12.112025260925293,-3.0259523391723633,-11.291435241699219,-13.91109848022461,-7.048710346221924,-6.056778907775879,common_voice_ko_39476347.mp3,thirties,female_feminine,2,0
2.052018140589569,0.2150851474719101,0.12351959895972654,3160.8733886205446,1580.3942799843217,2667.4119704278496,731.4243478380217,6011.513836464185,3105.4247768963737,-560.302734375,69.97976684570312,12.607461929321289,1.2957547903060913,-4.049026012420654,-7.7532453536987305,-12.85138988494873,-4.2535247802734375,-17.68721580505371,-4.264801502227783,-8.359055519104004,-12.019043922424316,-19.697874069213867,common_voice_ko_38998445.mp3,twenties,female_feminine,1,0
4.788027210884354,0.1476661571557971,0.13084803107361412,2308.1573495784537,1678.1366484539233,2217.8447112727267,771.5302356442426,4221.912151834239,3206.1786351712517,-515.104248046875,84.55929565429688,26.7122802734375,22.809782028198242,-3.2636430263519287,-19.74935531616211,-20.472806930541992,-6.462825775146484,-27.34461784362793,-13.002439498901367,-9.396157264709473,-10.483685493469238,-16.936912536621094,common_voice_ko_38998472.mp3,twenties,female_feminine,1,0
3.6360090702947847,0.18881556031050956,0.12332780182189122,2802.403739169381,1401.2303288661806,2339.381729310825,552.2380237243042,5272.2059116242035,2328.775771089829,-419.9560546875,63.20148468017578,-12.873188018798828,12.209030151367188,-7.713895320892334,-17.82595443725586,-20.196861267089844,-9.736291885375977,-22.042781829833984,-8.986413955688477,-9.261543273925781,-8.633889198303223,-14.858694076538086,common_voice_ko_38998489.mp3,twenties,female_feminine,1,0
3.42,0.14634910789695946,0.12761972663683632,2290.0114859017926,1672.6449868457591,2119.690004747504,840.4096138868307,4251.789154877534,3202.940191243447,-510.91363525390625,94.16094970703125,7.073647975921631,2.4019641876220703,-2.6567039489746094,-15.732449531555176,-29.638404846191406,-15.675150871276855,-15.794017791748047,-1.632546305656433,-11.416455268859863,-17.14168357849121,-10.59152889251709,common_voice_ko_38998565.mp3,twenties,female_feminine,1,0
3.744036281179138,0.1634717399691358,0.1298914967549097,2630.758137962708,1640.6029454265686,2461.6323340656027,742.4500349265911,5099.381510416667,3136.5877703446763,-529.8970947265625,76.00039672851562,23.005666732788086,15.247350692749023,-1.861053705215454,-11.715899467468262,-26.429868698120117,-12.989405632019043,-22.56302261352539,-7.589390277862549,-10.598838806152344,-13.193615913391113,-10.30478572845459,common_voice_ko_38998567.mp3,twenties,female_feminine,1,0
5.58,0.13421250972510373,0.11544072743582898,2192.1107237830147,1555.0267838909592,2126.905328182077,799.1380253482859,4129.326759433351,2984.749215112564,-498.02880859375,94.62240600585938,17.736839294433594,4.100633144378662,-9.936861038208008,-10.476197242736816,-25.070255279541016,-17.315202713012695,-24.692325592041016,-9.300233840942383,-13.452757835388184,-12.204052925109863,-11.625936508178711,common_voice_ko_38998599.mp3,twenties,female_feminine,1,0
4.68,0.16068804146039603,0.10818263370827648,2574.3525343182537,1546.0008176391266,2438.353178345755,804.8125917077475,5020.274428565904,3246.1106081192065,-524.2390747070312,87.69364929199219,20.61510467529297,-2.0322272777557373,-12.323495864868164,-11.477904319763184,-23.967395782470703,-15.585827827453613,-18.421966552734375,-3.6207003593444824,-11.324335098266602,-13.220947265625,-11.582120895385742,common_voice_ko_38998622.mp3,twenties,female_feminine,1,0
3.6360090702947847,0.15777393511146498,0.10879672448522544,2682.820235797135,1447.4237372441953,2387.0097368804177,823.0876045362938,5261.096424661624,2901.681880932726,-463.0038757324219,59.35982894897461,-2.284783124923706,0.25796547532081604,-12.663896560668945,-20.725887298583984,-22.392684936523438,-6.485579967498779,-20.03708839416504,-8.953914642333984,-8.616188049316406,-6.522789001464844,-4.919572830200195,common_voice_ko_38998743.mp3,twenties,female_feminine,1,0
2.88,0.18277734375,0.10643640258008279,2925.8445636940514,1365.7593028834801,2664.7254743331964,735.3106669648552,5859.44296875,2932.2564866921457,-504.7793884277344,74.22610473632812,6.195969581604004,-0.3527289032936096,0.5442283749580383,-16.160266876220703,-20.907758712768555,-10.251114845275879,-20.252744674682617,-7.653976917266846,-9.843228340148926,-8.492229461669922,-9.855912208557129,common_voice_ko_38998784.mp3,twenties,female_feminine,1,0
6.012018140589569,0.1716827039092664,0.10552463752236073,2778.5306502050535,1458.4565163716622,2461.328170944382,661.013593688208,5318.368612753378,2754.2150646229816,-490.44830322265625,69.05663299560547,15.1856689453125,11.628728866577148,-5.214593410491943,-15.921693801879883,-24.293659210205078,-5.39163064956665,-20.48827362060547,-6.269349098205566,-14.123114585876465,-21.50069808959961,-9.737889289855957,common_voice_ko_38998787.mp3,twenties,female_feminine,1,0
8.496009070294784,0.17426971268784153,0.1841575812051139,2476.26908143806,2064.6715829295076,2276.645058695657,899.1035400767363,4362.709320568648,3833.4455823726867,-396.0777893066406,108.39710235595703,43.96180725097656,12.594426155090332,1.211841106414795,-1.6352522373199463,-3.931241035461426,-10.485503196716309,-0.22743166983127594,-13.555784225463867,-3.2734014987945557,3.892197847366333,-6.444205284118652,common_voice_ko_36802408.mp3,teens,male_masculine,0,1
5.796009070294785,0.147064453125,0.15870606351781447,2196.468108834656,1859.4326356159927,2164.5514165864556,801.6659863144291,3940.576171875,3631.599700271731,-403.8421325683594,115.4379653930664,38.86646270751953,12.956443786621094,3.976276397705078,1.8593324422836304,-7.57436990737915,-9.867992401123047,0.14223559200763702,-15.005816459655762,-0.24154675006866455,0.04315643385052681,-3.7255160808563232,common_voice_ko_36802409.mp3,teens,male_masculine,0,1
3.4560090702947845,0.19702312290268456,0.15858715281294639,2819.7601091687534,1866.1967622367176,2575.8439290188658,774.7623579721078,5291.24272493708,3619.33373125388,-389.2740783691406,92.6802978515625,32.81220626831055,14.544017791748047,-0.28230020403862,2.4575610160827637,-2.6619699001312256,-8.32229995727539,-5.563806056976318,-5.785367488861084,-1.60211181640625,0.484723299741745,-0.7178010940551758,common_voice_ko_36802412.mp3,teens,male_masculine,0,1
4.68,0.15426545095915842,0.15286905818339425,2265.1794207364455,1768.4539367917487,2283.2293084154967,823.707323000748,4224.1322130259905,3566.999207978129,-351.857177734375,111.73448944091797,32.86606216430664,15.697673797607422,1.1307883262634277,-0.19230031967163086,-4.940553665161133,-9.995466232299805,-5.608833312988281,-5.83401346206665,-5.013879299163818,-1.0465039014816284,-0.9744913578033447,common_voice_ko_36802422.mp3,teens,male_masculine,0,1
2.9160090702947845,0.19962565104166666,0.1731343856933354,2799.702372797989,1846.519040294562,2519.6303695324445,793.9673540359104,5269.22607421875,3626.90452721843,-384.389892578125,90.7254409790039,26.975339889526367,15.800169944763184,5.304742813110352,-1.410545825958252,-6.6794819831848145,-6.87352180480957,-3.652488946914673,-4.622676849365234,-2.6625466346740723,-1.1282356977462769,-0.7101244926452637,common_voice_ko_36802435.mp3,teens,male_masculine,0,1
5.508027210884354,0.13821026457457983,0.1443891909322453,2171.137302690172,1635.4637859628158,2249.0536093624523,653.8416163349416,3988.2568359375,3186.919891885784,-304.0673828125,107.31224060058594,24.064559936523438,18.231494903564453,4.089159965515137,-1.281684160232544,-9.424874305725098,-11.973470687866211,-3.887422561645508,-5.159080982208252,-3.769049882888794,0.6023143529891968,-0.6540303826332092,common_voice_ko_36802469.mp3,teens,male_masculine,0,1
6.2280272108843535,0.1615085530901487,0.14863300293203777,2372.5721582091496,1777.2870944978915,2320.6262683573145,782.6142233081553,4357.711939474907,3516.0726493103725,-334.6103820800781,104.3573226928711,30.026548385620117,18.24224281311035,2.66776442527771,-0.6382279992103577,-7.556972980499268,-9.670464515686035,-4.959339141845703,-5.746787071228027,-3.053637981414795,-2.243523120880127,-2.5872511863708496,common_voice_ko_36802470.mp3,teens,male_masculine,0,1
3.96,0.19188882035818713,0.16438630745766133,2680.748937832409,1889.899153098433,2405.1371100317992,732.8216249701093,4865.118729440789,3590.063513554494,-348.48651123046875,91.96780395507812,22.30160903930664,14.325669288635254,2.6550467014312744,-0.1343570351600647,-7.657796859741211,-9.801892280578613,-1.4223397970199585,-6.245018005371094,-2.0331122875213623,-0.33842459321022034,-1.7199901342391968,common_voice_ko_36802471.mp3,teens,male_masculine,0,1
5.4360090702947845,0.15703748337765958,0.1440461902140658,2360.046834898789,1663.6917161725721,2361.9185155907694,745.7217291099987,4478.952065325798,3332.843725389,-343.5032958984375,103.65911102294922,26.180919647216797,19.243343353271484,0.38715311884880066,-1.4281871318817139,-8.722003936767578,-8.43997573852539,-3.4768049716949463,-4.934017658233643,-2.5939979553222656,-0.9780073165893555,-2.5752172470092773,common_voice_ko_36802490.mp3,teens,male_masculine,0,1
5.508027210884354,0.1694623161764706,0.15690761367402403,2505.1181911011463,1808.6380737243833,2393.6614135104096,725.0666705373675,4639.319565716912,3393.5419667796214,-319.86541748046875,99.03809356689453,27.522993087768555,17.065492630004883,1.5942879915237427,-0.5035456418991089,-6.8402323722839355,-6.690214157104492,-2.739348888397217,-4.23082160949707,-2.800250768661499,-0.8244304656982422,-3.1272284984588623,common_voice_ko_36802505.mp3,teens,male_masculine,0,1
5.256009070294785,0.156706015969163,0.1513677218149198,2392.7182147727085,1730.6833260436053,2373.699921753417,773.9906752294297,4479.5702694796255,3493.902841463014,-326.2782287597656,97.26527404785156,28.14482307434082,21.305837631225586,3.173405170440674,-0.9183617234230042,-3.735121726989746,-7.881014823913574,-5.9610819816589355,-4.276641845703125,-4.000022888183594,-1.9968159198760986,-2.180713176727295,common_voice_ko_36802506.mp3,teens,male_masculine,0,1
6.516009070294785,0.1186905721752669,0.11288748950098525,2280.810753878966,1404.8293314976484,2159.4949737293628,701.4717555433366,4513.35171193839,2398.6025831104425,-374.7208557128906,69.9212875366211,0.8051879405975342,14.878544807434082,5.219972610473633,6.088649749755859,-20.21664047241211,-17.333890914916992,-18.59780502319336,-5.959514141082764,-9.6830415725708,-13.899371147155762,-13.173413276672363,common_voice_ko_39037996.mp3,twenties,female_feminine,1,0
4.14,0.12975733240223464,0.08600271203466851,2397.98438744864,1156.2163291452187,2307.1062645729803,622.9986114517895,4809.483021997206,2259.1274455026146,-402.1832275390625,72.05680084228516,-4.806696891784668,13.03915786743164,6.570747375488281,1.4933713674545288,-19.70905303955078,-12.867803573608398,-15.935216903686523,-5.19423246383667,-16.530235290527344,-13.9586820602417,-6.520968914031982,common_voice_ko_39038027.mp3,twenties,female_feminine,1,0
4.5,0.09381040592783506,0.047955990754967856,1951.8954950615432,819.7660495718046,2144.3318597916145,645.2767335225208,4100.576750765142,2021.8360106173723,-358.82135009765625,102.46417236328125,-9.199155807495117,9.191666603088379,-6.864475727081299,5.7758283615112305,-20.882152557373047,-10.261151313781738,-21.068099975585938,-4.280869483947754,-14.305025100708008,-17.0999755859375,-6.499213695526123,common_voice_ko_39038028.mp3,twenties,female_feminine,1,0
4.86,0.11785946800595239,0.08264471422182307,2358.2337174433237,1070.436007164179,2340.1641457156948,536.6738346329254,4548.47900390625,2094.0599426498134,-353.036376953125,75.62076568603516,-5.90608024597168,18.091825485229492,2.2452940940856934,1.2882413864135742,-20.426631927490234,-10.875831604003906,-11.595064163208008,-6.999808311462402,-15.274513244628906,-17.401737213134766,-3.670616865158081,common_voice_ko_39038046.mp3,twenties,female_feminine,1,0
3.852018140589569,0.12077313158885543,0.0867176508212103,2456.3261929317077,1135.0572156473447,2441.8351507204634,545.9195701610579,4974.818512330572,2109.0337066501975,-363.1883850097656,79.92737579345703,-1.938703179359436,12.68456745147705,1.1038473844528198,3.945742607116699,-18.63408851623535,-11.066951751708984,-14.275543212890625,-7.589134693145752,-12.346511840820312,-15.594273567199707,-3.820317029953003,common_voice_ko_39038047.mp3,twenties,female_feminine,1,0
2.34,0.15738126547029702,0.08013352330375265,2774.056730346415,1230.3991756236867,2514.8086793006873,621.2346225689422,5521.880801361386,2196.821260704031,-436.15814208984375,63.17390060424805,-9.863958358764648,12.355866432189941,8.175053596496582,5.109698295593262,-15.869665145874023,-11.225851058959961,-9.712165832519531,-8.1804838180542,-12.818236351013184,-12.832260131835938,-7.315940856933594,common_voice_ko_39038071.mp3,twenties,female_feminine,1,0
3.8160090702947844,0.11622869318181818,0.06344365794951595,2339.257520680952,937.8177862068011,2329.648289536349,526.6582549022354,4681.383611505682,2157.9853206816633,-377.55072021484375,78.26580047607422,-11.301227569580078,7.702239513397217,1.2574728727340698,3.2912817001342773,-19.18917465209961,-9.82178783416748,-15.051855087280273,-0.29127413034439087,-20.608362197875977,-14.462721824645996,-7.123499870300293,common_voice_ko_39038072.mp3,twenties,female_feminine,1,0
4.464036281179139,0.12807389491580312,0.0711764613410372,2485.6726157748903,983.715382188798,2452.211143208773,541.3624323185076,5153.520305416127,2168.548822009837,-376.04443359375,81.12335968017578,-10.446340560913086,3.4781417846679688,-2.740546226501465,3.6000559329986572,-27.1566219329834,-8.343006134033203,-13.755753517150879,-8.96942138671875,-8.053558349609375,-19.089895248413086,-4.767175674438477,common_voice_ko_39038093.mp3,twenties,female_feminine,1,0
2.7,0.16912476629273504,0.12326843573794018,2823.5814964877754,1423.2858076905566,2523.2704923355736,602.4786194057385,5531.456580528846,2321.3250043186977,-420.5673828125,54.55324935913086,2.6316051483154297,13.16259479522705,8.88904094696045,-0.401222288608551,-15.131170272827148,-10.241127014160156,-15.162368774414062,-6.47544527053833,-13.16748332977295,-11.975250244140625,-5.908916473388672,common_voice_ko_39038144.mp3,twenties,female_feminine,1,0
7.308027210884354,0.1460084945436508,0.10471571247512006,2690.6698189170406,1371.1691091132357,2422.2219183487664,560.7240081644419,5239.4384765625,2350.882219361602,-417.5708923339844,67.1803970336914,-1.3616327047348022,6.56983757019043,-3.4564785957336426,8.29513931274414,-28.521032333374023,-10.456921577453613,-14.318215370178223,-9.374664306640625,-12.761881828308105,-14.930757522583008,-6.4933390617370605,common_voice_ko_39038156.mp3,twenties,female_feminine,1,0
4.068027210884353,0.13017966530539773,0.0815837423742505,2428.8065993446257,1125.3070590911923,2366.3970770389046,538.8685719450983,4969.52070756392,2095.4178364257295,-371.1778259277344,75.76868438720703,-5.171045303344727,-1.1041144132614136,-4.402812957763672,8.925960540771484,-23.093120574951172,-14.985747337341309,-9.894148826599121,-3.509002923965454,-12.793496131896973,-15.059815406799316,-14.472911834716797,common_voice_ko_39038398.mp3,twenties,female_feminine,1,0
3.6360090702947847,0.14152381070859874,0.09388658992090519,2649.9920951414397,1084.2504658768785,2498.276391057715,511.58001800262895,5358.681609524284,2118.9425271971218,-381.9883728027344,58.0696907043457,-7.118546009063721,5.311894416809082,6.187839031219482,5.9762678146362305,-27.349777221679688,-12.078337669372559,-15.867964744567871,-4.786689281463623,-14.621832847595215,-12.709312438964844,-15.027496337890625,common_voice_ko_39038401.mp3,twenties,female_feminine,1,0
5.148027210884353,0.08341031461148649,0.050856633042927604,2055.6597987192285,1228.6487839163767,2344.741840465848,940.737821682228,4558.782794024493,3363.5864062331007,-425.61212158203125,118.085205078125,23.817106246948242,14.516399383544922,5.686731338500977,2.0181334018707275,10.753118515014648,-9.375767707824707,-3.616119146347046,-9.042340278625488,3.71174693107605,-0.231673926115036,1.7538611888885498,common_voice_ko_36438704.mp3,fourties,male_masculine,3,1
5.076009070294784,0.09954917594178082,0.05183339181021195,2329.8753372261676,1334.8938096444642,2543.7730805401766,1015.108736345852,5224.702349101028,3625.619346008361,-417.2823791503906,115.60746002197266,22.2867431640625,13.286759376525879,4.794333457946777,-4.909021854400635,14.963838577270508,-6.959224224090576,-2.9286038875579834,-8.228022575378418,2.947636365890503,0.6338187456130981,0.10686259716749191,common_voice_ko_36438706.mp3,fourties,male_masculine,3,1
4.536009070294784,0.09274852519132654,0.07139090404678848,1945.651292708691,1487.5248662134836,2251.5210660913776,1013.9925851139969,3936.95068359375,3693.892607804297,-349.05029296875,124.84781646728516,36.097007751464844,25.515104293823242,19.77195930480957,-13.419177055358887,-3.497819662094116,-10.101067543029785,2.0018258094787598,-6.652825355529785,-2.3354358673095703,-3.537158489227295,5.398163318634033,common_voice_ko_36438713.mp3,fourties,male_masculine,3,1
3.2760090702947844,0.12034413512323944,0.08152113301970469,2361.142438081521,1600.6232925576578,2494.839090367948,1120.659499911024,4935.501141615317,3961.882761169916,-388.18817138671875,113.94478607177734,33.61628723144531,19.713478088378906,8.700794219970703,-11.981884002685547,9.975089073181152,-5.012011528015137,-0.30583104491233826,-3.721047878265381,6.423543930053711,-0.7993584275245667,5.386610507965088,common_voice_ko_36438714.mp3,fourties,male_masculine,3,1
7.38,0.11719364190251573,0.08779070235566724,2122.8221754441397,1589.0500471281778,2328.4734236455856,978.453076536053,4110.471790241745,3791.634518639501,-387.6605529785156,119.84074401855469,45.59583282470703,20.10740089416504,5.1996378898620605,-9.989117622375488,2.933382511138916,-8.152681350708008,1.8269410133361816,-8.758214950561523,3.089684009552002,-0.517547070980072,1.989105224609375,common_voice_ko_36438715.mp3,fourties,male_masculine,3,1
6.12,0.1278353604403409,0.08252191236227767,2298.0419220039075,1579.5895695908484,2516.6261648319173,996.064412370034,4685.9594171697445,3895.5690063377247,-384.534423828125,112.74955749511719,40.958438873291016,19.851333618164062,8.291974067687988,-7.157928943634033,2.671081781387329,-9.239944458007812,3.782968282699585,-8.737005233764648,2.65340256690979,-0.2967207729816437,2.7642955780029297,common_voice_ko_36438716.mp3,fourties,male_masculine,3,1
5.328027210884354,0.09572860054347826,0.07828820057710381,2014.4199796836385,1540.0319126072066,2368.0329449221194,904.4546937028354,3845.034285835598,3818.355588254658,-386.14892578125,119.69593811035156,45.21088790893555,20.55860137939453,11.714433670043945,-4.764341354370117,5.1280317306518555,-7.8240580558776855,-0.183521568775177,-8.52214241027832,5.655053615570068,0.21252286434173584,0.6759870648384094,common_voice_ko_36438717.mp3,fourties,male_masculine,3,1
7.596009070294785,0.09180580697408537,0.056362730553485216,2048.803622047348,1181.186527906931,2448.6744947710595,788.3056043408408,4328.469253167874,3186.9795318012616,-407.1598815917969,113.78035736083984,27.60049057006836,20.15024757385254,10.928951263427734,-6.330019950866699,3.4114677906036377,-6.105464458465576,-1.5262812376022339,-8.689375877380371,1.7060792446136475,-2.8957455158233643,1.6265621185302734,common_voice_ko_36455824.mp3,fourties,male_masculine,3,1
6.516009070294785,0.13105051712633453,0.09539283583305957,2440.5230816022354,1470.6783100933678,2514.0011691564127,882.9492618242385,5027.696407223088,3329.4124889565687,-358.9161376953125,104.54972839355469,20.120100021362305,23.450153350830078,12.239554405212402,-1.9538296461105347,5.910392761230469,-12.247879028320312,-2.856741189956665,-8.921515464782715,4.901589393615723,1.1668599843978882,1.2238191366195679,common_voice_ko_36455825.mp3,fourties,male_masculine,3,1
8.208027210884353,0.1167530124470339,0.08681397549751521,2219.309988718736,1280.6102162509524,2522.0985443268582,717.7681051441645,4637.150961665784,3150.8337199199427,-345.2344055175781,106.36780548095703,23.763534545898438,24.16524314880371,14.309245109558105,0.028811870142817497,6.468472957611084,-10.098564147949219,-1.7654750347137451,-12.108926773071289,0.306638240814209,-0.6670246124267578,2.38594126701355,common_voice_ko_36455828.mp3,fourties,male_masculine,3,1
4.716009070294785,0.12518669577205882,0.06812754561327608,2650.914027569392,1319.022929950326,2826.8223300825744,764.7403510609057,5827.053653492647,3400.6469041162914,-353.8102111816406,93.45406341552734,24.14740753173828,22.48040199279785,20.163742065429688,-0.2558254897594452,5.04109001159668,-9.768178939819336,2.7296743392944336,-7.454944133758545,2.3344240188598633,-1.475795030593872,3.3156232833862305,common_voice_ko_36455842.mp3,fourties,male_masculine,3,1
3.708027210884354,0.1262542724609375,0.0792414922230541,2521.2822919348796,1414.4412508919897,2710.6493011875755,813.7066948141812,5372.937927246094,3511.49121780344,-338.77862548828125,101.6725082397461,25.599990844726562,17.09246253967285,15.711206436157227,2.491297721862793,6.820687294006348,-8.82886028289795,0.6887315511703491,-8.965319633483887,5.641399383544922,0.38445019721984863,2.1444168090820312,common_voice_ko_36455843.mp3,fourties,male_masculine,3,1
5.508027210884354,0.07688378085609243,0.07526237983009777,1382.842468323523,1152.494289822182,1512.038101590988,973.6329008755168,2704.0455537683824,2338.986788212638,-418.55828857421875,156.7218017578125,9.799599647521973,8.904035568237305,1.4715907573699951,-9.355589866638184,-0.1655556857585907,-5.221259117126465,-6.3050055503845215,-4.493895053863525,-2.541790246963501,-2.4108197689056396,-5.978316783905029,common_voice_ko_37597007.mp3,twenties,male_masculine,1,1
5.796009070294785,0.079529296875,0.07488847168744271,1516.9748314351277,1226.5059634405943,1613.9392643278595,954.3439627594671,2952.41748046875,2442.148994743083,-402.99749755859375,142.3284149169922,4.559627532958984,11.310511589050293,2.0067224502563477,-9.426823616027832,-2.537813663482666,-7.873695373535156,-2.8522095680236816,-6.645143032073975,-5.281466960906982,0.9631778597831726,-7.079633712768555,common_voice_ko_37597008.mp3,twenties,male_masculine,1,1
6.48,0.06739327566964286,0.053281146437569246,1290.2808134407303,903.5269888632944,1511.0240585201136,887.9106276903246,2535.7269287109375,1994.959412923828,-436.97784423828125,148.45716857910156,8.659905433654785,11.192090034484863,-1.8559306859970093,-7.800717830657959,0.826735258102417,-9.810721397399902,-4.892756938934326,-4.208423137664795,-2.4559013843536377,1.0021005868911743,-6.36602783203125,common_voice_ko_37597009.mp3,twenties,male_masculine,1,1
6.696009070294784,0.06339884299307959,0.06123406223670417,1235.6914223996832,1056.7005327970355,1400.1589854281465,875.2431700965013,2342.4250513624565,2160.4141251839633,-418.388671875,163.78663635253906,7.487453460693359,9.907878875732422,-4.978240966796875,-9.584451675415039,5.3746657371521,-6.245694160461426,-6.1990437507629395,-4.444690704345703,-1.9356549978256226,2.0332748889923096,-3.973747730255127,common_voice_ko_37597011.mp3,twenties,male_masculine,1,1
4.248027210884354,0.07227362961065574,0.056928507354963395,1399.3020088688952,983.7603288993398,1629.7934896069721,884.1485833461971,2715.0662781762294,2071.163911302225,-432.27716064453125,140.64955139160156,8.27985954284668,13.34674072265625,1.1335699558258057,-8.157449722290039,1.8724123239517212,-6.216818332672119,-4.511405944824219,-5.893539905548096,-3.134089231491089,-2.1221327781677246,-7.375894069671631,common_voice_ko_37597013.mp3,twenties,male_masculine,1,1
4.68,0.08476755878712872,0.07671968882648882,1493.112636277688,1182.416073601655,1581.1736918879378,928.4653074301004,2877.4009175819924,2333.5768488166636,-427.2287292480469,146.3957061767578,5.604515075683594,8.153962135314941,0.8070545792579651,-6.359472274780273,1.0804868936538696,-7.8140387535095215,-7.151500225067139,-2.2214372158050537,-1.0772523880004883,-1.0870338678359985,-4.745303153991699,common_voice_ko_37597038.mp3,twenties,male_masculine,1,1
5.58,0.06956690871369295,0.060262871115765816,1316.6309587033384,976.4749178051289,1535.6103927408606,950.6664574754122,2568.0801834802905,2113.8084912133245,-421.9941711425781,158.0781707763672,8.014764785766602,9.425116539001465,-2.308885335922241,-10.800943374633789,1.6844674348831177,-5.851970195770264,-5.17225456237793,-2.6677114963531494,-2.280136823654175,1.0656535625457764,-4.08023738861084,common_voice_ko_37597039.mp3,twenties,male_masculine,1,1
4.248027210884354,0.09477992657103824,0.07922509128031208,1695.6024672378269,1218.9843744463005,1890.4354798253555,962.9070210624687,3393.7151799436474,2480.941726380362,-479.0391845703125,125.46452331542969,13.287734031677246,11.169644355773926,3.929443597793579,-3.9527063369750977,-2.2518041133880615,-4.522220611572266,-1.78859543800354,-5.7494425773620605,-2.231086492538452,-0.6591219902038574,-6.1748366355896,common_voice_ko_37597040.mp3,twenties,male_masculine,1,1
4.68,0.07535243270420793,0.05655474897228873,1421.7665821352664,1102.574119370919,1573.8656868236646,932.5295404667778,2778.2096031868814,2315.12965544466,-400.8421936035156,147.7646026611328,7.08514404296875,12.889459609985352,2.282848596572876,-8.529993057250977,-1.1531115770339966,-7.952212333679199,-5.935262680053711,-4.375409126281738,-1.3562660217285156,-0.2101452499628067,-4.9590582847595215,common_voice_ko_37597042.mp3,twenties,male_masculine,1,1
5.868027210884354,0.08547237833498024,0.07757204665618812,1424.0279169606868,1122.6036169585834,1534.845013896626,931.5910659441575,2776.2511965785575,2238.458253416587,-422.33929443359375,145.33108520507812,9.751996040344238,14.999917984008789,2.890425205230713,-8.815342903137207,-2.075188159942627,-7.179427146911621,-5.517071723937988,-6.789672374725342,-1.5839645862579346,1.4520142078399658,-5.020455837249756,common_voice_ko_37597043.mp3,twenties,male_masculine,1,1
4.608027210884353,0.0697947746545226,0.05447644121273132,1371.6279954116442,998.7688315496522,1542.8896626749756,915.5660127613847,2652.1007135285804,2150.733119510027,-416.21234130859375,159.53904724121094,-0.2799447178840637,9.643365859985352,4.737699031829834,-6.9915080070495605,1.2963594198226929,-7.2760701179504395,-5.216603755950928,-1.797835350036621,-0.9178496599197388,0.044113196432590485,-4.720362663269043,common_voice_ko_37597064.mp3,twenties,male_masculine,1,1
2.7,0.09607872596153846,0.05518113190509882,1921.0504806511028,1006.7349067066598,2249.551270696862,796.1531227030571,3961.097130408654,2062.210382312726,-508.635986328125,89.81915283203125,15.22559642791748,10.652870178222656,1.8833576440811157,-1.9278382062911987,-1.6517304182052612,-3.647428035736084,-1.0919287204742432,-4.662430763244629,-3.7632243633270264,-2.2000484466552734,-3.849409580230713,common_voice_ko_37597065.mp3,twenties,male_masculine,1,1
5.508027210884354,0.07804703912815127,0.045434966495637046,1426.8738172734816,945.3108492679816,1603.5869809577184,930.0142687156659,2825.5995806525734,2148.8378577787944,-413.9815979003906,155.20053100585938,-2.7462172508239746,6.918797492980957,-2.208899974822998,-5.508550643920898,6.5568742752075195,-10.128494262695312,-5.9080281257629395,-4.622429370880127,-1.5292922258377075,5.356945991516113,-3.1165149211883545,common_voice_ko_37597066.mp3,twenties,male_masculine,1,1
6.696009070294784,0.05933039576124567,0.04127745695005315,1172.7332888536823,846.810590384216,1379.9044699502651,846.536276933005,2343.5799463397493,1844.674762027272,-401.32666015625,151.55516052246094,5.970164775848389,12.375174522399902,9.648351669311523,-11.422880172729492,-5.129739284515381,-6.836359024047852,-6.94345235824585,-1.9136415719985962,-2.763160467147827,-3.3658933639526367,-3.0421082973480225,common_voice_ko_37597067.mp3,twenties,male_masculine,1,1
7.8120181405895694,0.1434938334569733,0.09433416716942156,2573.9471964600616,1195.2009832413423,2555.8556580414797,533.9127384445457,5184.358265138168,2505.603681893681,-396.25152587890625,68.4581527709961,8.217310905456543,2.700582981109619,-0.8741620182991028,-3.2620596885681152,-18.932767868041992,-21.31411361694336,-12.97780990600586,-0.9992650151252747,-21.378183364868164,-3.5046865940093994,-6.605715274810791,common_voice_ko_39081988.mp3,twenties,female_feminine,1,0
4.824036281179138,0.18833101712740385,0.08626413971024588,3122.322567012005,1198.9351065183375,2772.32656565916,457.55702902860673,6308.503840519832,2020.6294899147629,-463.2896728515625,53.543766021728516,3.0844316482543945,0.6102386116981506,-0.29494601488113403,-2.7940900325775146,-14.948545455932617,-13.744278907775879,-7.1725897789001465,-3.1926684379577637,-17.882579803466797,-1.407688021659851,-9.32117748260498,common_voice_ko_39082012.mp3,twenties,female_feminine,1,0
5.076009070294784,0.1600915917522831,0.10201904011175243,2784.426722304819,1351.1335841819503,2631.66315308497,593.3904577887716,5609.153601241438,2695.0759119626096,-491.5784912109375,65.49716186523438,11.923081398010254,11.46534538269043,1.3289721012115479,-5.46351432800293,-17.958932876586914,-18.938405990600586,-9.912982940673828,-7.7353739738464355,-20.56342124938965,-3.3948140144348145,-8.14738941192627,common_voice_ko_39082018.mp3,twenties,female_feminine,1,0
6.7680272108843536,0.14583389073202055,0.08954254415397767,2715.440475984616,1181.4845402714482,2580.4513961991884,517.6021351061967,5364.348612746147,2252.024423284333,-418.0328674316406,61.476436614990234,7.017905235290527,8.96471118927002,3.974123239517212,-3.638751745223999,-20.802509307861328,-20.932186126708984,-9.025257110595703,-6.5416059494018555,-22.292573928833008,-3.1123292446136475,-7.292270660400391,common_voice_ko_39082021.mp3,twenties,female_feminine,1,0
6.156009070294784,0.12193263921522557,0.06962890427651205,2296.719817693385,936.031513842672,2405.5888661880613,486.70763572295084,4482.0633737664475,2130.759133087089,-401.2851257324219,81.139404296875,1.0291225910186768,4.817866802215576,0.7922801971435547,-11.679375648498535,-17.256933212280273,-19.631855010986328,-14.025341033935547,-3.0086138248443604,-20.99154281616211,-2.49029803276062,-7.075354099273682,common_voice_ko_39082116.mp3,twenties,female_feminine,1,0
4.032018140589569,0.12742176275143677,0.09028858302188253,2439.9199162454574,1177.7928137507536,2510.5649462195865,505.6653498633955,4894.843581627155,2423.030421259566,-391.2164001464844,65.51508331298828,9.494163513183594,6.917739391326904,4.76573371887207,-4.780509948730469,-22.347871780395508,-16.94144630432129,-12.951367378234863,-6.176881313323975,-19.015134811401367,-2.8958802223205566,-5.547444820404053,common_voice_ko_39082133.mp3,twenties,female_feminine,1,0
3.9960090702947846,0.14299020050578035,0.09067100120885065,2586.8143291980173,1247.7197948501434,2404.756229106216,526.8062920387945,4825.304540733381,2283.697106746187,-409.10491943359375,74.9225845336914,-4.4237518310546875,-3.5655736923217773,1.3166983127593994,5.765042304992676,-21.62624740600586,-17.525678634643555,-11.405770301818848,-2.3940372467041016,-23.673723220825195,-3.023167610168457,-2.771840810775757,common_voice_ko_39082224.mp3,twenties,female_feminine,1,0
4.86,0.12808779761904762,0.07455636758802761,2381.642574885492,1007.0130291436805,2462.1843968839617,485.2377500696144,4814.15771484375,2245.856481700144,-405.6740417480469,83.47393798828125,2.1000092029571533,-3.3141753673553467,1.4762663841247559,1.6018426418304443,-19.379594802856445,-21.833797454833984,-14.978771209716797,-0.6175122857093811,-24.115110397338867,-1.694778323173523,-2.8817193508148193,common_voice_ko_39082226.mp3,twenties,female_feminine,1,0
3.2040362811791385,0.1712911854619565,0.08558287818010378,2897.2944344304556,1106.1890603864765,2769.6657297227553,506.99330930197436,5948.391325577446,2290.3434232531154,-508.8597106933594,64.16654968261719,10.296000480651855,1.3751280307769775,5.25467586517334,-2.0731377601623535,-9.682716369628906,-14.857173919677734,-12.674590110778809,-3.5045077800750732,-17.76639747619629,-3.771547555923462,-5.675655364990234,common_voice_ko_39082264.mp3,twenties,female_feminine,1,0
5.652018140589569,0.1276335169057377,0.0952092928499861,2355.5405147632155,1089.8770356395705,2396.2303553321017,470.33085373087624,4649.009729604252,2100.8788487819033,-398.87384033203125,80.2532730102539,-0.06149366870522499,-5.044532775878906,-2.361161470413208,4.092657089233398,-20.638532638549805,-20.162334442138672,-11.530412673950195,-4.929101943969727,-17.86250114440918,-2.8759307861328125,-5.673948764801025,common_voice_ko_39082311.mp3,twenties,female_feminine,1,0
5.76,0.14245066202309237,0.07771927624199969,2649.943420132972,1042.1871368216944,2591.902317619607,538.869331701447,5392.164850809488,2190.8746495800433,-455.763427734375,69.62825012207031,2.1408958435058594,5.994335651397705,3.3317694664001465,3.1473634243011475,-19.669584274291992,-24.515823364257812,-10.055205345153809,-4.960476875305176,-17.201780319213867,-1.2285069227218628,-7.272626876831055,common_voice_ko_39082338.mp3,twenties,female_feminine,1,0
6.2280272108843535,0.14295023524628253,0.08824599676597461,2598.608271500861,1191.1104471177973,2523.1301202493128,564.902809045331,5119.058760745818,2408.58378777516,-415.3984680175781,75.5993423461914,8.069779396057129,0.1025886982679367,-0.8251488208770752,1.4211710691452026,-19.062597274780273,-21.891408920288086,-13.919005393981934,1.5096158981323242,-22.637203216552734,-1.1704986095428467,-6.08323335647583,common_voice_ko_39082343.mp3,twenties,female_feminine,1,0
3.24,0.12381417410714286,0.06186002714907847,2493.563927793033,856.2231676597193,2602.799463334901,457.82060457274906,5295.091552734375,1935.6810163786595,-426.1716613769531,72.55793762207031,6.039791584014893,4.4859490394592285,3.0008387565612793,-3.567440986633301,-17.65833854675293,-21.326025009155273,-12.100276947021484,-0.4700842797756195,-20.37647247314453,0.9765666127204895,-8.00062370300293,common_voice_ko_39082449.mp3,twenties,female_feminine,1,0
6.588027210884354,0.13146456866197184,0.07137651486976941,2434.100941485435,986.6729723451047,2487.0323464816624,535.8054997438634,4848.458475462148,2330.381961736593,-502.0735168457031,69.134521484375,7.448260307312012,7.12300968170166,3.3064608573913574,-6.6118574142456055,-18.296104431152344,-22.990346908569336,-9.550314903259277,-3.3046295642852783,-14.163567543029785,-4.851492404937744,-9.895023345947266,common_voice_ko_39082487.mp3,twenties,female_feminine,1,0
5.4360090702947845,0.14186751994680852,0.11893981373224427,2222.6787778852786,1442.2293941022267,2141.529987333547,781.9481825848957,4284.374376662234,2866.225220034258,-532.2371826171875,101.25021362304688,13.46619701385498,14.339755058288574,-10.930747032165527,-9.478154182434082,-20.22433853149414,-14.291857719421387,-11.782519340515137,-15.838659286499023,-10.151832580566406,-3.78375244140625,-18.697053909301758,common_voice_ko_40620768.mp3,twenties,female_feminine,1,0
7.488027210884353,0.13416245404411764,0.10528860549186636,2329.8508147375746,1411.671864063489,2226.0343635565396,722.0735127910485,4487.406198601973,2682.7419480684284,-522.768310546875,90.4556655883789,7.708364486694336,24.61724281311035,-4.840437412261963,-14.3818359375,-18.096078872680664,-6.88748836517334,-11.503798484802246,-11.607575416564941,-9.092177391052246,-11.857757568359375,-21.636537551879883,common_voice_ko_40620769.mp3,twenties,female_feminine,1,0
2.6640362811791385,0.20591881793478262,0.11998116407290722,3048.1741254797703,1458.0104798873813,2531.5023654273346,572.9091011520255,5874.63230298913,2320.97927275341,-573.156005859375,52.108497619628906,25.74250602722168,36.383277893066406,-9.487832069396973,0.13482871651649475,-13.019054412841797,-13.166707992553711,-12.70290756225586,-12.008399963378906,-3.4999303817749023,-9.346224784851074,-20.32554054260254,common_voice_ko_40620778.mp3,twenties,female_feminine,1,0
3.0240362811791384,0.1626162929389313,0.10155619925218229,2645.7397225211525,1333.122674306815,2389.653992840565,663.6382362025768,5142.490532562023,2511.2114557926343,-551.2843017578125,77.72162628173828,17.22075080871582,28.65363311767578,-20.228221893310547,-12.550638198852539,-3.031381368637085,-11.51590347290039,-20.927165985107422,-19.269121170043945,-9.070395469665527,-2.341038942337036,-18.060434341430664,common_voice_ko_40620801.mp3,twenties,female_feminine,1,0
2.088027210884354,0.18223198784722222,0.0923758354018594,2861.5771234741387,1064.2690067302374,2586.1772921920706,501.06317807404565,5784.89501953125,1935.4867216723112,-561.775390625,60.00497055053711,9.697062492370605,23.123979568481445,-5.626794815063477,-5.15408992767334,-4.53500509262085,-14.909153938293457,-14.206536293029785,-15.00860595703125,-5.898845195770264,-9.224364280700684,-15.356396675109863,common_voice_ko_40620807.mp3,twenties,female_feminine,1,0
2.3760090702947845,0.16923448877427186,0.09804247136304031,2728.9329151266106,1328.6624551120462,2545.6040071629013,641.4470852237246,5487.935423619539,2599.4955664291338,-576.3880004882812,70.4962387084961,15.359559059143066,26.727317810058594,0.3788377642631531,-1.873494029045105,-14.890547752380371,-11.514404296875,-12.870308876037598,-7.026348114013672,-10.005958557128906,-5.320153713226318,-18.403024673461914,common_voice_ko_40620812.mp3,twenties,female_feminine,1,0
5.976009070294785,0.13268380571705427,0.09135064591199556,2302.1173805349495,1276.3060200882305,2183.7682756349204,662.787742748981,4418.56320403343,2536.5302732290634,-495.1591491699219,90.19888305664062,4.43304967880249,29.161874771118164,-3.306806802749634,-15.220555305480957,-16.873842239379883,-17.585142135620117,-17.358844757080078,-3.144094944000244,-5.790628433227539,-10.65836238861084,-23.22280502319336,common_voice_ko_40620813.mp3,twenties,female_feminine,1,0
5.364036281179138,0.1538885708512931,0.13086611200155657,2523.716992159069,1530.8158102698783,2230.910059058637,641.742017424907,4690.2008056640625,2624.2726800982005,-504.88934326171875,70.87108612060547,16.602401733398438,38.2520637512207,-0.6607560515403748,-12.488151550292969,-24.44042205810547,-12.460341453552246,-21.302661895751953,-9.99589729309082,-11.454670906066895,-3.5543339252471924,-14.72186279296875,common_voice_ko_40620847.mp3,twenties,female_feminine,1,0
2.34,0.18498607673267325,0.08141580954485278,3000.4428910597753,1165.9867106544004,2617.5296863923195,495.41702325851355,6085.6882831837875,1861.5487663057254,-556.1044921875,61.83313751220703,3.0691404342651367,24.910707473754883,-7.733040809631348,1.9515279531478882,-11.112775802612305,-18.501327514648438,-14.282496452331543,-6.767994403839111,-15.082018852233887,-5.118587493896484,-21.35863494873047,common_voice_ko_40620849.mp3,twenties,female_feminine,1,0
5.04,0.11960202838302753,0.08982374360014692,2245.185900816712,954.658542363619,2456.0542207172716,457.3175715510552,4855.638528526376,1927.988557338271,-353.9043273925781,80.5867919921875,14.886898040771484,24.086692810058594,3.6902236938476562,3.8450729846954346,-16.91230583190918,5.775284767150879,-7.415168762207031,-15.221668243408203,2.4817252159118652,-6.644601345062256,-4.463138103485107,common_voice_ko_36800748.mp3,twenties,male_masculine,1,1
5.22,0.1629123263888889,0.13615585681567954,2498.6602233322305,1222.3578766893736,2537.5361386244253,525.8629745914975,5160.7431640625,2430.6917823125436,-390.7595520019531,68.093017578125,11.911253929138184,15.241250038146973,7.72178840637207,8.620875358581543,-13.276204109191895,1.1323859691619873,-4.3485331535339355,-12.62442684173584,-0.9313362836837769,-0.7518131732940674,-3.1284947395324707,common_voice_ko_36800749.mp3,twenties,male_masculine,1,1
5.616009070294784,0.18752017691115702,0.1511723144688339,2807.3827237459996,1467.5310369883716,2469.000415058852,486.71434299411817,5481.089997094525,2316.070757067495,-413.8749084472656,59.20683670043945,5.271792888641357,20.256206512451172,7.501608371734619,7.63577127456665,-14.102761268615723,2.2454357147216797,-6.819555759429932,-9.606425285339355,1.795446753501892,-2.0708820819854736,-3.1962296962738037,common_voice_ko_36800750.mp3,twenties,male_masculine,1,1
8.64,0.14570679038203754,0.12465256906742049,2444.6246699991016,1119.7500900763941,2478.7255095560627,436.8760890861951,5214.325752974196,1987.599902637148,-385.04156494140625,72.10575866699219,15.446026802062988,25.808053970336914,7.2170586585998535,8.675254821777344,-19.53887367248535,5.129395961761475,-7.32186222076416,-15.61437702178955,1.891628384590149,-5.204131603240967,-4.481566429138184,common_voice_ko_36800751.mp3,twenties,male_masculine,1,1
7.596009070294785,0.11248630430640244,0.0839074773107923,2045.3843496449394,916.1266093527817,2353.42308670756,476.9635756933531,4365.528683546113,2019.6956790301938,-375.6852722167969,85.29889678955078,17.823123931884766,21.661088943481445,3.9940783977508545,3.3033196926116943,-13.298348426818848,3.437784433364868,-9.776335716247559,-14.39443302154541,1.4277889728546143,-6.433633327484131,-2.1520259380340576,common_voice_ko_36800752.mp3,twenties,male_masculine,1,1
5.22,0.13203993055555555,0.1046952163048416,2322.950529526958,1140.5008894811665,2379.1315859297943,535.5566364335124,4840.8076171875,2225.24599423641,-370.89508056640625,77.18728637695312,10.333025932312012,22.227182388305664,5.312330722808838,8.855605125427246,-18.966310501098633,-0.5275958180427551,-5.087734222412109,-16.035743713378906,3.230748176574707,-3.2588868141174316,-7.8079447746276855,common_voice_ko_36800753.mp3,twenties,male_masculine,1,1
6.588027210884354,0.11719781580105634,0.10098489142276018,2145.5164780415166,941.7323270638192,2427.5992950754476,460.2536801558299,4697.346947898327,2030.7209213710344,-356.8974914550781,78.47502899169922,18.236007690429688,30.687286376953125,10.824370384216309,6.350890159606934,-17.067270278930664,5.498395919799805,-8.119001388549805,-18.446943283081055,1.2562423944473267,-9.099892616271973,-3.551187753677368,common_voice_ko_36800754.mp3,twenties,male_masculine,1,1
6.12,0.12861956972064395,0.11256363958487955,2215.885603749008,1195.2072251475379,2306.0754384169404,516.5414751171631,4495.7494562322445,2255.6474989288304,-386.35906982421875,79.58467864990234,11.381229400634766,29.3773193359375,10.970142364501953,4.398466110229492,-18.786279678344727,0.21417270600795746,-6.799227714538574,-14.847677230834961,-1.3612951040267944,-6.881586074829102,-3.3759095668792725,common_voice_ko_36800756.mp3,twenties,male_masculine,1,1
2.88,0.16583203125,0.12206886974147396,2680.166394137365,1197.9212938908197,2588.2184311424035,594.2482766107694,5523.6111328125,2477.9625517915338,-416.5117492675781,48.89156723022461,12.586421012878418,11.096404075622559,-0.08652575314044952,1.7040549516677856,-11.69089126586914,0.8652587532997131,-2.457498550415039,-7.195057392120361,0.38726165890693665,-1.5134021043777466,-0.6010726094245911,common_voice_ko_36800757.mp3,twenties,male_masculine,1,1
4.536009070294784,0.08408153300382654,0.08826015055472194,1821.6262520656103,1022.1615843713791,2245.231046468519,568.9257549863105,3764.794921875,2389.2425040175067,-397.9786071777344,100.19037628173828,21.05672836303711,25.341135025024414,8.228362083435059,1.5629578828811646,-19.087890625,3.727170467376709,-8.655344009399414,-14.549251556396484,-0.35082361102104187,-6.687190055847168,-3.611452579498291,common_voice_ko_36800759.mp3,twenties,male_masculine,1,1
3.6360090702947847,0.18078535529458598,0.1476480991663367,2698.1291137414605,1270.2461681929565,2540.04146185243,632.6889253113114,5581.419965416003,2451.4797593711023,-460.4173889160156,61.28317642211914,1.4677706956863403,12.252806663513184,-2.163541555404663,5.658031940460205,-11.709102630615234,0.9253823757171631,-2.624406337738037,-9.193284034729004,5.39093542098999,-4.139120578765869,-3.4751360416412354,common_voice_ko_36800760.mp3,twenties,male_masculine,1,1
4.536009070294784,0.13141491948341838,0.11393426774457417,2221.4578224496568,1133.513957794099,2326.4688307177876,558.4023605181915,4632.989501953125,2193.2420566651945,-391.3612060546875,80.36224365234375,9.404800415039062,21.892148971557617,3.463435649871826,4.864025592803955,-16.565217971801758,3.2178351879119873,-6.111802577972412,-16.235654830932617,0.8812770247459412,-3.846888542175293,-4.019765853881836,common_voice_ko_36800761.mp3,twenties,male_masculine,1,1
7.416009070294785,0.10614776611328125,0.10021986101771081,2099.596793992994,1030.1167448511173,2322.0885369418197,492.2323627502267,4487.822341918945,2035.1076748279716,-378.577392578125,86.2232666015625,16.693958282470703,28.892131805419922,6.072456359863281,1.4269006252288818,-16.24159049987793,5.6846184730529785,-8.216259956359863,-18.334453582763672,0.3869359493255615,-6.560751438140869,-3.679469347000122,common_voice_ko_36800762.mp3,twenties,male_masculine,1,1
5.22,0.15399956597222222,0.12291875969876218,2314.2125575640566,1166.1818388264637,2374.5379680123883,566.3447360841966,4723.1884765625,2424.6057601269977,-364.0806884765625,79.36363220214844,13.435552597045898,10.542243957519531,-3.659940004348755,0.20354613661766052,-15.391544342041016,1.1864804029464722,-3.827728509902954,-11.784127235412598,3.370063543319702,-5.394251346588135,-3.0360424518585205,common_voice_ko_36800763.mp3,twenties,male_masculine,1,1
4.716009070294785,0.16630284926470587,0.13510192818733985,2377.501489899271,1282.1502862026866,2337.10559488286,612.0158175084542,4764.748965992647,2501.822697423291,-391.5542907714844,75.3944091796875,10.448112487792969,24.795913696289062,3.9582459926605225,1.0706669092178345,-18.526451110839844,1.614099383354187,-7.85207462310791,-13.050555229187012,1.828244924545288,-6.614320278167725,-4.506175994873047,common_voice_ko_36800764.mp3,twenties,male_masculine,1,1
6.2280272108843535,0.12395809131040893,0.11176331842511637,2090.9028618888374,1182.3533582398122,2209.3107716041072,646.8104365422403,4319.648600865474,2427.6330278854034,-380.2075500488281,90.14612579345703,10.892995834350586,25.195068359375,5.70552921295166,-0.04792541638016701,-19.05550193786621,4.626061916351318,-8.37618350982666,-15.61198902130127,1.7730376720428467,-3.5674080848693848,-3.0021865367889404,common_voice_ko_36800765.mp3,twenties,male_masculine,1,1
3.8160090702947844,0.13760949337121212,0.12869057962854602,1974.1134076352541,1534.8891268926786,1900.824250472396,1038.3667009520432,3987.94921875,3267.243692243477,-507.4895935058594,98.21397399902344,-0.30732712149620056,14.808540344238281,-11.307859420776367,-8.626232147216797,8.98681640625,-10.726218223571777,-0.20722679793834686,5.489174842834473,-10.29397201538086,2.6535019874572754,4.798915386199951,common_voice_ko_38383607.mp3,twenties,male_masculine,1,1
7.236009070294784,0.1255195813301282,0.11194422859103137,1806.5341918715362,1453.7583405359749,1589.3044428871412,922.4219439754766,3429.3351393479566,2839.616611336218,-356.3197326660156,104.69327545166016,5.591216087341309,34.34343719482422,-11.53394603729248,-11.407116889953613,-3.9306883811950684,-11.83912181854248,-9.0520658493042,2.857431650161743,-14.45865249633789,-0.8570981025695801,3.9798548221588135,common_voice_ko_38383609.mp3,twenties,male_masculine,1,1
9.036009070294785,0.15017528044871795,0.14015707681427925,2002.5412066560066,1678.7754703659284,1760.0017005259638,1068.3058531726904,3807.760479266827,3334.9119028813384,-425.2406921386719,95.17024993896484,11.333300590515137,15.494157791137695,-10.130306243896484,-7.8834991455078125,-3.2938830852508545,-5.710409164428711,-4.375879764556885,0.6722721457481384,-12.595696449279785,1.1236377954483032,5.869542598724365,common_voice_ko_38383612.mp3,twenties,male_masculine,1,1
9.576009070294784,0.11473663551755447,0.10213081348027694,1691.2030394417159,1383.9776768203935,1682.6222931443708,1005.2223492313022,3309.8045219809323,2918.4234368479138,-416.35479736328125,94.83155059814453,8.387810707092285,21.486839294433594,-6.3859968185424805,-6.2416205406188965,-5.316943168640137,-9.413755416870117,-4.926673889160156,-1.2508231401443481,-12.951249122619629,0.9931206107139587,6.437283515930176,common_voice_ko_38383613.mp3,twenties,male_masculine,1,1
7.236009070294784,0.09904284354967949,0.0899679967976766,1533.0392168762487,1265.34380046661,1575.4743176988725,987.761541234209,3007.091111403245,2711.8691703679556,-402.9828186035156,108.27201080322266,2.24606990814209,19.188438415527344,-3.5744001865386963,-10.216941833496094,-5.361754417419434,-7.208267688751221,-4.709949016571045,-1.91102135181427,-14.762582778930664,1.0072919130325317,7.88447904586792,common_voice_ko_38383614.mp3,twenties,male_masculine,1,1
6.048027210884354,0.10152321300287356,0.09858635227950646,1503.6820229258985,1288.6731851029367,1527.8259894635378,881.6748993725289,2924.5142443426726,2586.7742916751467,-418.5185852050781,101.51571655273438,2.1123266220092773,29.390371322631836,5.002250671386719,-8.150517463684082,-8.772539138793945,-11.878149032592773,-7.923609256744385,-1.7241449356079102,-15.36882209777832,-1.5670487880706787,4.681485176086426,common_voice_ko_38383615.mp3,twenties,male_masculine,1,1
5.076009070294784,0.10875517265981735,0.08520523371749694,1664.1432885725942,1284.891321466584,1870.571214177566,1010.7000393966495,3355.7874705693494,2948.6182148797857,-494.3526611328125,74.0271987915039,4.574509143829346,7.198502063751221,1.0095998048782349,0.26116079092025757,-2.2345049381256104,-5.52496862411499,-4.6397833824157715,-1.1089808940887451,-8.482501983642578,0.29065656661987305,4.262409210205078,common_voice_ko_38383618.mp3,twenties,male_masculine,1,1
6.66,0.08694979039634146,0.09365992572361505,1371.0513479852273,1275.9143995797067,1403.0688990966617,948.2652819316351,2594.1507479039633,2682.198132459311,-428.8011474609375,104.56895446777344,15.128496170043945,19.302053451538086,-3.4228081703186035,-11.828822135925293,-4.701761245727539,-8.109830856323242,-7.567502975463867,-1.3523601293563843,-11.896068572998047,-2.1052887439727783,5.82604455947876,common_voice_ko_38383619.mp3,twenties,male_masculine,1,1
5.256009070294785,0.14762011288546256,0.11863313738984431,2122.7361653669045,1582.555923438557,2067.273425119292,1134.5296827857014,4438.25877185435,3334.9054019002338,-478.567626953125,79.11954498291016,0.22723045945167542,20.255050659179688,0.5334703922271729,-7.113198280334473,-4.8897247314453125,-7.566777229309082,-3.1587674617767334,0.16463138163089752,-12.084039688110352,0.38422447443008423,4.1719231605529785,common_voice_ko_38383620.mp3,twenties,male_masculine,1,1
3.708027210884354,0.1364715576171875,0.12334779542343166,1918.0705200706077,1513.9030250935605,1852.0570104992614,924.4089276977643,3750.545654296875,3027.950737195044,-459.7144470214844,65.89311218261719,6.0883965492248535,30.273645401000977,8.275552749633789,4.844727516174316,-4.3357648849487305,-7.5187811851501465,-3.9465434551239014,1.1349209547042847,-7.655901908874512,0.492983877658844,-0.0501813068985939,common_voice_ko_38383622.mp3,twenties,male_masculine,1,1
4.86,0.20951915922619047,0.1415811883018132,2768.6842476751335,1791.167781991991,2080.1049035665114,1144.959416885051,5260.81787109375,3483.922516159139,-418.5861511230469,73.85912322998047,-2.4431354999542236,16.61917495727539,-4.917189121246338,-6.2835588455200195,-6.93734073638916,-10.770265579223633,-8.538585662841797,0.19472451508045197,-10.478261947631836,-0.10548735409975052,5.174448013305664,common_voice_ko_38383626.mp3,twenties,male_masculine,1,1
3.96,0.1398054870248538,0.12422399581669806,1914.7443051993484,1589.7620992299412,1705.672425871367,1067.7634146824532,3706.859066611842,3197.828885581992,-426.1833801269531,104.8277816772461,-2.167266845703125,22.138566970825195,0.09831108152866364,-5.586198329925537,-11.071157455444336,-13.590231895446777,-8.408574104309082,-2.616394281387329,-8.37142562866211,1.8468623161315918,1.9708348512649536,common_voice_ko_38383629.mp3,twenties,male_masculine,1,1
4.248027210884354,0.14699933828551912,0.13384343534839294,1974.847298540887,1679.1533495525598,1580.7799918785659,1120.3134824894526,3732.9513799948772,3329.99245536686,-405.5739440917969,115.13665771484375,-5.415583610534668,15.140792846679688,1.178061842918396,-11.92761516571045,-10.417963027954102,-12.943804740905762,-8.084650993347168,-2.0660359859466553,-12.78883171081543,0.2507173418998718,7.178299903869629,common_voice_ko_38383630.mp3,twenties,male_masculine,1,1
4.176009070294785,0.12669270833333332,0.10584174115282194,1934.6780036659343,1556.386017577729,1843.689292788092,1186.9431393535685,3947.574462890625,3419.1361033476087,-460.8137512207031,98.80059814453125,5.853597640991211,21.41506576538086,-7.799907207489014,-7.00526237487793,0.724915623664856,-9.080504417419434,-7.112195014953613,0.1371069997549057,-11.352519035339355,-1.7824393510818481,4.925618648529053,common_voice_ko_38383631.mp3,twenties,male_masculine,1,1
3.24,0.1322056361607143,0.1105931680898082,1926.939126616254,1587.546679039126,1764.554462817193,1140.220616201813,3746.085205078125,3260.8018050159876,-479.2580261230469,88.72957611083984,8.433900833129883,13.275050163269043,-3.259369373321533,-9.594449996948242,-6.144196510314941,-5.216966152191162,-5.796140193939209,-2.535128593444824,-7.305622577667236,-1.4443767070770264,3.0036799907684326,common_voice_ko_38383632.mp3,twenties,male_masculine,1,1
5.796009070294785,0.124375,0.10236516317913254,1769.8702898107847,1475.4111965513341,1670.3792500903396,1196.2927000826053,3538.9388671875,3284.197726163837,-440.9672546386719,97.95880889892578,5.678062915802002,5.894453525543213,0.9040063619613647,-5.7632365226745605,-6.929222583770752,-5.928939342498779,-3.3354148864746094,-4.427102088928223,-7.980349063873291,-0.4111727774143219,3.871001958847046,common_voice_ko_38383634.mp3,twenties,male_masculine,1,1
4.14,0.1418279722416201,0.12524841448974694,2020.051477168149,1596.7491865742816,1781.5272235945731,1134.1402933671777,3992.845315773394,3304.61474711764,-422.6736145019531,105.35009765625,4.188747406005859,26.2681827545166,-11.736786842346191,-17.039094924926758,-1.312904953956604,-11.58616828918457,-8.599591255187988,-3.244389533996582,-8.943052291870117,-1.2013925313949585,1.7964398860931396,common_voice_ko_38383635.mp3,twenties,male_masculine,1,1
5.04,0.16227288202408258,0.11771562918955737,2368.775365892813,1598.106947710543,2036.7764777940888,1073.5028522693951,4686.830069165711,3295.9936933794033,-440.68463134765625,73.3766860961914,3.9389686584472656,30.354761123657227,0.08944471180438995,-5.927793025970459,-6.61879825592041,-13.362459182739258,-7.574123382568359,0.5533372163772583,-9.184025764465332,-5.280261516571045,0.8192583322525024,common_voice_ko_38383636.mp3,twenties,male_masculine,1,1
4.068027210884353,0.15306784889914773,0.111406277257254,2212.5429861444945,1582.7119652725366,1821.667136543223,1083.5893954847566,4233.660195090554,3199.64775246845,-420.4491271972656,82.12155151367188,6.74386739730835,19.95041275024414,-3.102180242538452,-8.260080337524414,-6.022000312805176,-9.097602844238281,-4.377758979797363,-0.5188385248184204,-9.39509105682373,-0.8021920919418335,1.2442536354064941,common_voice_ko_38383637.mp3,twenties,male_masculine,1,1
5.976009070294785,0.10992573582848837,0.10465870992461691,1937.8393191110083,1404.2538064951273,1914.9763441471325,756.5569883673803,3694.697038517442,2574.623599107349,-355.0465087890625,108.7212142944336,-2.071244955062866,9.372166633605957,6.849231243133545,1.2061246633529663,1.4688770771026611,-1.2315770387649536,-7.6516432762146,-3.8693675994873047,-7.703733444213867,-2.716464042663574,-2.5753636360168457,common_voice_ko_36890292.mp3,twenties,male_masculine,1,1
3.8160090702947844,0.10550426136363636,0.07308453605216264,1949.6689838230673,1180.206802038103,2138.994182910627,821.9884865522794,4027.8835227272725,2596.097506472425,-412.9712219238281,102.42534637451172,0.06572090089321136,3.2577178478240967,6.848403453826904,1.1459897756576538,-2.7324554920196533,0.28894224762916565,-12.724363327026367,-3.8969805240631104,-6.049514293670654,-1.394487738609314,-3.4006776809692383,common_voice_ko_36890293.mp3,twenties,male_masculine,1,1
4.6440362811791385,0.11159291433457712,0.10575836713995661,1925.5122098501045,1424.241701773476,1901.0399415323895,815.0792670165488,3629.3624650186566,2627.7208317862874,-405.0171813964844,104.52149200439453,4.060400485992432,17.57746124267578,10.074082374572754,-2.0098719596862793,-0.9221856594085693,0.6526749134063721,-13.461610794067383,-6.558817386627197,-6.340909004211426,-2.825932502746582,-5.293689250946045,common_voice_ko_36890295.mp3,twenties,male_masculine,1,1
3.6360090702947847,0.08268747511942676,0.068356347353188,1628.625818650589,1152.0439263247151,1839.02855956682,789.3717646620087,3187.1883708200635,2457.2643941272877,-418.1007080078125,112.19570922851562,6.3223395347595215,14.678561210632324,5.643203258514404,-0.6283085942268372,3.5707249641418457,-0.945498526096344,-5.728796005249023,-2.6794936656951904,-8.608290672302246,-1.797628402709961,-3.6505472660064697,common_voice_ko_36890351.mp3,twenties,male_masculine,1,1
7.956009070294785,0.09899154974489796,0.09319796414433333,1881.6630470122152,1351.4174082855789,2032.6827377959755,856.932802198712,3783.6286272321427,2726.9104104808243,-450.1257629394531,97.79313659667969,8.820855140686035,16.557945251464844,7.406063556671143,2.998337984085083,1.6812491416931152,-5.170536994934082,-16.752803802490234,-5.812307834625244,-10.119739532470703,-1.9116230010986328,-1.5959357023239136,common_voice_ko_36890353.mp3,twenties,male_masculine,1,1
3.708027210884354,0.0872772216796875,0.07154233171198661,1574.675525306428,1158.8566989253065,1692.5010860920142,857.5964522649019,3044.1893005371094,2430.2992453879815,-408.67230224609375,120.80256652832031,6.265142917633057,9.102033615112305,6.754977226257324,-5.30219030380249,-1.8953758478164673,2.39323091506958,-11.341442108154297,-8.521707534790039,-5.503879547119141,-1.3807538747787476,-1.627762794494629,common_voice_ko_36890355.mp3,twenties,male_masculine,1,1
3.6,0.09810697115384616,0.08081086911315596,1808.0091636647076,1184.23430986683,1990.2356071458069,819.39961906019,3639.525428185096,2552.1134524185777,-433.6170349121094,100.0654296875,-0.7454415559768677,8.825630187988281,9.47803020477295,-8.451906204223633,-1.2497150897979736,-1.6783136129379272,-11.829732894897461,-1.1073451042175293,-7.865811824798584,-2.4430432319641113,-2.1645147800445557,common_voice_ko_36890381.mp3,twenties,male_masculine,1,1
5.256009070294785,0.11693583080947137,0.08663181287187739,2178.849274100146,1392.933800897339,2123.7875489354847,828.7263528386643,4377.785569245595,2782.3601103507062,-425.646484375,90.0173110961914,-4.177396774291992,11.789850234985352,7.25615930557251,0.6241205930709839,-4.674598217010498,-1.1975399255752563,-10.633021354675293,-4.0140862464904785,-6.06257963180542,-4.350493907928467,-4.094107627868652,common_voice_ko_36890541.mp3,twenties,male_masculine,1,1
6.336009070294785,0.09222255608974358,0.06987797736401695,1867.1571490256752,1204.813634090209,1970.1599555188566,793.0502162879113,3717.6720252403848,2563.687951106523,-419.16888427734375,109.89739227294922,-8.880326271057129,12.49264907836914,9.962921142578125,-2.6023218631744385,0.47673162817955017,-4.264184951782227,-14.41672420501709,-8.500880241394043,-6.778183460235596,-3.493973731994629,-2.1618974208831787,common_voice_ko_36890542.mp3,twenties,male_masculine,1,1
4.9320181405895696,0.13658579078638497,0.10992977744484649,2279.0671033696835,1473.0409305306853,2013.6786914036884,685.5622243765993,4203.624972491197,2453.9785110508105,-345.8435363769531,91.05369567871094,-14.814072608947754,17.5730037689209,0.9971105456352234,-3.4371328353881836,1.0320583581924438,-9.04039192199707,-13.425748825073242,-5.283810615539551,-9.796028137207031,-2.134134531021118,-1.3500621318817139,common_voice_ko_36890609.mp3,twenties,male_masculine,1,1
7.416009070294785,0.09553680419921876,0.07996992790187878,1927.4857790934634,1301.5772426003193,2038.3868212955567,831.8337180463623,3915.274658203125,2695.6414909468367,-406.7135314941406,99.43306732177734,0.9012805223464966,15.714338302612305,6.542757987976074,-4.501997947692871,2.8468973636627197,-1.844598412513733,-15.907102584838867,-5.083604335784912,-10.488985061645508,-4.820603370666504,-2.229142665863037,common_voice_ko_36890610.mp3,twenties,male_masculine,1,1
2.2680272108843536,0.17600047831632654,0.11891311609007,2857.044830056427,1474.83441108157,2432.786668074753,692.9813552287115,5558.53271484375,2437.5477920945414,-385.6611022949219,52.157474517822266,-4.756625652313232,17.753440856933594,5.032402992248535,4.9875311851501465,-1.5638900995254517,-0.2559887766838074,-6.840838432312012,-0.4715175926685333,-4.155847549438477,-0.4813784062862396,0.7019442915916443,common_voice_ko_36890611.mp3,twenties,male_masculine,1,1
6.624036281179138,0.12909405048076922,0.10690409702462306,2132.430757692545,1509.3426351628775,1947.4277013686008,783.7110609918537,3953.1497555179194,2777.533677229144,-358.45806884765625,103.91724395751953,-14.288715362548828,3.583627939224243,8.736285209655762,-10.382869720458984,-0.18324029445648193,-3.577165365219116,-18.229829788208008,-3.8682682514190674,-8.154695510864258,-4.502160549163818,-2.6052026748657227,common_voice_ko_36890640.mp3,twenties,male_masculine,1,1
3.1320181405895693,0.1443214699074074,0.1271515729500774,2403.7863592500394,1685.9534081376873,2114.798740232375,801.0003170327501,4493.819986979167,3004.081778262121,-390.17864990234375,82.83194732666016,-9.43967056274414,0.6945402026176453,3.1710240840911865,-1.1777124404907227,-2.7065272331237793,-3.7451236248016357,-10.83781623840332,-7.883967876434326,-1.4939972162246704,-2.3706347942352295,-6.666012287139893,common_voice_ko_36890642.mp3,twenties,male_masculine,1,1
5.7240362811791385,0.14126945217611336,0.12907991485456774,2379.438309102522,1710.1964025804596,2038.6138979883615,789.9255291839686,4365.878728333755,2917.435093851817,-404.29156494140625,76.76138305664062,-1.1348958015441895,15.937942504882812,0.9902106523513794,0.7710265517234802,2.0813891887664795,-6.475956916809082,-10.584247589111328,-4.2307634353637695,-7.701139450073242,-3.0389463901519775,-3.0195040702819824,common_voice_ko_36890701.mp3,twenties,male_masculine,1,1
3.5640362811791384,0.08232612114448051,0.06909327953540723,1660.4644083708952,1020.426072083153,1909.1664252642945,725.327939423719,3294.3004261363635,2239.351260808374,-293.7564392089844,109.57098388671875,-1.7209607362747192,10.85617446899414,0.857819676399231,-4.7242841720581055,2.7803447246551514,2.522463798522949,-13.293421745300293,-4.658686637878418,-7.734980583190918,-2.891810178756714,-0.7451686263084412,common_voice_ko_36890765.mp3,twenties,male_masculine,1,1
5.4360090702947845,0.10960771276595745,0.09476066119229479,1909.906281306774,1371.875667403408,1911.0587033744728,747.0797254846843,3631.322722739362,2547.552240898961,-285.0732727050781,110.11003875732422,-6.226641654968262,10.723366737365723,3.6658546924591064,-2.5109264850616455,-4.242461681365967,1.766635775566101,-11.867527961730957,-4.8699116706848145,-7.685995578765869,-6.524840831756592,-1.4144487380981445,common_voice_ko_36890766.mp3,twenties,male_masculine,1,1
3.0240362811791384,0.12375134184160305,0.13289476592210422,2071.083127686507,1477.926722644001,2065.9191028039063,747.113652475796,3979.4510004174617,2634.022297272882,-452.9179382324219,91.07368469238281,-0.4049873650074005,13.083479881286621,-3.93058443069458,-3.910815954208374,5.972992420196533,-1.9057443141937256,-9.419381141662598,-0.9260253310203552,-8.200556755065918,-1.9495168924331665,-5.336585998535156,common_voice_ko_36890767.mp3,twenties,male_masculine,1,1
3.2040362811791385,0.07612941576086957,0.05134309061090196,1719.22478394549,954.7770909953574,2008.3682199794137,815.1011993676914,3526.2180494225545,2353.4713129835873,-444.5801086425781,99.8531723022461,-1.2003326416015625,9.740531921386719,-1.8005366325378418,-7.4815850257873535,6.9179229736328125,-0.20732824504375458,-4.669114112854004,-1.784735083580017,-2.2153422832489014,0.806900680065155,-0.43425872921943665,common_voice_ko_36890768.mp3,twenties,male_masculine,1,1
6.2280272108843535,0.14842842414033458,0.13610134788148315,2474.0425767185293,1728.3477847634092,2023.0146069448463,656.1525517134181,4398.056676928439,2646.6755601601194,-384.3387756347656,83.07928466796875,-11.769378662109375,13.68030071258545,10.12624740600586,-2.1931674480438232,-11.16522216796875,2.953281879425049,-15.406017303466797,-10.092641830444336,-4.044533729553223,-9.994712829589844,-3.111097812652588,common_voice_ko_35971950.mp3,teens,male_masculine,0,1
5.112018140589569,0.1697097709276018,0.15839975108530033,2844.1115903032864,1988.6527131576001,2178.507417147498,725.9888442224307,5020.597846259898,2956.4306461379415,-361.2395324707031,76.51707458496094,-10.034725189208984,10.282604217529297,0.15762218832969666,-3.4725236892700195,-7.982633590698242,0.9364942908287048,-15.42158317565918,-6.638714790344238,-2.1324894428253174,-9.867558479309082,-2.402878999710083,common_voice_ko_35971951.mp3,teens,male_masculine,0,1
5.004036281179138,0.14179371021412038,0.14631732052594132,2395.2416916480906,1753.2266724984706,2053.4012427780276,704.5137721912654,4371.339925130208,2801.241116360327,-365.5318908691406,91.98052215576172,-10.49581241607666,16.418062210083008,11.534749031066895,-5.613067626953125,-9.41530704498291,1.2656515836715698,-16.86171531677246,-10.678715705871582,-7.837667465209961,-7.8072381019592285,-0.08447933197021484,common_voice_ko_35971952.mp3,teens,male_masculine,0,1
3.2760090702947844,0.20313531580105634,0.19268274466729024,3154.049301086448,2136.474244880299,2227.5409412097315,733.6804376961132,5418.178504621479,3064.4115220243975,-401.0457763671875,63.71638488769531,-6.2599005699157715,18.3216495513916,2.42384672164917,-4.006173133850098,-6.022863388061523,0.009680626913905144,-11.44076919555664,-7.398758888244629,-3.3482167720794678,-3.5417065620422363,-1.2061039209365845,common_voice_ko_35971953.mp3,teens,male_masculine,0,1
4.14,0.1534921656773743,0.1343124330561704,2558.1508996633847,1635.4266972086689,2206.747669242598,662.2148946438708,4700.974925803072,2668.985756337306,-337.091796875,82.63240814208984,-11.685519218444824,9.138550758361816,2.544347047805786,-6.748205661773682,-6.618341445922852,2.133899450302124,-15.351517677307129,-8.643259048461914,-6.316936016082764,-4.551679611206055,-1.0467880964279175,common_voice_ko_35971974.mp3,teens,male_masculine,0,1
5.544036281179138,0.14066994639121339,0.1449001099083713,2309.3239988562627,1841.3882644243179,1954.192535753983,759.3107431245713,4090.3175258237447,2926.1584036140794,-349.8476257324219,106.66958618164062,-5.939610481262207,10.351975440979004,-2.3858985900878906,-8.409722328186035,-5.406838417053223,1.006347417831421,-11.632314682006836,-8.950401306152344,-6.585582733154297,-4.074790000915527,-1.8757078647613525,common_voice_ko_35971975.mp3,teens,male_masculine,0,1
4.212018140589569,0.18594662173763737,0.16649649090241667,2850.883352950939,2034.0002458422703,2091.3433618651457,721.5882452238443,4987.716909555288,2943.205959048734,-355.7192687988281,81.8846664428711,-13.60776424407959,11.899822235107422,3.7087998390197754,-7.0100250244140625,-8.422382354736328,0.4747176170349121,-16.148040771484375,-7.578147888183594,-7.188083648681641,-7.273976802825928,-0.9950673580169678,common_voice_ko_35971976.mp3,teens,male_masculine,0,1
5.328027210884354,0.17382600203804346,0.15540866401846679,2800.3252681538984,1888.7739376456836,2120.2651037250857,713.0359481939332,4943.32126783288,2839.1901212240823,-330.2798767089844,81.7880630493164,-18.689990997314453,11.465544700622559,3.516386032104492,-5.492680072784424,-8.483983993530273,-1.91460382938385,-16.517314910888672,-6.864782333374023,-4.6434526443481445,-8.057134628295898,-0.684657633304596,common_voice_ko_35971977.mp3,teens,male_masculine,0,1
5.112018140589569,0.16659007352941177,0.14739774383058665,2749.6342022183803,1853.050301774357,2155.4308812141594,667.664205216025,4897.926793163178,2779.532006714522,-334.5176086425781,75.13750457763672,-7.343569755554199,14.2746000289917,0.1361471712589264,-3.506564140319824,-10.085360527038574,0.34966960549354553,-6.782356262207031,-10.104646682739258,-6.445996284484863,-6.025714874267578,-4.983089447021484,common_voice_ko_35971978.mp3,teens,male_masculine,0,1
4.824036281179138,0.16776686448317307,0.15049612074971244,2675.5502476123443,1724.7615747807856,2163.665515036891,601.3230409297937,4721.103022648738,2617.5295911644203,-321.5249328613281,77.93640899658203,-16.763877868652344,12.775101661682129,11.9354248046875,-3.963709831237793,-11.919829368591309,1.3281804323196411,-13.773571014404297,-6.669809818267822,-8.767351150512695,-12.775619506835938,-3.6041526794433594,common_voice_ko_35972004.mp3,teens,male_masculine,0,1
2.16,0.2027406083776596,0.16552325051456865,3092.974832842901,2047.6759423476021,2303.6061384543063,794.7609841810241,5394.983689328457,3175.2037034493524,-392.6680603027344,74.14725494384766,-14.68785285949707,2.376722812652588,3.473752021789551,-5.108790397644043,-2.1694693565368652,1.7260684967041016,-10.300237655639648,-8.193580627441406,-3.576209306716919,-4.763913154602051,0.04805705323815346,common_voice_ko_35972005.mp3,teens,male_masculine,0,1
4.752018140589569,0.13552543826219512,0.09988344078035885,2348.5780872620453,1301.3006676694706,2107.513732183831,598.7095246200699,4354.27627191311,2229.8765422765428,-330.4187927246094,81.39241790771484,-13.349287986755371,14.490288734436035,-0.21657893061637878,-6.187505722045898,-7.0172295570373535,-2.2630128860473633,-9.625161170959473,-4.801831245422363,-6.9715070724487305,-10.914253234863281,-1.7454957962036133,common_voice_ko_35972007.mp3,teens,male_masculine,0,1
3.852018140589569,0.14375176487198796,0.11379293396069882,2324.9328257428137,1430.0288074155021,2010.1182072819358,722.3595925448273,4287.3126294239455,2527.0476882139774,-339.8282775878906,90.85063171386719,-17.368576049804688,5.780280590057373,2.714031457901001,-10.204440116882324,-7.00079870223999,-4.049139976501465,-11.069879531860352,-2.9565720558166504,-9.040842056274414,-8.601180076599121,0.7263901829719543,common_voice_ko_35972008.mp3,teens,male_masculine,0,1
3.8880272108843537,0.12269519624255952,0.07961184270838613,2276.640000412213,1211.808121628088,2174.465287614655,665.9487494415939,4396.746826171875,2328.8208361894276,-364.399658203125,90.04253387451172,-13.669404983520508,7.031309604644775,-3.964364528656006,-3.7604939937591553,-5.893039703369141,2.2684664726257324,-11.032550811767578,-7.8318328857421875,-7.319835662841797,-7.339791297912598,-2.9322681427001953,common_voice_ko_35972028.mp3,teens,male_masculine,0,1
3.1320181405895693,0.1347149884259259,0.09982522020459553,2370.7147178854602,1323.4874496447342,2148.5574463720927,689.179763850675,4520.935872395833,2396.136188558149,-342.3946838378906,84.85345458984375,-15.983808517456055,7.936492919921875,0.5375822186470032,-6.507204532623291,-5.345019817352295,-2.6783738136291504,-10.454517364501953,-3.637601852416992,-6.156878471374512,-7.797078609466553,-0.6988576054573059,common_voice_ko_35972029.mp3,teens,male_masculine,0,1
5.832018140589569,0.11632719494047619,0.0914869902538997,2160.3799309617593,1304.6598470222802,2046.8119366545043,718.6351064926121,4090.753173828125,2448.0400482452023,-368.64715576171875,92.46919250488281,-11.130908012390137,11.626296997070312,4.134564399719238,-5.208012104034424,-8.219118118286133,-3.4042911529541016,-10.948335647583008,-7.551168918609619,-11.132880210876465,-10.30219841003418,-2.7073521614074707,common_voice_ko_35972033.mp3,teens,male_masculine,0,1
5.112018140589569,0.12454044117647059,0.10152019484174005,2157.2569477398756,1394.1222496842624,1958.9264610166615,657.9877438461806,3994.847638574661,2364.6209189454353,-400.4051818847656,104.22041320800781,-13.513482093811035,5.527538299560547,-5.775556564331055,-5.383337020874023,-7.005497932434082,0.4211982190608978,-13.38703441619873,-5.261770725250244,-1.3979830741882324,-8.369263648986816,0.34707069396972656,common_voice_ko_35972097.mp3,teens,male_masculine,0,1
5.256009070294785,0.12376746627202644,0.09549198589728251,2202.1951604645105,1268.8174546419452,1962.8666670857353,656.9836255314352,4011.2468164922907,2207.3005592671584,-329.38372802734375,99.41030883789062,-19.22580337524414,12.063164710998535,7.033594608306885,-5.8130035400390625,-14.940563201904297,4.53702449798584,-18.500215530395508,-7.357154846191406,-3.2779393196105957,-16.722618103027344,-0.8646084070205688,common_voice_ko_35972099.mp3,teens,male_masculine,0,1
4.716009070294785,0.10657935049019608,0.0717095814448194,1969.2687424879794,1077.365332374752,1908.2986001924842,702.8492979461614,3735.482967601103,2157.683426084397,-345.527587890625,109.4327163696289,-24.64270782470703,9.308547973632812,7.346807956695557,-10.405742645263672,-12.4439697265625,4.35413122177124,-14.278277397155762,-6.786630153656006,-5.476296424865723,-12.27048110961914,0.5497689247131348,common_voice_ko_35972100.mp3,teens,male_masculine,0,1
5.796009070294785,0.084087890625,0.07068249658606376,1590.774012537534,1022.0731736511544,1655.5176189777658,659.2245401160674,3010.38486328125,1978.1176513052517,-345.1715087890625,126.54400634765625,-7.892889976501465,12.245318412780762,2.7694342136383057,-16.698570251464844,-9.410765647888184,7.179286003112793,-15.81154727935791,-9.056632041931152,-7.615190505981445,-8.307380676269531,-1.1801179647445679,common_voice_ko_35972149.mp3,teens,male_masculine,0,1
5.148027210884353,0.13308303420608109,0.12266276929410432,2230.130293594022,1499.0277918617833,1956.0608993336255,644.0264950435953,4082.1909311655404,2317.003295644141,-340.3680114746094,95.8516845703125,-11.805612564086914,15.386662483215332,5.730282783508301,-9.962380409240723,-16.216413497924805,5.7795562744140625,-8.69116497039795,-5.145654201507568,-7.747471809387207,-9.126664161682129,-3.8425629138946533,common_voice_ko_35972151.mp3,teens,male_masculine,0,1
6.048027210884354,0.14015542684386972,0.1221766090746752,2291.486117975177,1507.1753617033155,2017.7243245910229,677.0265556606172,4250.497541756466,2449.6004644632644,-326.6610412597656,94.81581115722656,-11.94228744506836,17.08338165283203,5.2897491455078125,-8.805012702941895,-13.723077774047852,1.6632875204086304,-11.829416275024414,-6.444444179534912,-8.03189754486084,-8.344195365905762,-2.604781150817871,common_voice_ko_35972153.mp3,teens,male_masculine,0,1
4.716009070294785,0.12650553385416666,0.12071480271640984,2083.108689663701,1524.38514817668,1780.0738215504018,719.7886657651496,3661.9639677159926,2543.546082806627,-358.70477294921875,113.8547592163086,-10.82161808013916,9.362099647521973,-8.014671325683594,-10.809096336364746,-6.518491744995117,8.489078521728516,-19.51340103149414,-8.969361305236816,-10.00047779083252,-7.952596187591553,-2.3991808891296387,common_voice_ko_35972155.mp3,teens,male_masculine,0,1
5.328027210884354,0.05532438858695652,0.035398563302786665,1326.7314874942763,755.8650803159876,1397.454389977319,484.01980403307715,2750.070906929348,1627.3932060066072,-399.9219970703125,134.5458984375,-3.1213858127593994,45.089595794677734,-3.9715092182159424,-1.0616321563720703,19.57248306274414,-10.911190032958984,-13.071938514709473,1.5129579305648804,-4.6692399978637695,-0.3044331669807434,-10.174857139587402,common_voice_ko_37211921.mp3,twenties,male_masculine,1,1
4.3560090702947845,0.06849183427526596,0.04511502708502157,1475.579317893153,735.4515209069525,1460.1069734591817,392.4054115202228,3064.1862585189497,1410.7926519900745,-370.7398681640625,125.73084259033203,-15.884425163269043,48.170814514160156,-4.471624374389648,2.556352138519287,13.795380592346191,-11.279318809509277,-11.768331527709961,5.194086074829102,-6.068782806396484,-3.6341793537139893,-3.8992345333099365,common_voice_ko_37211924.mp3,twenties,male_masculine,1,1
2.9880272108843537,0.07718250363372094,0.061196090096062396,1558.5406784138618,898.7558417382904,1463.1642782707552,462.4846064958918,3093.3531295421512,1631.5558367265046,-402.8960876464844,108.86170959472656,1.6334015130996704,43.10462951660156,-2.4834747314453125,-0.7128782272338867,5.0995097160339355,-11.081170082092285,-10.77542495727539,0.9349815249443054,-10.333197593688965,-7.627848148345947,-3.4698150157928467,common_voice_ko_37211925.mp3,twenties,male_masculine,1,1
6.12,0.05371278705018939,0.04368613519573872,1167.0113108548792,691.4409004330164,1282.6391615435828,462.7356435866731,2350.748790394176,1544.4457861629676,-381.7061767578125,149.88803100585938,-1.8585116863250732,36.139522552490234,-10.62914752960205,2.1492910385131836,16.355714797973633,-10.823868751525879,-18.24641990661621,0.6561107635498047,-5.729208469390869,-7.508920192718506,-7.864531517028809,common_voice_ko_37211926.mp3,twenties,male_masculine,1,1
5.22,0.07113064236111111,0.046889841802233906,1455.1156416485323,799.7575637055849,1412.7300696674088,427.52363800736146,2953.8291015625,1574.5641414954937,-333.1651306152344,119.46578216552734,0.03176947683095932,34.756309509277344,-14.63669204711914,-2.1555826663970947,19.030508041381836,-16.82868003845215,-16.633583068847656,5.231061935424805,-5.5491485595703125,-2.079134464263916,-7.855351448059082,common_voice_ko_37211929.mp3,twenties,male_masculine,1,1
3.9960090702947846,0.07339459898843931,0.05421739808799503,1500.587950138469,760.9217492857151,1433.3828330075205,411.19858733577564,3106.5690762734826,1392.92328724294,-339.9646911621094,122.52738952636719,-14.029738426208496,36.54940414428711,-12.070978164672852,-3.738816499710083,12.70310115814209,-17.73695945739746,-15.575594902038574,0.06101716309785843,-10.385781288146973,-3.9557576179504395,-5.760696887969971,common_voice_ko_37211933.mp3,twenties,male_masculine,1,1
5.58,0.06470030471991702,0.047223959320955265,1338.0350518599796,706.6027325789343,1375.4684312547527,431.11510535824755,2730.7854236903527,1494.936054388485,-340.3570556640625,131.90150451660156,-7.879438877105713,35.11444091796875,-12.451932907104492,2.019716739654541,15.7399263381958,-13.997559547424316,-16.00970458984375,0.4659872055053711,-6.983722686767578,-5.260560035705566,-7.25477409362793,common_voice_ko_37211936.mp3,twenties,male_masculine,1,1
4.248027210884354,0.06439442452185792,0.04053657460574673,1386.4720064725893,714.9252824061498,1382.4408691921392,461.7525443757058,2803.317110655738,1502.4842386406465,-377.3697509765625,133.9752655029297,-11.062362670898438,31.424345016479492,-8.118659973144531,5.311905860900879,14.067750930786133,-18.329923629760742,-17.668153762817383,0.3553531765937805,-3.806551933288574,-3.962327003479004,-6.9532341957092285,common_voice_ko_37211937.mp3,twenties,male_masculine,1,1
4.32,0.07151623078208556,0.05313672531899965,1434.2685943590259,736.5772095295922,1427.1952418375301,407.46796163406776,2901.0521547042113,1472.6659854603615,-319.8045959472656,121.57005310058594,-2.3170971870422363,31.987518310546875,-22.711515426635742,-5.8802080154418945,22.961746215820312,-12.501718521118164,-17.976703643798828,1.6366583108901978,-5.129412651062012,-5.359270095825195,-10.346894264221191,common_voice_ko_37211940.mp3,twenties,male_masculine,1,1
3.06,0.07506954308712122,0.05576014389609153,1466.2441858342427,785.504196165524,1425.0103940421275,453.8930146761592,2923.8664106889205,1515.8106012972892,-381.0033874511719,127.92915344238281,-2.1906800270080566,33.6108283996582,-24.147424697875977,1.386040449142456,16.458396911621094,-7.425870418548584,-12.870765686035156,-1.8110120296478271,-5.92087984085083,-5.088556289672852,-4.687860488891602,common_voice_ko_37211941.mp3,twenties,male_masculine,1,1
3.24,0.07629743303571429,0.05725234475776497,1596.7467143135784,848.7708495599861,1550.908299769403,430.3743248272184,3261.20361328125,1506.8084872105846,-387.5426330566406,119.42965698242188,-7.247225284576416,50.11623001098633,-9.964075088500977,7.878410339355469,12.135621070861816,-9.72296142578125,-10.852153778076172,0.8102400898933411,-9.518047332763672,-7.667072296142578,-0.7256195545196533,common_voice_ko_37211943.mp3,twenties,male_masculine,1,1
6.336009070294785,0.0701604710393773,0.044551851265866256,1393.4107879935045,653.623910805222,1376.7132760075865,369.4093554750897,2837.0586688701924,1344.0899425925322,-307.5382080078125,135.68417358398438,-14.571084976196289,36.224021911621094,-14.604318618774414,-5.211718559265137,19.501937866210938,-15.801986694335938,-13.657729148864746,2.7044453620910645,-11.705660820007324,0.0659077987074852,-6.014653205871582,common_voice_ko_37211944.mp3,twenties,male_masculine,1,1
6.3,0.05376479204963235,0.03575939193785689,1172.3563158849336,595.8282096181625,1280.2773881648034,391.04787848602064,2427.9478185317093,1354.7206741988932,-328.1469421386719,142.36497497558594,-6.132532596588135,32.57314682006836,-9.279172897338867,-0.6818134188652039,20.07932472229004,-13.94357967376709,-17.311702728271484,6.835141181945801,-2.5589942932128906,-5.906517505645752,-11.173585891723633,common_voice_ko_37211945.mp3,twenties,male_masculine,1,1
3.42,0.07699007601351351,0.045433855198825375,1471.8788927139087,710.7048824920313,1431.8145469069143,416.92141725983566,2985.9859982052367,1389.5583223416836,-339.1581115722656,120.5875473022461,-5.912703990936279,33.69287109375,-11.973857879638672,-5.795259952545166,19.90871238708496,-16.143102645874023,-18.036439895629883,2.8168678283691406,-10.231951713562012,-2.4013869762420654,-4.408608913421631,common_voice_ko_37211946.mp3,twenties,male_masculine,1,1
7.308027210884354,0.056685577876984125,0.04481349282469536,1254.7390045562545,733.0862429699555,1344.870348423981,469.1739006565062,2543.994140625,1568.8746981814638,-387.9808654785156,142.53851318359375,0.4631902873516083,33.263099670410156,-14.735162734985352,4.7672929763793945,23.481746673583984,-14.75353717803955,-15.41492748260498,5.974740505218506,-2.4868147373199463,-4.390073776245117,-11.014463424682617,common_voice_ko_37211958.mp3,twenties,male_masculine,1,1
3.8880272108843537,0.05261811755952381,0.029280557507028862,1259.0485845221726,624.8445146800034,1376.8882045472824,411.26607383820357,2616.2200927734375,1423.9621621784659,-361.9642028808594,128.3461456298828,0.24318595230579376,40.379878997802734,-3.4633288383483887,-2.2885658740997314,15.18829345703125,-13.085832595825195,-13.860569953918457,6.0710577964782715,-6.7014617919921875,-5.785752773284912,-7.866147041320801,common_voice_ko_37211959.mp3,twenties,male_masculine,1,1
5.148027210884353,0.05840679546734234,0.031617528550218724,1371.6161993736205,662.5229118308187,1421.1217528644934,413.2642831403449,2822.450050147804,1438.0794169890862,-375.7927551269531,134.11004638671875,-11.447968482971191,33.567203521728516,-9.575285911560059,4.406914234161377,19.422332763671875,-11.030056953430176,-12.280254364013672,6.32423210144043,-5.473567008972168,-2.3696417808532715,-6.330319881439209,common_voice_ko_37211971.mp3,twenties,male_masculine,1,1
4.3560090702947845,0.06317008809840426,0.04217835239484251,1313.9763618352624,754.8148406651576,1358.961485250269,467.2379506076722,2658.663356050532,1611.9343691443664,-353.50115966796875,122.07367706298828,1.1923795938491821,33.03305435180664,-4.011288166046143,4.593812465667725,13.443309783935547,-17.93590545654297,-13.225614547729492,2.44673752784729,-7.016433238983154,-5.0757551193237305,-10.949919700622559,common_voice_ko_37211972.mp3,twenties,male_masculine,1,1
3.9960090702947846,0.0701346865968208,0.049817387637847585,1501.505760044143,797.213469787163,1487.434323983281,424.94802749990333,3062.4446802745665,1574.6901158685266,-343.1624450683594,117.55973052978516,-1.201230764389038,41.08348846435547,-6.505002975463867,1.1889967918395996,6.609496593475342,-17.889619827270508,-10.725977897644043,5.207250595092773,-7.622981071472168,-5.313493728637695,-7.393866539001465,common_voice_ko_37211988.mp3,twenties,male_masculine,1,1
4.536009070294784,0.05931371572066327,0.03754353611286655,1316.6507337125727,629.7046856786566,1358.9626387350768,407.92323107694455,2710.821533203125,1358.303965897282,-351.05596923828125,138.1436004638672,-14.471723556518555,36.07914352416992,-7.914540767669678,-4.042353630065918,17.446937561035156,-10.23852252960205,-10.04746150970459,7.7359619140625,-2.747514009475708,-2.7499077320098877,-8.634923934936523,common_voice_ko_37211989.mp3,twenties,male_masculine,1,1
4.536009070294784,0.05670290577168367,0.03887364118041799,1311.4722260691108,802.8210066198048,1408.1096342532892,457.5250022093673,2652.5390625,1639.2784611858062,-358.20086669921875,129.0235595703125,-4.0233354568481445,50.1033821105957,-0.9980615377426147,9.414501190185547,13.751365661621094,-15.040794372558594,-13.803232192993164,2.5413150787353516,-6.0132856369018555,-7.82205867767334,-11.427947044372559,common_voice_ko_37212000.mp3,twenties,male_masculine,1,1
3.0960090702947847,0.08362362989738806,0.04991017461462567,1619.5573056136477,754.0431556003534,1544.2499771894102,422.5211107950829,3267.7439219916046,1488.0726230499602,-424.02581787109375,108.54620361328125,-6.263766765594482,42.94723892211914,4.514596939086914,2.0251784324645996,7.243630886077881,-7.217504024505615,-12.066024780273438,0.20463265478610992,-8.744476318359375,-5.714755535125732,0.34556078910827637,common_voice_ko_37212010.mp3,twenties,male_masculine,1,1
3.2760090702947844,0.06251375440140845,0.044095930376266745,1361.852201279197,756.9061647176804,1419.6567731164303,449.6050736353045,2768.760487731074,1584.8221147253698,-372.5712890625,138.1734161376953,-5.804668426513672,38.46648406982422,-16.57120704650879,6.722400188446045,15.479269981384277,-14.216383934020996,-13.797016143798828,7.510087013244629,-3.4154107570648193,-7.426960468292236,-7.699845314025879,common_voice_ko_37212011.mp3,twenties,male_masculine,1,1
2.88,0.0741484375,0.055332369202330096,1483.1536823684528,839.4546774848927,1481.811260263865,488.8628822423972,2956.7671875,1742.0974382802433,-369.41717529296875,120.39459228515625,-4.289151668548584,37.18989562988281,-2.1945228576660156,8.120203018188477,11.56235122680664,-9.119964599609375,-12.655793190002441,4.8590497970581055,-6.28925085067749,-6.196695804595947,-5.2517852783203125,common_voice_ko_37212020.mp3,twenties,male_masculine,1,1
6.12,0.054304643110795456,0.04255984757612708,1240.9122063233922,743.5834274556458,1351.092008054494,438.93812871022925,2532.190496271307,1526.5860590789005,-334.2579650878906,139.43710327148438,-2.401130437850952,54.89478302001953,-4.224807262420654,2.2417783737182617,15.639307975769043,-14.981328964233398,-14.057717323303223,6.97102689743042,-8.748335838317871,-9.897720336914062,-8.396279335021973,common_voice_ko_37212021.mp3,twenties,male_masculine,1,1
4.14,0.052982607367318434,0.037798090965230575,1226.6845659629585,679.3932949042833,1342.496870752538,453.8143936663543,2570.029896997207,1497.5444013912822,-337.9717102050781,148.40243530273438,-10.095449447631836,35.03762435913086,-4.573123455047607,2.9776113033294678,16.30708885192871,-12.185013771057129,-13.17029857635498,6.41635274887085,-7.310619354248047,-4.265504837036133,-5.9397382736206055,common_voice_ko_37212023.mp3,twenties,male_masculine,1,1
5.76,0.10242336533634538,0.05835101050802007,1598.5066234661908,878.5878149550392,1535.4421206992386,625.1722284110502,3166.850997740964,1996.8811550587054,-443.2604675292969,96.00867462158203,16.369407653808594,22.7479190826416,-12.322115898132324,-15.146161079406738,-4.225163459777832,-4.848041534423828,-4.209253787994385,-3.836169958114624,-4.42202615737915,-3.2933731079101562,-0.2596183717250824,common_voice_ko_37195144.mp3,thirties,male_masculine,2,1
5.976009070294785,0.1097648679748062,0.06400844105157358,1663.4065004910854,912.0186378325885,1520.0184632294627,597.9722640143809,3211.5770916606107,1932.5939022680159,-448.2095947265625,98.63636779785156,8.762985229492188,26.188261032104492,-11.065156936645508,-12.856595039367676,-6.375170707702637,-2.6054790019989014,-7.327507972717285,-9.144519805908203,-3.8044655323028564,-4.863943099975586,2.176079273223877,common_voice_ko_37195145.mp3,thirties,male_masculine,2,1
3.9960090702947846,0.12540078576589594,0.05039169058219191,2050.950655876066,744.2388288193264,1907.643993655301,524.0729248685686,4289.152676797326,1671.8891137914768,-588.1670532226562,72.61300659179688,22.05189323425293,16.393009185791016,-14.175764083862305,-13.045575141906738,-8.385944366455078,-5.453804969787598,-4.805108547210693,-8.174817085266113,-7.050961017608643,-2.894559383392334,0.6164343953132629,common_voice_ko_37195146.mp3,thirties,male_masculine,2,1
6.948027210884354,0.10156575520833333,0.0752853685878764,1496.3527774990496,991.5683271753576,1384.941780134722,578.0995876739629,2766.298828125,1943.3220397890013,-418.60675048828125,122.61396026611328,11.008797645568848,38.0485725402832,-14.184576988220215,-19.12415313720703,-8.237212181091309,-0.32065147161483765,-8.388420104980469,-9.98731803894043,-4.177009105682373,-7.425071716308594,2.9136502742767334,common_voice_ko_37195147.mp3,thirties,male_masculine,2,1
7.992018140589569,0.09643766983695652,0.06560798589518686,1540.234759953253,939.7607978828192,1447.508917042283,578.4654302023598,2943.0271314538045,1925.9519741111592,-431.7942810058594,122.17225646972656,-0.7112897634506226,30.68490219116211,-11.874906539916992,-9.725461959838867,-5.815989971160889,-11.487597465515137,-8.700007438659668,-5.230376243591309,-0.7248145341873169,-3.3162708282470703,0.5392426252365112,common_voice_ko_37195153.mp3,thirties,male_masculine,2,1
7.38,0.10077940742924528,0.06752304063487638,1646.496253145111,971.9742233515699,1481.1366814728408,551.433051575033,3198.628666715802,1811.147810778774,-385.9936828613281,105.07586669921875,-7.5583882331848145,26.580636978149414,-3.0603575706481934,-4.071619987487793,-7.585883140563965,-15.182334899902344,-6.251512050628662,-4.8395771980285645,-2.143359899520874,1.0340877771377563,0.22275111079216003,common_voice_ko_37195154.mp3,thirties,male_masculine,2,1
3.8160090702947844,0.12824928977272726,0.05783924866882246,2118.133503669355,817.0499809737242,1830.3830116248232,508.66075516117263,4238.4521484375,1546.629685488552,-535.060302734375,75.09661865234375,-1.2471537590026855,22.211917877197266,-11.586854934692383,-8.004950523376465,-6.007265567779541,-9.433238983154297,-5.245115756988525,-6.912588596343994,-2.4819447994232178,-2.154653787612915,-0.586090087890625,common_voice_ko_37195156.mp3,thirties,male_masculine,2,1
6.2280272108843535,0.1262161651951673,0.0835659657600625,1868.6901725974667,981.7776047388588,1611.417659327172,555.5513811466916,3645.475230163801,1791.2987105058353,-428.76055908203125,87.95974731445312,-3.8842568397521973,33.630897521972656,-13.128056526184082,-12.027154922485352,-3.7536685466766357,-6.3773393630981445,-6.830746173858643,-6.115777969360352,-2.249866008758545,-3.3366072177886963,-0.016000017523765564,common_voice_ko_37195158.mp3,thirties,male_masculine,2,1
5.1840362811791385,0.11540440150669642,0.07019463635678373,1856.1727154338673,916.1065667435578,1679.5036988084955,573.0420454331803,3772.15576171875,1824.9414359557038,-488.03497314453125,78.58482360839844,7.733509540557861,25.672927856445312,-9.200737953186035,-9.02118968963623,-2.2861971855163574,-9.466903686523438,-5.8298139572143555,-4.782946586608887,-0.33203914761543274,1.5127805471420288,-0.4052732288837433,common_voice_ko_37195167.mp3,thirties,male_masculine,2,1
7.56,0.10978389810199386,0.07948683529368045,1652.995730888777,999.5902734137704,1439.0791634153973,489.9196042581062,3130.637102185583,1726.3385958292365,-396.346435546875,117.44245910644531,-8.635074615478516,44.92799758911133,-15.239152908325195,-7.935546875,-3.4124531745910645,-17.054662704467773,-13.264890670776367,-4.366948127746582,-1.8152079582214355,-7.036862373352051,1.1065503358840942,common_voice_ko_37195173.mp3,thirties,male_masculine,2,1
6.264036281179139,0.11005497685185185,0.07205925502681232,1799.3030111952955,968.7238782852322,1587.2725896158697,567.8685534323728,3511.70654296875,1838.6475067517547,-453.7090148925781,98.2543716430664,-5.07869291305542,28.68416404724121,-4.265053749084473,-5.047089099884033,-5.530766010284424,-14.386807441711426,-9.127392768859863,-3.4711084365844727,-1.4738037586212158,-3.7839243412017822,-1.2568223476409912,common_voice_ko_37195176.mp3,thirties,male_masculine,2,1
3.78,0.13723099597392638,0.07129783952570978,2111.545459657928,935.3631867455505,1792.7915556206906,542.3608562707293,4083.5804196223157,1813.6031359488354,-505.7996520996094,77.28736114501953,2.4096031188964844,25.56577491760254,-14.706317901611328,1.3059206008911133,-2.4173362255096436,-12.21463680267334,-8.304079055786133,-5.733604907989502,-1.8199875354766846,-6.437580108642578,-0.3600224256515503,common_voice_ko_37195177.mp3,thirties,male_masculine,2,1
7.524036281179138,0.09711838942307692,0.0692345762591738,1495.6164470531007,910.3800135540966,1398.3929136200973,551.3422750105613,2821.412785456731,1848.251420478555,-413.031494140625,121.76869201660156,-2.6884701251983643,29.428255081176758,-8.462302207946777,-6.281586170196533,-2.890320301055908,-15.77295207977295,-12.886373519897461,-4.507192611694336,-3.867825984954834,-6.7297587394714355,-0.5346139669418335,common_voice_ko_37195189.mp3,thirties,male_masculine,2,1
3.9960090702947846,0.12675837698699421,0.0690984809330931,2047.7980136527267,867.2686816514785,1803.8579482126345,522.6131208082368,4106.6805624548415,1630.4204991022577,-491.2864074707031,79.96723175048828,-6.9925642013549805,24.46418571472168,-7.410175323486328,-1.7086215019226074,-9.142601013183594,-11.263012886047363,-6.594740867614746,-3.6036906242370605,-1.4025431871414185,-2.7527496814727783,2.2172727584838867,common_voice_ko_37195192.mp3,thirties,male_masculine,2,1
8.136009070294785,0.08936798878205128,0.07258594660198016,1482.6015922833817,921.9453529164668,1410.1776069153545,525.0404374007483,2864.928260216346,1788.680518036264,-394.1884765625,118.58431243896484,-4.061437129974365,36.570491790771484,-5.1561665534973145,-11.930770874023438,-8.131747245788574,-13.9774808883667,-9.296512603759766,-2.096748113632202,-3.2381067276000977,-5.2467265129089355,1.2122501134872437,common_voice_ko_37195194.mp3,thirties,male_masculine,2,1
4.068027210884353,0.11578646573153409,0.06136341939582341,1974.6116585333498,850.5697508200433,1817.6842348365674,558.7972173276393,4078.1562111594462,1742.6145264889074,-547.005126953125,75.2386474609375,3.975321054458618,24.014677047729492,-2.612558126449585,-8.900253295898438,-9.430946350097656,-9.400572776794434,-5.543883800506592,-5.766303539276123,-3.661236524581909,-3.0709612369537354,-0.03960377350449562,common_voice_ko_37195197.mp3,thirties,male_masculine,2,1
6.192018140589569,0.09857246313202248,0.0680728132072788,1641.190419438449,911.1834048739967,1562.6654176997145,566.4826206744602,3359.6232553546347,1834.0599023426796,-445.1391906738281,102.18839263916016,0.806754469871521,43.45826721191406,-4.483667373657227,-15.591482162475586,-7.343018531799316,-9.388452529907227,-9.408804893493652,-5.353827476501465,-3.377509117126465,-6.469128608703613,0.3702293932437897,common_voice_ko_37195199.mp3,thirties,male_masculine,2,1
7.02,0.10287102929042904,0.07026836013998776,1650.941087718784,886.8197610411346,1488.676976138526,489.42096719163885,3198.5334641862623,1644.5450775076079,-414.281494140625,113.25384521484375,-15.55127239227295,34.78893280029297,-7.424957752227783,-4.470177173614502,-9.550124168395996,-18.289161682128906,-5.533669471740723,-5.972807884216309,-1.712097406387329,-0.4606156051158905,-1.4612963199615479,common_voice_ko_37195200.mp3,thirties,male_masculine,2,1
6.84,0.09759500794491525,0.07964993271473234,1541.7909189012473,1002.4601639472365,1431.9157419080514,533.7510264503436,2870.667952198093,1908.400104483624,-397.7962951660156,109.19007110595703,4.4185075759887695,32.68155288696289,-9.556620597839355,-10.486753463745117,-5.872010231018066,-13.459489822387695,-8.991708755493164,-2.4985530376434326,-5.025455951690674,-5.525970935821533,1.7129038572311401,common_voice_ko_37195205.mp3,thirties,male_masculine,2,1
4.3560090702947845,0.11935879321808511,0.06426368550939826,1823.983343916856,912.8954117646978,1643.6068045797992,578.2652318167503,3531.101697556516,1899.2761303246245,-453.7762145996094,79.44662475585938,4.872808933258057,22.66761589050293,-11.76827335357666,-11.593207359313965,-4.726600170135498,-4.045890808105469,-4.177443027496338,-4.5362868309021,-0.4707159399986267,-4.119581699371338,-2.083415985107422,common_voice_ko_37195208.mp3,thirties,male_masculine,2,1
5.796009070294785,0.112904296875,0.08513201169616391,1746.2063827324228,1004.5744940294187,1547.165010768596,504.83241870622373,3341.953125,1769.6376216823905,-411.48223876953125,95.3468246459961,-7.785505771636963,32.14006042480469,-12.53557014465332,-8.845783233642578,-8.887002944946289,-10.956162452697754,-9.53355598449707,-3.889876365661621,-0.9479325413703918,-6.8935418128967285,2.080876111984253,common_voice_ko_37195209.mp3,thirties,male_masculine,2,1
6.084036281179138,0.11175513902091255,0.06412476247495896,1836.213658770538,863.4780260824859,1714.0042338334931,530.794497356612,3674.9727082343156,1804.9024162971677,-496.38177490234375,83.99121856689453,-1.5824224948883057,27.78605079650879,-11.324857711791992,-7.0850043296813965,-7.617475986480713,-10.619893074035645,-7.803153991699219,-4.414744853973389,-2.7810614109039307,-4.559561729431152,2.419556140899658,common_voice_ko_37195211.mp3,thirties,male_masculine,2,1
7.848027210884354,0.11222378883136094,0.07508850707356692,1752.3024447277035,950.688744768001,1569.9166494329334,531.8242128628111,3472.9616424741125,1742.254825391377,-435.24505615234375,98.00060272216797,-8.330475807189941,47.11705017089844,-0.33588945865631104,-4.613602161407471,-7.432894706726074,-18.304580688476562,-9.214035987854004,-5.174297332763672,-4.114234924316406,-3.960597276687622,-1.1374930143356323,common_voice_ko_37195212.mp3,thirties,male_masculine,2,1
7.056009070294785,0.10810932360197369,0.07837038864366737,1709.2973804024543,945.6477843335847,1579.227644584926,533.3869911513416,3452.431206954153,1825.604140317678,-394.60150146484375,96.32046508789062,-0.22046902775764465,47.02025604248047,-4.480434417724609,-16.02903938293457,-10.728055000305176,-6.0262227058410645,-2.9006125926971436,-8.776220321655273,-4.826793670654297,-3.4071736335754395,-0.8604746460914612,common_voice_ko_37195213.mp3,thirties,male_masculine,2,1
6.7680272108843536,0.10607074058219178,0.08848635189295216,1588.164114848266,1074.591283123975,1372.4753064180363,558.3063607424567,2911.2226930383135,1891.9435626528361,-399.7163391113281,124.4327392578125,-5.818498134613037,36.981109619140625,-11.645419120788574,-11.326340675354004,-8.282058715820312,-12.343574523925781,-6.472680568695068,-4.976519584655762,-4.093520164489746,-3.6470143795013428,0.8404790163040161,common_voice_ko_37195216.mp3,thirties,male_masculine,2,1
8.424036281179138,0.08270784908746556,0.05706816505661719,1408.2762263988177,817.8544177648942,1367.3325030181786,529.3084718703101,2723.4756343620866,1729.383667730873,-360.6238708496094,125.29438781738281,-3.0589730739593506,31.4531192779541,-8.839473724365234,-18.07384490966797,-3.5819754600524902,-11.850262641906738,-9.191176414489746,-4.091439723968506,-4.831289291381836,-0.7268763184547424,1.0479991436004639,common_voice_ko_37195222.mp3,thirties,male_masculine,2,1
5.04,0.14625591313073394,0.09479696532694842,2470.875912445189,1273.2305115881318,2404.003179959699,584.8344515424608,4831.833473695528,2656.84375224497,-382.7481689453125,80.86679077148438,19.04985809326172,15.051006317138672,2.9409849643707275,-6.024346828460693,4.8468828201293945,2.71846866607666,-13.728381156921387,4.102083206176758,-5.265786170959473,-2.067768096923828,-10.486649513244629,common_voice_ko_39968128.mp3,thirties,male_masculine,2,1
9.216009070294785,0.1345196394836272,0.10064073568209708,2277.262254712242,1280.8983833921054,2205.7998736040577,642.439589663708,4431.798978176165,2447.916893311907,-371.91534423828125,88.89295959472656,14.2651948928833,11.569292068481445,-1.0966286659240723,-12.997173309326172,-5.885663986206055,1.856999397277832,-18.793834686279297,6.33749532699585,-3.6268510818481445,2.850196361541748,-0.6869125366210938,common_voice_ko_39968135.mp3,thirties,male_masculine,2,1
4.572018140589569,0.15058643321700507,0.10853720147036082,2330.065082686271,1532.374968813853,2111.5947104738398,716.2410969767907,4335.333344900064,2714.036855276797,-395.2234191894531,90.8687973022461,5.34251070022583,5.4146857261657715,13.413089752197266,-1.6874709129333496,-16.156496047973633,-0.17122316360473633,-8.605573654174805,-8.272479057312012,2.2129311561584473,-3.2166244983673096,-7.634676456451416,common_voice_ko_39968167.mp3,thirties,male_masculine,2,1
6.696009070294784,0.1355681633866782,0.14208934237137208,2140.224340611815,1780.0871291833062,1536.6156942815715,745.0781349007638,3666.2699874297145,2625.2283422798682,-390.5721740722656,113.61207580566406,-24.654239654541016,14.774481773376465,-5.276895999908447,-22.561304092407227,-16.196134567260742,-12.999919891357422,-18.114990234375,3.3974802494049072,-15.431032180786133,-5.23773717880249,2.6258554458618164,common_voice_ko_36394271.mp3,thirties,male_masculine,2,1
6.7680272108843536,0.1629371120505137,0.15568569095128723,2362.509235896274,1910.3323024461818,1600.8258560939184,779.7312480756663,4029.105659380351,2690.7268508870907,-421.4033203125,97.40752410888672,-21.285791397094727,11.79702377319336,-1.9548028707504272,-19.453697204589844,-14.104889869689941,-7.661256790161133,-16.537504196166992,0.4394470751285553,-11.48845386505127,-5.812929630279541,2.575860023498535,common_voice_ko_36394272.mp3,thirties,male_masculine,2,1
6.66,0.14936982796167247,0.14621282279367975,2278.472011981867,1809.348623727784,1612.0164819394192,685.129583557441,3906.025509717988,2454.0908344175377,-391.1600036621094,102.94559478759766,-29.18540382385254,22.92490005493164,2.2906906604766846,-21.904888153076172,-15.942831993103027,-6.0018696784973145,-19.91703987121582,-0.7235605120658875,-16.825096130371094,-6.407663822174072,1.2538272142410278,common_voice_ko_36394273.mp3,thirties,male_masculine,2,1
7.776009070294784,0.11986794542910448,0.12585967135532108,2021.7686179950524,1697.3648024446516,1486.1129643161846,946.8907624401118,3505.444773204291,2769.0109040292987,-404.2330322265625,69.33468627929688,-10.169329643249512,16.020671844482422,-4.956732273101807,-16.389911651611328,-2.839085817337036,-5.526374816894531,-17.048248291015625,1.8770034313201904,-14.772994041442871,-2.1845433712005615,0.7463881969451904,common_voice_ko_36396940.mp3,fourties,male_masculine,3,1
5.6880272108843535,0.1193100286989796,0.12530637101139427,1862.1707521971905,1671.325915243517,1409.5064171633953,924.7656545857733,3252.83203125,2708.147733642676,-396.36236572265625,66.70906066894531,-14.323158264160156,8.986786842346191,-4.58085298538208,-11.783488273620605,-14.057465553283691,-8.56546401977539,-14.591926574707031,1.188323736190796,-11.990764617919922,-4.905872821807861,-3.1634681224823,common_voice_ko_36396941.mp3,fourties,male_masculine,3,1
5.22,0.13532769097222222,0.15193872714168363,2270.577615396769,2047.5920159390055,1543.2479431796557,969.3474750085815,3911.2431640625,3061.648013767334,-446.38409423828125,71.44966888427734,-18.89118003845215,6.656435489654541,-9.752937316894531,-14.807037353515625,-6.537479400634766,-4.909384727478027,-15.607391357421875,0.7166744470596313,-9.158220291137695,-2.6766350269317627,-0.4377478063106537,common_voice_ko_36396942.mp3,fourties,male_masculine,3,1
5.76,0.12243897464859438,0.12897419769940632,2139.6940899634023,1778.4603636735662,1555.300623035367,792.061450616659,3722.390342620482,2635.327341472869,-423.97332763671875,88.26078033447266,-29.101993560791016,16.73085594177246,4.9684739112854,-22.585350036621094,-10.44243335723877,-9.054996490478516,-16.984821319580078,2.1877024173736572,-14.330826759338379,-3.417292594909668,-0.6844587922096252,common_voice_ko_36396944.mp3,fourties,male_masculine,3,1
4.176009070294785,0.18710394965277777,0.17784617643037673,2964.7720431029475,2095.0303199823757,1988.3444699969589,932.5567045730692,4974.947509765625,3285.150112579772,-489.25146484375,59.36190414428711,-5.7021355628967285,5.47763729095459,-14.602757453918457,-11.065926551818848,-3.34049654006958,-1.1309845447540283,-13.10155200958252,2.6065309047698975,-10.251773834228516,-5.025207042694092,0.3639998435974121,common_voice_ko_36412914.mp3,fourties,male_masculine,3,1
8.316009070294784,0.11578794176532034,0.13904684495603037,1751.1116896633714,1766.8493826208587,1291.9546738410552,855.9136144363492,2910.7012480414346,2711.4109055496315,-414.892578125,89.0825424194336,-12.837708473205566,0.6880176663398743,-12.0315523147583,-9.833393096923828,-10.150104522705078,-11.269134521484375,-13.4921875,-0.1743626445531845,-11.183915138244629,-7.0644707679748535,-4.411685943603516,common_voice_ko_36412915.mp3,fourties,male_masculine,3,1
4.536009070294784,0.13877650669642858,0.16456698823725882,2361.193139277645,2163.9515496262243,1585.2893144887048,958.4299425787169,3835.711669921875,3272.3617596227,-440.9331970214844,62.287445068359375,-11.382906913757324,-3.3529927730560303,-14.242074012756348,-6.695353031158447,-4.9019775390625,-3.6887264251708984,-13.370929718017578,-0.37236785888671875,-6.423010349273682,-5.109429836273193,-1.391684651374817,common_voice_ko_36412916.mp3,fourties,male_masculine,3,1
6.516009070294785,0.1253666453514235,0.15711607613112713,2011.2538698352234,1957.7098413036406,1398.3550870528975,869.5171592638961,3306.5727695451515,2917.681960688941,-437.7353210449219,85.92679595947266,-16.363544464111328,5.273643493652344,-13.586446762084961,-7.367297172546387,-11.240915298461914,-11.525568008422852,-14.08935546875,-0.30869626998901367,-10.296268463134766,-7.148759841918945,-3.0933823585510254,common_voice_ko_36412917.mp3,fourties,male_masculine,3,1
5.04,0.10939515840022936,0.1540598268464955,1990.9414026938487,2109.875806171957,1411.7503394938794,865.8244587472756,3231.7584396502293,3066.6388080667084,-424.0711975097656,89.28108215332031,-3.7964048385620117,6.779969215393066,-6.745842933654785,-22.50140380859375,-14.94959545135498,3.36334490776062,-16.15817642211914,-1.8545222282409668,-12.3851957321167,-8.244184494018555,3.298529863357544,common_voice_ko_36416346.mp3,fourties,male_masculine,3,1
5.076009070294784,0.12585170519406394,0.15341490505031458,2189.3985819314335,2147.3898622844,1488.442209996661,973.6972752856288,3609.171326519692,3183.750764977133,-479.6752014160156,84.60690307617188,-6.01109504699707,10.572305679321289,-1.5083223581314087,-22.15772247314453,-11.576459884643555,0.8879870176315308,-12.387808799743652,-6.255113124847412,-10.760485649108887,-5.883432865142822,3.6398813724517822,common_voice_ko_36416347.mp3,fourties,male_masculine,3,1
5.868027210884354,0.12706699295948617,0.14843769439661272,2096.281691680708,2025.7171196701788,1540.6991847055049,919.2805105708941,3575.660723659832,2992.7020568922776,-433.7808837890625,87.25807189941406,-5.464482307434082,13.79837417602539,-4.346972942352295,-23.134336471557617,-13.739819526672363,-0.01585780270397663,-16.353057861328125,-4.203444480895996,-11.598950386047363,-4.929717063903809,0.8789272904396057,common_voice_ko_36416348.mp3,fourties,male_masculine,3,1
6.048027210884354,0.13567483836206898,0.15156452893007677,2117.8112185611635,1959.0789195287189,1556.563751052577,836.9964589014029,3496.6291756465516,2933.5367615085515,-425.16351318359375,92.01406860351562,-4.845251560211182,5.817146301269531,-9.234116554260254,-26.20374298095703,-14.045620918273926,-0.0827469527721405,-17.243541717529297,-4.475643157958984,-11.764450073242188,-2.2657697200775146,0.30887526273727417,common_voice_ko_36416349.mp3,fourties,male_masculine,3,1
7.236009070294784,0.13904434595352563,0.1476339100740038,2172.965550964637,1770.466598908118,1667.75934048515,766.1419790171822,3811.1353947566104,2652.962282259803,-390.79437255859375,91.90872192382812,-9.230914115905762,17.15293312072754,1.8079947233200073,-25.578269958496094,-18.958383560180664,0.5477127432823181,-17.139007568359375,-5.409679889678955,-12.65032958984375,-7.739246845245361,2.178105592727661,common_voice_ko_36416350.mp3,fourties,male_masculine,3,1
4.536009070294784,0.1258968431122449,0.17127390471880785,2256.264321010852,2240.2347192815982,1485.697971254846,968.0763426256505,3702.117919921875,3230.3181625091743,-455.5056457519531,73.35816955566406,-3.899191379547119,18.41777992248535,6.2112555503845215,-14.587215423583984,-13.230195045471191,-2.420707941055298,-13.66567325592041,-1.9106379747390747,-8.510075569152832,-10.431100845336914,0.3635702431201935,common_voice_ko_36433058.mp3,fourties,male_masculine,3,1
4.968027210884354,0.15548791617990654,0.1504146575163658,2600.2832217150694,2057.7349111365097,1757.4582605967717,769.458446732229,4310.212721780082,2816.7577452390365,-433.0150451660156,78.2409439086914,-10.26909351348877,13.900075912475586,-6.363677024841309,-19.842641830444336,-15.200638771057129,-6.097747325897217,-18.59093475341797,1.0721538066864014,-12.342693328857422,-5.3432416915893555,-0.7610796093940735,common_voice_ko_36433059.mp3,fourties,male_masculine,3,1
4.5,0.14310919378221648,0.1556680342082044,2529.3525231706426,2251.770785991623,1655.2680096716977,905.8814666993369,4065.11356314433,3221.3207659590594,-485.5707702636719,90.55738830566406,-16.30204963684082,4.3527045249938965,1.4088175296783447,-17.848535537719727,-19.919706344604492,-2.699381113052368,-17.296653747558594,1.1441184282302856,-10.302996635437012,-5.705428123474121,0.7051354646682739,common_voice_ko_36433060.mp3,fourties,male_masculine,3,1
5.796009070294785,0.1254765625,0.12878098145095682,2126.6087696071054,1870.872208622112,1640.1383423700597,914.5101588627718,3760.25712890625,2852.187093329354,-402.6933898925781,88.7834243774414,-17.179105758666992,15.224528312683105,10.933046340942383,-15.731672286987305,-22.80678939819336,-8.978925704956055,-13.765090942382812,-0.3945290446281433,-11.3505220413208,-5.794642925262451,-3.0119354724884033,common_voice_ko_36433061.mp3,fourties,male_masculine,3,1
6.588027210884354,0.15928456481073944,0.152449807949554,2364.2293306007573,1905.8117169422094,1711.6935973041104,720.0783202167386,3982.732724471831,2763.0781780235293,-384.0582580566406,95.68981170654297,-10.83531379699707,21.02619171142578,4.0049943923950195,-15.178994178771973,-28.7690372467041,-2.512328624725342,-17.632272720336914,-7.831991672515869,-15.688249588012695,-8.477054595947266,-3.4024622440338135,common_voice_ko_36458008.mp3,fourties,male_masculine,3,1
6.3,0.12260167738970588,0.1200247595786813,2033.2124602521105,1697.951973157045,1567.937592092282,711.3787375169545,3469.8144351734836,2519.669639522018,-374.80157470703125,110.02848052978516,-20.945585250854492,8.572345733642578,4.957930088043213,-20.773427963256836,-21.777727127075195,-4.202909469604492,-15.685005187988281,-5.425088405609131,-18.70316505432129,-2.864398241043091,-4.150475025177002,common_voice_ko_36458009.mp3,fourties,male_masculine,3,1
5.148027210884353,0.17100841075450451,0.15905042230518793,2511.082414560108,1977.1543759119086,1735.3934834524114,848.6811999426342,4267.599569784628,2925.948728203565,-388.27313232421875,84.43840026855469,-15.593132972717285,12.858810424804688,-6.276299953460693,-20.139259338378906,-7.488030910491943,-11.76006031036377,-16.224077224731445,1.2197508811950684,-7.75974702835083,-4.266725063323975,-4.776635646820068,common_voice_ko_36832967.mp3,fourties,male_masculine,3,1
6.336009070294785,0.15960536858974358,0.14555745356028635,2343.6766808747952,1823.251372844863,1803.728563940622,874.4295082834864,4093.122746394231,2918.9715848519872,-423.83746337890625,93.87435913085938,-14.8879976272583,3.5753583908081055,-2.0984156131744385,-15.462969779968262,-11.430587768554688,-11.10020637512207,-19.010047912597656,0.27152127027511597,-13.094263076782227,1.986831784248352,-6.33591890335083,common_voice_ko_36832969.mp3,fourties,male_masculine,3,1
4.608027210884353,0.1801414298052764,0.16320255192926192,2771.801294319309,1962.1667352215431,1791.5920458959718,825.3381793446604,4665.833930394158,2915.7148353104058,-418.488037109375,70.76253509521484,-21.45891761779785,12.677748680114746,2.9664974212646484,-6.156399726867676,-9.532207489013672,-11.891471862792969,-19.059324264526367,-0.5619630813598633,-8.830364227294922,-3.95589280128479,-0.061776164919137955,common_voice_ko_36835724.mp3,fourties,male_masculine,3,1
6.7680272108843536,0.1403959091395548,0.14195374088414955,2302.703336972428,1700.6698476624135,1685.5391882814574,734.0282364042304,3940.834275337115,2621.018380990723,-400.4947509765625,88.76056671142578,-24.37061309814453,17.215051651000977,-4.13246488571167,-11.700663566589355,-10.842440605163574,-11.770225524902344,-24.63335609436035,-3.5230889320373535,-19.668869018554688,-2.8275458812713623,2.3807854652404785,common_voice_ko_36835725.mp3,fourties,male_masculine,3,1
6.12,0.1532925692471591,0.14520745378097216,2320.877185697764,1724.0071940573944,1709.5028639930304,768.2461652948454,4129.481090198864,2572.477561620318,-385.6391296386719,81.48458099365234,-13.161392211914062,20.684755325317383,-3.492377519607544,-20.005434036254883,-14.755989074707031,-1.3312532901763916,-25.0477294921875,-2.4159882068634033,-9.23221492767334,-11.045905113220215,4.685336589813232,common_voice_ko_37451174.mp3,fourties,male_masculine,3,1
4.428027210884354,0.17559974231020942,0.15572749389976986,2437.9996655553314,1706.4792479557577,1775.4572349337582,919.1163954775221,4376.08802356021,2681.5155840572347,-415.42376708984375,53.16347122192383,-9.375882148742676,17.214889526367188,-6.142404079437256,-9.206964492797852,-1.3755488395690918,-1.5668315887451172,-17.759849548339844,0.5575025677680969,-10.157285690307617,-4.591750144958496,2.416637420654297,common_voice_ko_38552847.mp3,fourties,male_masculine,3,1
4.176009070294785,0.162646484375,0.1540696680938957,2455.364989564198,1913.1029415227563,1748.1443234230132,819.8397830918561,4345.87890625,2767.498245718985,-415.9875793457031,70.63456726074219,-20.428009033203125,12.96959114074707,-8.453804969787598,-17.280588150024414,-9.823884963989258,-3.6096351146698,-19.392854690551758,-5.387971878051758,-10.564926147460938,1.8138326406478882,-0.3925107419490814,common_voice_ko_38552848.mp3,fourties,male_masculine,3,1
8.46,0.10579114940068493,0.09490366308587626,2078.5156354917603,1405.5476397611833,2149.15186694014,912.1521029041046,4204.018688463185,3299.3579567752963,-320.63958740234375,91.74362182617188,8.552565574645996,14.3580904006958,-1.4429105520248413,3.6012792587280273,8.322578430175781,-14.019118309020996,-5.278528213500977,-4.416698932647705,-5.901735305786133,-14.823673248291016,-14.986215591430664,common_voice_ko_36314559.mp3,twenties,female_feminine,1,0
5.508027210884354,0.09962989101890757,0.09995159361927465,2003.6841073891712,1346.6904445670712,2051.307910422741,671.9688278102975,3814.0007467830883,2693.2686821917105,-361.450927734375,85.51288604736328,5.092034816741943,31.42668342590332,5.3930559158325195,-2.7822535037994385,4.416226387023926,-19.482990264892578,-11.419380187988281,-5.025662422180176,-4.53162145614624,-10.347868919372559,-8.55321979522705,common_voice_ko_36314560.mp3,twenties,female_feminine,1,0
4.968027210884354,0.11451107987733646,0.12119592020006427,2109.505297869823,1655.716658550161,2052.0732750970833,830.4070792914408,3963.216221889603,3224.0058299171733,-406.7261962890625,94.96195983886719,15.31582260131836,15.283817291259766,2.9180405139923096,1.1846197843551636,-0.32635369896888733,-22.073936462402344,-9.358642578125,-3.213186740875244,-6.879693508148193,-13.500435829162598,-4.012434482574463,common_voice_ko_36314561.mp3,twenties,female_feminine,1,0
4.968027210884354,0.11046792859228972,0.11836518358819206,1995.75258369817,1562.1162165415863,2017.6336246056833,832.7393716597638,3840.9599518107475,3204.8206447461184,-379.7434387207031,91.03298950195312,11.841178894042969,16.980131149291992,4.351868629455566,-0.7404078841209412,-0.9738721251487732,-15.489680290222168,-10.715728759765625,-1.9573863744735718,-4.694403171539307,-13.876349449157715,-4.588071346282959,common_voice_ko_36314562.mp3,twenties,female_feminine,1,0
5.796009070294785,0.091568359375,0.10391147339505442,1752.7910191336641,1316.4045220107766,1934.8822046348596,592.2686369864367,3270.07529296875,2534.584967837643,-351.30181884765625,112.21632385253906,10.41357707977295,31.064149856567383,-0.03283141925930977,0.4856526553630829,4.998137474060059,-23.947284698486328,-5.8318915367126465,-2.1122653484344482,-5.242827892303467,-14.386940956115723,-7.909510135650635,common_voice_ko_36314563.mp3,twenties,female_feminine,1,0
3.708027210884354,0.1059326171875,0.10555003954183252,2150.962055838732,1403.2116090917173,2203.66913793219,691.5290177196691,4157.657775878906,2715.3432342839933,-304.4466247558594,105.28349304199219,5.2122673988342285,27.050500869750977,6.959839820861816,4.008859634399414,2.402177333831787,-12.067180633544922,-5.319410800933838,0.22139091789722443,-2.42940092086792,-15.770345687866211,-3.0235910415649414,common_voice_ko_36314570.mp3,twenties,female_feminine,1,0
2.7,0.15147152110042736,0.111315051947251,2675.4976814210986,1492.5969346769914,2381.381419734867,614.0675324696748,5124.166165865385,2511.5604497030945,-311.3829650878906,74.72786712646484,-2.5634570121765137,19.821548461914062,2.058567762374878,14.140795707702637,11.8466796875,-9.902070999145508,-3.124720573425293,-1.336754560470581,-0.777357816696167,-11.412538528442383,-9.5086669921875,common_voice_ko_36314578.mp3,twenties,female_feminine,1,0
3.168027210884354,0.13097342609489052,0.12230304375244602,2279.379151634736,1500.964896737593,2199.257895703221,742.0954251635857,4435.918432082573,2921.9847878635787,-314.7290344238281,103.6179428100586,-2.2027907371520996,16.91167640686035,0.5070720911026001,2.0536749362945557,1.3475565910339355,-13.85725212097168,-7.684495449066162,-2.1530044078826904,-1.881796956062317,-9.406498908996582,-6.891948699951172,common_voice_ko_36314592.mp3,twenties,female_feminine,1,0
2.628027210884354,0.12419904742324561,0.11286253724173007,2288.060859559199,1464.0282289568565,2148.103799190557,726.8933820501079,4375.112433182566,2828.1304608660826,-297.14874267578125,100.68863677978516,-9.877941131591797,16.164291381835938,0.8394562005996704,5.8483171463012695,10.235719680786133,-14.661845207214355,-4.448911666870117,-4.155064105987549,-1.0936672687530518,-14.138212203979492,-15.351507186889648,common_voice_ko_36314601.mp3,twenties,female_feminine,1,0
2.2680272108843536,0.11713269292091837,0.09517435922488675,2203.2936099772587,1267.21390575005,2196.2168737779316,738.437186423459,4469.23828125,2706.028463731489,-273.17559814453125,99.85787963867188,-8.589759826660156,22.034332275390625,-1.5915074348449707,3.392021417617798,10.143399238586426,-15.11425495147705,-9.314366340637207,-2.589905261993408,-2.248481512069702,-15.890128135681152,-12.416629791259766,common_voice_ko_36314612.mp3,twenties,female_feminine,1,0
4.14,0.11498614263268156,0.11277733129080249,2108.911711657352,1557.9829030525723,2078.820372058973,759.3769528736716,4013.897330001746,2869.277061547824,-298.8629455566406,105.00104522705078,-2.791728973388672,19.89231300354004,4.740562438964844,6.083820819854736,12.164005279541016,-10.11631965637207,-7.111633777618408,-1.3553375005722046,-4.701464653015137,-15.38467788696289,-8.728788375854492,common_voice_ko_36314613.mp3,twenties,female_feminine,1,0
5.328027210884354,0.09521059782608696,0.11052791854359087,1922.0957724256532,1264.85078788065,2110.6667646350784,632.7321720511966,3819.241253396739,2528.371043201273,-256.20245361328125,106.61544036865234,-0.4917634427547455,22.516462326049805,7.4263596534729,4.604518890380859,2.799738645553589,-10.083648681640625,-1.6149818897247314,-5.14811372756958,-6.016844272613525,-10.78123664855957,-10.056195259094238,common_voice_ko_36314620.mp3,twenties,female_feminine,1,0
2.088027210884354,0.10338541666666666,0.08283903388626948,2084.6971283518355,1178.250917331175,2203.997776953441,613.4648978167456,4154.11376953125,2346.7109675233596,-284.4061584472656,101.55098724365234,6.01226806640625,36.37059783935547,-0.5988157391548157,-2.588221311569214,3.357470750808716,-16.0648193359375,-2.5020179748535156,-4.411426067352295,-7.361954212188721,-13.478317260742188,-7.32028865814209,common_voice_ko_36314622.mp3,twenties,female_feminine,1,0
4.716009070294785,0.08796243106617647,0.104785083463715,1870.8946250217891,1319.7363304855962,2152.7562167782635,656.9765808233618,3727.6191262637867,2599.371030972901,-343.7645568847656,111.78460693359375,9.879464149475098,30.481470108032227,10.279220581054688,3.4238221645355225,2.994861125946045,-9.97381591796875,-4.242923259735107,-2.717519998550415,-4.55449104309082,-11.13495922088623,-8.640425682067871,common_voice_ko_36314623.mp3,twenties,female_feminine,1,0
2.2680272108843536,0.1089614556760204,0.10220024939377961,2116.835385575224,1313.4620910189337,2228.0733778028616,709.1216301909628,4299.169921875,2861.836287125629,-342.06719970703125,103.13280487060547,0.47707873582839966,24.039573669433594,5.395431995391846,-0.4521491527557373,4.4952921867370605,-9.520840644836426,-2.669243574142456,0.751323938369751,-2.2233524322509766,-10.16152286529541,-5.047154426574707,common_voice_ko_36314629.mp3,twenties,female_feminine,1,0
4.536009070294784,0.11919294084821429,0.13103503180165219,2263.1692821600077,1560.2082086580194,2086.509300197479,718.331087615041,4396.9482421875,2874.7888298330754,-354.19769287109375,75.60765075683594,-3.7804765701293945,39.19731140136719,12.120869636535645,-3.854891300201416,0.4055877923965454,-19.549774169921875,-7.068934917449951,-3.457990884780884,-6.657491683959961,-11.624014854431152,-6.381168365478516,common_voice_ko_36314650.mp3,twenties,female_feminine,1,0
3.6,0.1102764423076923,0.12041612766279289,2065.389825120421,1521.2528066859343,2053.3373719898177,717.7855592989623,4019.4622333233174,2911.629961304515,-286.82244873046875,104.2935791015625,0.23709556460380554,26.652061462402344,4.762889385223389,3.901874303817749,7.096914291381836,-16.977739334106445,-11.62095832824707,-2.15398907661438,-3.2533648014068604,-9.599607467651367,-5.386929988861084,common_voice_ko_36314656.mp3,twenties,female_feminine,1,0
2.9160090702947845,0.13596695188492064,0.1168731291610216,2420.388958193398,1516.384331349023,2264.564871565302,675.4163492969394,4686.63330078125,2899.7609264231805,-291.1979675292969,87.95858001708984,-4.307064533233643,25.984128952026367,4.698209762573242,3.9101760387420654,7.6981401443481445,-16.247028350830078,-7.295580863952637,0.9930509328842163,-3.482309579849243,-11.505475044250488,-4.0331196784973145,common_voice_ko_36314664.mp3,twenties,female_feminine,1,0
4.176009070294785,0.092333984375,0.08864940147525367,1873.5694720115325,1198.7923005603996,2017.242948814601,608.0297242090708,3714.417724609375,2381.130078198063,-274.4248352050781,109.12541961669922,-0.7937596440315247,32.054866790771484,1.7356523275375366,3.4624240398406982,6.8579421043396,-23.15860366821289,-9.119756698608398,-2.0385916233062744,-2.267728090286255,-10.190879821777344,-7.031144142150879,common_voice_ko_36314666.mp3,twenties,female_feminine,1,0
3.24,0.12238420758928571,0.1231435669561481,2285.0278861199845,1482.6377736852385,2313.167410800527,711.7203120301753,4674.935302734375,2951.315932198567,-299.8846435546875,92.19795227050781,6.621575832366943,23.095592498779297,2.329843521118164,5.300281047821045,8.021459579467773,-13.094659805297852,-8.590910911560059,0.2578797936439514,-3.582617998123169,-9.16395092010498,-3.3943285942077637,common_voice_ko_36314677.mp3,twenties,female_feminine,1,0
2.5560090702947846,0.14187429617117117,0.12362578243243096,2427.947981182695,1466.4812766738987,2348.753525533494,777.9103651328517,5065.9285261824325,3155.7337707802444,-340.13739013671875,91.75896453857422,-6.435551643371582,26.14027214050293,10.17133903503418,-4.964413166046143,6.194668769836426,-10.0316743850708,-3.1986536979675293,1.2343417406082153,-1.3017739057540894,-9.733932495117188,-6.110401153564453,common_voice_ko_36314686.mp3,twenties,female_feminine,1,0
3.78,0.13302219133435583,0.1160975402234628,2393.109812470342,1543.4002388931976,2313.9756681177532,868.897544869906,4879.053932611197,3245.438416768817,-344.3677062988281,82.46153259277344,5.100649833679199,31.51144027709961,10.233198165893555,-9.531872749328613,-2.471404552459717,-18.673280715942383,-2.3314414024353027,-2.323882579803467,-4.182807922363281,-12.736047744750977,-5.317473411560059,common_voice_ko_36314693.mp3,twenties,female_feminine,1,0
2.5560090702947846,0.15271765906531531,0.12881987464355016,2786.4631288825444,1681.2540112510283,2496.466642899802,902.7324803319124,5608.8174355996625,3342.9410542357987,-347.3785095214844,71.93386840820312,11.861879348754883,30.081409454345703,2.275179147720337,-4.605201721191406,-0.3526608645915985,-22.095821380615234,-5.506285190582275,1.564876675605774,-4.124785900115967,-14.432321548461914,-1.3194022178649902,common_voice_ko_36314694.mp3,twenties,female_feminine,1,0
2.088027210884354,0.15208875868055555,0.13585455550779388,2772.257217239952,1701.5752667983243,2488.9179139192975,949.5061548068328,5748.76708984375,3427.1172577788643,-364.9013977050781,82.1629638671875,-2.856259822845459,11.871990203857422,7.052609443664551,-2.091146230697632,9.732748985290527,-12.309967994689941,-3.126363754272461,7.355747699737549,-3.3664116859436035,-16.59740447998047,-1.7520043849945068,common_voice_ko_36314695.mp3,twenties,female_feminine,1,0
5.796009070294785,0.109107421875,0.13503978822494914,1900.7007986960916,1683.9381549979846,1933.5488547924112,737.8503226609887,3361.97900390625,3106.6684391104204,-338.4259338378906,87.00706481933594,13.821954727172852,28.664669036865234,15.572940826416016,-0.08039429038763046,-4.456384181976318,-25.04239845275879,-10.833056449890137,2.980459690093994,-7.192378997802734,-15.731621742248535,-6.36716890335083,common_voice_ko_36314697.mp3,twenties,female_feminine,1,0
2.736009070294785,0.13800152277542374,0.13615159887372436,2221.8386141447804,1655.065191949571,2153.2722851867534,912.8823622889893,4305.089504435911,3479.4788194529965,-345.1758728027344,90.98174285888672,3.5744755268096924,28.97821617126465,11.780543327331543,-11.706507682800293,2.7284629344940186,-16.197391510009766,-11.518840789794922,-5.297756671905518,-4.840932846069336,-12.562560081481934,-8.676651000976562,common_voice_ko_36314698.mp3,twenties,female_feminine,1,0
3.24,0.1556640625,0.13259209303753192,2609.477904855415,1730.870566488171,2345.334569559046,888.7106973044762,5116.058349609375,3390.807371841583,-352.1663513183594,71.3228759765625,9.92951488494873,39.880348205566406,9.101069450378418,-7.559480667114258,4.816825866699219,-20.274911880493164,-9.199012756347656,-1.2765679359436035,-6.583874702453613,-13.83103084564209,-3.9507789611816406,common_voice_ko_36314699.mp3,twenties,female_feminine,1,0
3.168027210884354,0.13691121122262773,0.12446140391189087,2345.039382481666,1619.4423063077065,2170.7482362081955,864.7080922042892,4654.629761633211,3232.596645468614,-333.32281494140625,81.95780181884766,1.1849117279052734,31.66454315185547,6.9402756690979,-8.304702758789062,3.5085880756378174,-20.000715255737305,-11.46790885925293,7.117348670959473,-1.5662429332733154,-15.914329528808594,-6.543735980987549,common_voice_ko_36314700.mp3,twenties,female_feminine,1,0
3.0960090702947847,0.12072571711753731,0.13212013041275264,2238.7891809784924,1622.1236040777403,2226.680122694633,860.4171039086035,4556.120459713153,3338.5660872711155,-358.1332702636719,83.54043579101562,2.084153413772583,35.57182693481445,16.876052856445312,-8.370336532592773,2.9297027587890625,-15.271766662597656,-5.075954914093018,-0.6862013936042786,-4.251542091369629,-14.375696182250977,-5.9215545654296875,common_voice_ko_36314701.mp3,twenties,female_feminine,1,0
2.4480272108843537,0.17210532134433962,0.15387069058326341,2784.287822468315,1821.5356400489213,2388.798581771792,853.0379485695481,5384.0117832399765,3451.5447214286964,-369.6708679199219,75.26412200927734,-4.000340461730957,24.604467391967773,12.157910346984863,-3.9365994930267334,7.600988864898682,-15.022587776184082,-3.2906289100646973,7.84266996383667,0.5188235640525818,-16.078901290893555,-5.656303405761719,common_voice_ko_36314702.mp3,twenties,female_feminine,1,0
7.416009070294785,0.18992767333984376,0.14197332250815559,2584.3213725552932,1680.993463546626,2479.887652603217,863.731328840999,4982.682266235352,3510.101127285412,-470.4330139160156,90.1212158203125,18.644046783447266,9.893402099609375,11.044675827026367,2.9728283882141113,-2.124070644378662,3.1756319999694824,-4.253128528594971,-1.652679681777954,-1.9722707271575928,-1.0670936107635498,-6.271435737609863,common_voice_ko_37159811.mp3,twenties,male_masculine,1,1
5.148027210884353,0.20941327069256757,0.15343602694841715,2842.7351267228773,1771.3602439653798,2591.3879318635754,884.471317445214,5576.469132706926,3442.8200212171105,-463.6957092285156,92.5023193359375,16.65848731994629,4.803412914276123,15.083412170410156,1.155027151107788,-2.6009042263031006,0.6053470373153687,-4.919677257537842,-0.4976862370967865,-3.640192747116089,0.5123234391212463,-4.859119415283203,common_voice_ko_37159812.mp3,twenties,male_masculine,1,1
5.4360090702947845,0.2024434840425532,0.15157238859016414,2740.396898915818,1683.6357939543227,2575.0877193113056,885.9863373348198,5371.984395777926,3495.697254824306,-446.00787353515625,83.27873992919922,17.129621505737305,9.404316902160645,8.855639457702637,0.8883368372917175,-0.5093225240707397,3.9674148559570312,-7.230381488800049,-3.9405224323272705,-1.4672127962112427,-1.0337718725204468,-3.911653995513916,common_voice_ko_37159814.mp3,twenties,male_masculine,1,1
7.92,0.16449224460891812,0.1328704363410189,2405.636200722953,1656.3369683999579,2384.00116176679,897.1603674146844,4774.6414987664475,3550.765127689549,-418.0329895019531,97.17154693603516,21.286108016967773,8.55202579498291,12.838610649108887,3.2792155742645264,-1.7824735641479492,0.4930966794490814,-7.768158435821533,-3.55216646194458,-2.195697784423828,-0.2358136922121048,-6.628677845001221,common_voice_ko_37159816.mp3,twenties,male_masculine,1,1
3.708027210884354,0.26275634765625,0.13208262499259318,3539.6162985295305,1448.3995323208796,3032.4884987138566,728.9479338767383,7143.842010498047,3230.537586025626,-590.0877075195312,58.4317741394043,16.30842399597168,3.5400443077087402,7.728882789611816,-1.3219236135482788,2.5266051292419434,6.702737331390381,-3.2322680950164795,-3.430635929107666,-2.391550064086914,-1.7940587997436523,-1.9737584590911865,common_voice_ko_37159817.mp3,twenties,male_masculine,1,1
5.508027210884354,0.19896845456932774,0.1473010074202901,2722.6212712867573,1727.9588693619924,2516.1869000547977,944.6661894793763,5343.446260340073,3630.438339658791,-457.69195556640625,85.90119934082031,15.976895332336426,3.6792564392089844,7.010166645050049,1.7283058166503906,-0.6407036781311035,1.5000075101852417,-4.877564430236816,-2.4775454998016357,-0.30585089325904846,1.816325306892395,-4.342857837677002,common_voice_ko_37159818.mp3,twenties,male_masculine,1,1
6.588027210884354,0.19169853102992956,0.14973218273273317,2735.3695918165513,1722.975984604669,2519.4391334044685,837.0213745262189,5212.968595262984,3428.0721735515285,-499.1100769042969,81.43051147460938,17.709413528442383,13.918842315673828,16.120027542114258,1.8547264337539673,-1.985447645187378,4.777053356170654,-6.825438022613525,-3.2543232440948486,-1.6080888509750366,-2.050467014312744,-5.971505641937256,common_voice_ko_37159819.mp3,twenties,male_masculine,1,1
8.568027210884354,0.19122761051829268,0.14115976292236115,2661.096544681714,1724.8554855163059,2483.64970229894,897.0353748119761,5174.21279535061,3567.9430504996667,-455.7233581542969,85.03594970703125,22.76935577392578,14.299443244934082,8.395416259765625,4.780529975891113,4.2673163414001465,2.4678115844726562,-4.989093780517578,-2.836491584777832,-2.3216938972473145,1.3302350044250488,-3.9518840312957764,common_voice_ko_37159820.mp3,twenties,male_masculine,1,1
6.7680272108843536,0.1778949058219178,0.14732978464787064,2437.588915505948,1682.7413383101637,2398.6341677768905,919.4355621701014,4762.0088760166955,3615.707086299033,-458.4819641113281,98.22869110107422,16.911096572875977,2.3601303100585938,6.7655816078186035,0.5988236665725708,1.6848691701889038,2.2711875438690186,-4.241368293762207,-6.234846115112305,-1.1672943830490112,1.3499701023101807,-6.474687099456787,common_voice_ko_37159821.mp3,twenties,male_masculine,1,1
3.78,0.21476586464723926,0.16325649765206676,2787.337217277858,1769.9234328231064,2625.612167780686,970.6681135356163,5510.650522430981,3761.310112020862,-546.23291015625,90.09517669677734,26.35209846496582,10.649493217468262,7.9108991622924805,-3.9444243907928467,0.8187987804412842,5.555966377258301,0.6091548800468445,-4.739208221435547,-1.0397303104400635,-0.8861623406410217,-5.4469757080078125,common_voice_ko_37159822.mp3,twenties,male_masculine,1,1
8.208027210884353,0.1623286877648305,0.14708355064703688,2241.682700484415,1683.3388708789057,2279.112522393744,908.8290524613994,4326.440222788665,3520.9874808868526,-437.5702819824219,102.26342010498047,21.69122314453125,11.049905776977539,10.793371200561523,1.8639684915542603,0.3216909170150757,3.768057346343994,-3.894486427307129,-6.249178409576416,-0.549574613571167,2.3432626724243164,-7.654874801635742,common_voice_ko_37159823.mp3,twenties,male_masculine,1,1
5.616009070294784,0.19888381327479338,0.15019858633290062,2735.9240714092416,1791.3610652994032,2521.0414300241887,921.7022972630728,5316.610137687242,3668.4191536650374,-497.252197265625,97.67097473144531,21.021608352661133,2.437128782272339,8.686957359313965,1.4599171876907349,-0.4847835898399353,1.6219141483306885,-3.6269819736480713,-5.422418117523193,1.9868706464767456,1.13886559009552,-5.231271743774414,common_voice_ko_37159824.mp3,twenties,male_masculine,1,1
6.588027210884354,0.2024510343309859,0.15523542152413186,2662.086262285203,1756.9753316509486,2489.9347537510575,908.1177389656891,5075.504872496699,3603.3865615706277,-467.0303039550781,105.26232147216797,17.692052841186523,-2.308598756790161,6.7666730880737305,0.9457836151123047,-3.395670175552368,-0.42577555775642395,-1.468173861503601,-5.378183364868164,-0.4178996980190277,-0.18607942759990692,-5.396368980407715,common_voice_ko_37159826.mp3,twenties,male_masculine,1,1
3.8160090702947844,0.2218069365530303,0.15485953484473783,3014.9355763466406,1774.961214908009,2650.353386804477,979.2055063826718,5969.199662642045,3727.912878067481,-551.8798217773438,81.43556213378906,18.81722640991211,7.142515182495117,13.15939712524414,1.1236438751220703,-1.9651988744735718,4.278402805328369,-0.5758758783340454,-3.7029218673706055,0.5822867155075073,-0.8651698231697083,-6.164546489715576,common_voice_ko_37159827.mp3,twenties,male_masculine,1,1
7.308027210884354,0.1910528273809524,0.14926405048302233,2645.1547004393537,1789.115608293175,2400.010601840768,920.5326666820938,5014.6044921875,3643.0822054093082,-454.00628662109375,97.68968200683594,18.556865692138672,2.6753017902374268,4.87429141998291,0.620183527469635,0.7381587624549866,1.7838385105133057,-5.061686038970947,-5.453545093536377,-0.5964237451553345,-1.0086113214492798,-6.675525665283203,common_voice_ko_37159828.mp3,twenties,male_masculine,1,1
3.708027210884354,0.270355224609375,0.12938136987507845,3484.8390590976646,1502.8779059695014,2943.80901687069,801.286807936246,6957.176055908203,3282.3909780267786,-562.6336669921875,54.55250930786133,13.1128568649292,3.5686333179473877,2.8204898834228516,-1.968987226486206,3.88481068611145,4.832333087921143,-1.7712863683700562,-0.9986139535903931,-1.6790521144866943,-0.1684301346540451,-2.679400682449341,common_voice_ko_37159829.mp3,twenties,male_masculine,1,1
5.58,0.2010503112033195,0.17514802572463675,2636.6960357262956,1844.2909673147149,2469.6163035326713,937.141317565098,5012.679509206431,3691.4324998320776,-439.491943359375,89.84748077392578,17.81108283996582,10.239160537719727,7.991261005401611,0.06310667842626572,-0.8651158213615417,2.9295084476470947,-4.616424083709717,-3.432316303253174,0.4305703639984131,-0.12977999448776245,-6.06135892868042,common_voice_ko_37159830.mp3,twenties,male_masculine,1,1
7.2,0.1997164514670418,0.15052868883190287,2674.645450570431,1718.510938579122,2548.803748922647,868.7623912989931,5229.55648048131,3463.087615554952,-464.0691833496094,92.46834564208984,17.254159927368164,3.0799014568328857,10.55670166015625,3.9666998386383057,-2.4843478202819824,-0.806419312953949,-3.2243175506591797,-5.347216606140137,-2.651146650314331,0.4257485866546631,-6.624912261962891,common_voice_ko_37159831.mp3,twenties,male_masculine,1,1
7.416009070294785,0.19345550537109374,0.16215962147602128,2578.0891473840575,1842.9617068805267,2401.4341306819224,899.5012892295177,4910.579681396484,3560.884964453131,-441.0459899902344,92.70471954345703,18.672042846679688,17.3625431060791,16.147037506103516,4.612463474273682,2.0133068561553955,-1.1948668956756592,-4.32988166809082,-3.927717924118042,-2.3297667503356934,-1.0456438064575195,-6.718138694763184,common_voice_ko_37159832.mp3,twenties,male_masculine,1,1
5.22,0.2011306423611111,0.1518975342952991,2725.5632828716643,1691.0583650547617,2553.1799238996673,936.3786446500384,5383.2529296875,3605.115750761856,-470.4028015136719,91.75188446044922,18.195255279541016,8.036946296691895,8.293768882751465,-0.040640462189912796,-0.45726683735847473,3.3210701942443848,-2.360231876373291,-5.771206378936768,-2.0487654209136963,-1.841185212135315,-5.524231910705566,common_voice_ko_37159833.mp3,twenties,male_masculine,1,1
5.04,0.20837066370412843,0.16884461223637112,2850.9469196362015,1930.0332522631118,2528.8350917854855,877.8553004713622,5449.283256880734,3502.1399102722244,-408.3320007324219,79.33702850341797,23.93468475341797,8.314079284667969,9.73155403137207,8.691941261291504,-4.3608551025390625,0.1364394724369049,-4.021760940551758,-4.818874359130859,0.40967071056365967,0.4623693525791168,-8.3812894821167,common_voice_ko_37159836.mp3,twenties,male_masculine,1,1
3.8880272108843537,0.2204037620907738,0.14166314476236017,2977.6971513433555,1615.8946969178385,2760.2789620502253,851.7121314896988,5907.8521728515625,3584.5078330619176,-500.83404541015625,72.78273010253906,11.910612106323242,-2.42974591255188,-0.9361121654510498,-0.5544737577438354,0.056649934500455856,7.917368412017822,-1.161910057067871,-10.100680351257324,2.2392680644989014,2.1872754096984863,-4.116200923919678,common_voice_ko_37159837.mp3,twenties,male_masculine,1,1
7.236009070294784,0.17789400540865385,0.13826500155687543,2519.495322571419,1696.1240171508625,2392.578628441585,960.9549333515262,5026.898662860577,3589.5035020118175,-438.2584228515625,99.3775405883789,16.91466522216797,10.080936431884766,10.370715141296387,1.3422009944915771,-4.698341369628906,2.0139260292053223,-5.878743648529053,-8.58225154876709,0.820195198059082,-0.6360436677932739,-10.34005069732666,common_voice_ko_37159838.mp3,twenties,male_masculine,1,1
9.108027210884353,0.1863109792461832,0.14739451461860725,2551.865878092146,1677.3017976638657,2488.4915470622686,818.7706431765662,4923.624425989981,3438.5204043256144,-436.7972412109375,86.13917541503906,19.088621139526367,7.980669021606445,8.687857627868652,1.93746018409729,-2.150137186050415,0.9128770232200623,-5.8327717781066895,-4.603173732757568,-2.185335397720337,-2.425347328186035,-5.777320861816406,common_voice_ko_37159839.mp3,twenties,male_masculine,1,1
4.608027210884353,0.21557494503768845,0.19391559552171475,2819.439784550845,1910.373668148154,2628.19903871165,853.7645491504994,5317.889618993405,3712.6583423596503,-483.15765380859375,81.40128326416016,21.390378952026367,8.608193397521973,14.873382568359375,7.359686851501465,-2.4631507396698,2.2014381885528564,-1.1363427639007568,-3.7463538646698,-0.34735560417175293,0.3915887176990509,-5.379221439361572,common_voice_ko_37159841.mp3,twenties,male_masculine,1,1
3.528027210884354,0.24565044202302633,0.14656266491742465,3300.5012077089646,1598.4956650815993,2923.025066448609,821.680554256214,6746.196706671464,3406.3856067249603,-582.2710571289062,45.960166931152344,19.085365295410156,15.126416206359863,13.944666862487793,4.369549751281738,-0.010717893950641155,6.304058074951172,-0.2873307168483734,-1.056340217590332,-1.5981345176696777,-3.9369430541992188,-3.158424139022827,common_voice_ko_37159843.mp3,twenties,male_masculine,1,1
4.968027210884354,0.17281961886682243,0.13408359686489496,2477.72793672899,1620.761324180211,2410.8983840634114,912.961919514465,4871.585339697722,3617.159988507165,-477.64544677734375,99.44230651855469,16.270681381225586,4.834444046020508,9.067985534667969,-1.9465017318725586,-2.3988447189331055,3.7154386043548584,-5.715591907501221,-5.781825542449951,0.8209584951400757,0.6586942672729492,-7.299971103668213,common_voice_ko_37159845.mp3,twenties,male_masculine,1,1
6.012018140589569,0.1002315094111969,0.0821519048131658,1935.9671476974577,1064.545034900702,2059.774413423666,550.3562837459705,3937.5415698902025,1993.6577669501607,-477.1440124511719,84.19375610351562,9.544007301330566,10.439931869506836,5.990458011627197,-2.6116981506347656,-11.000784873962402,8.182085037231445,-14.20798110961914,-6.679104804992676,-13.820785522460938,-2.4016129970550537,-5.296940803527832,common_voice_ko_36545184.mp3,thirties,male_masculine,2,1
7.2,0.08367036776527331,0.084426678807791,1608.9592436308299,1066.4504439376972,1812.6657703519825,569.0425877944173,3053.8721017132234,2032.2525763148085,-403.2533874511719,123.35360717773438,9.43635368347168,11.759712219238281,6.9731035232543945,-7.367455005645752,-18.37405776977539,11.133489608764648,-19.735515594482422,-5.635671615600586,-17.04738426208496,-1.8488969802856445,-4.252693176269531,common_voice_ko_36545185.mp3,thirties,male_masculine,2,1
3.9960090702947846,0.10045610549132948,0.06701414878857963,1946.8337046510858,919.0006200798705,2143.284170371114,469.13563147771424,4026.708984375,1903.105040596308,-445.88250732421875,89.56735229492188,11.242177963256836,18.0546932220459,2.5949161052703857,-1.5193605422973633,-15.86447525024414,7.933034896850586,-13.295892715454102,-4.796060562133789,-18.735576629638672,2.152411699295044,-7.022765636444092,common_voice_ko_36545186.mp3,thirties,male_masculine,2,1
7.704036281179138,0.12053193241716867,0.1096563101983192,1903.6660170114637,1381.3297846926148,1877.0867999250067,659.8326680249803,3529.7265477927335,2387.048673974454,-413.2507019042969,109.38130950927734,9.210977554321289,3.3389694690704346,-1.9433553218841553,0.4551652669906616,-12.384490966796875,2.0031282901763916,-20.141830444335938,-6.826977252960205,-13.485771179199219,0.1540318727493286,-7.105498313903809,common_voice_ko_36545187.mp3,thirties,male_masculine,2,1
4.536009070294784,0.11812669403698979,0.11412420788274825,2037.7446706236624,1407.4665053016251,2038.2142989550307,553.1216350412071,3886.248779296875,2322.952634438678,-398.0077209472656,93.2188491821289,10.9777250289917,12.10890007019043,1.5919145345687866,-1.0048786401748657,-15.663317680358887,8.419392585754395,-20.0363826751709,-8.915910720825195,-17.791648864746094,1.200514316558838,-7.351778030395508,common_voice_ko_36545188.mp3,thirties,male_masculine,2,1
7.848027210884354,0.087890625,0.08692722539175486,1611.8623754120013,1123.6316748015067,1755.3877504769796,583.3818815032896,3019.93617672892,1983.695971720744,-391.2714538574219,113.41466522216797,9.232306480407715,9.480184555053711,3.517016887664795,-1.251779317855835,-14.22627067565918,7.0284743309021,-17.64286231994629,-10.674166679382324,-13.061615943908691,1.082033395767212,-8.943485260009766,common_voice_ko_36545189.mp3,thirties,male_masculine,2,1
3.3840362811791382,0.09262628424657535,0.05354075360664506,1728.8687331741596,855.0361263334302,1964.8169974184918,578.6099115255487,3536.7548694349316,2044.081491521314,-452.8301696777344,105.23687744140625,13.176871299743652,8.619686126708984,0.8699468970298767,-4.925823211669922,-15.814446449279785,9.414615631103516,-15.900818824768066,-7.8939995765686035,-11.77919864654541,-1.2608754634857178,-8.166142463684082,common_voice_ko_36545191.mp3,thirties,male_masculine,2,1
6.588027210884354,0.08647220235475352,0.07631032055284354,1651.4471025112643,1042.9647818625294,1893.791402370878,628.6879888550809,3283.927208269146,2154.504973229622,-403.90576171875,111.33688354492188,14.290786743164062,12.728781700134277,3.447901487350464,-1.7352663278579712,-16.125364303588867,8.746705055236816,-14.372787475585938,-11.764549255371094,-17.703372955322266,2.7616629600524902,-5.673118591308594,common_voice_ko_36545192.mp3,thirties,male_masculine,2,1
8.712018140589569,0.08669069980053191,0.06770465374261841,1707.4156107794167,1017.9586231034983,1926.6145556827164,589.6788026695986,3365.0211415392287,2072.081152571329,-419.3412170410156,116.6764907836914,10.556013107299805,5.10617208480835,1.5717179775238037,-3.2894198894500732,-18.033546447753906,10.278166770935059,-17.659400939941406,-8.223285675048828,-14.989171981811523,0.3027667701244354,-7.75259256362915,common_voice_ko_36545194.mp3,thirties,male_masculine,2,1
4.32,0.09723585812165775,0.06737634477167855,1893.4199746708719,840.1620566783154,2079.108445250733,464.6108185187146,3947.485221006016,1789.7712782859635,-475.0734558105469,88.1968765258789,10.44187068939209,15.548128128051758,3.7191905975341797,-5.306379318237305,-10.718860626220703,7.6263837814331055,-17.859546661376953,-9.154455184936523,-10.884976387023926,0.08220388740301132,-2.607184648513794,common_voice_ko_36545196.mp3,thirties,male_masculine,2,1
8.1,0.08719947618194843,0.07809346502682231,1711.7647904536905,1052.2917747672268,1908.6249485708477,599.7435024648406,3393.392183582557,2071.6760206059,-409.16497802734375,112.22667694091797,6.017166614532471,10.666524887084961,3.4421582221984863,-0.9460693001747131,-13.514984130859375,7.835219860076904,-19.454957962036133,-12.498250961303711,-14.371247291564941,1.648532509803772,-8.504490852355957,common_voice_ko_36545197.mp3,thirties,male_masculine,2,1
5.076009070294784,0.0984722816780822,0.0786601256802809,1881.4448688332084,1010.3297985467875,2054.26029380517,538.7793680003894,3844.020895761986,2077.5925821424858,-436.4986877441406,100.676513671875,8.782157897949219,9.457842826843262,-0.4440273344516754,-0.7679023742675781,-12.386850357055664,5.5850653648376465,-17.66853904724121,-9.269755363464355,-14.878301620483398,3.025813579559326,-7.768861293792725,common_voice_ko_36545198.mp3,thirties,male_masculine,2,1
3.528027210884354,0.10326827199835527,0.0920790279438993,1859.3175624770113,1155.0525104338008,1982.4754611568671,572.7210016504257,3702.2942793996713,2247.216876500289,-415.2035217285156,95.38738250732422,8.139625549316406,10.47677993774414,3.8851616382598877,-1.1278367042541504,-14.955695152282715,8.804661750793457,-22.768638610839844,-12.352602005004883,-11.258526802062988,-1.486594796180725,-3.4341230392456055,common_voice_ko_36545199.mp3,thirties,male_masculine,2,1
5.976009070294785,0.08441398679748062,0.07006376151731562,1710.9001714277958,1137.3589223102526,1860.4499256426527,592.109737922123,3233.6527979651164,2132.3626229789243,-426.8289794921875,117.33999633789062,8.027070045471191,4.89792537689209,2.2745168209075928,-0.6166107654571533,-13.019946098327637,11.15385627746582,-18.877056121826172,-11.051177024841309,-12.149362564086914,2.6154944896698,-9.530476570129395,common_voice_ko_36545200.mp3,thirties,male_masculine,2,1
6.012018140589569,0.09034145752895753,0.06644480963766664,1747.8540655578704,989.3432048328754,1953.0451489667003,576.356838809848,3441.1555109797296,2041.8358631944307,-406.8651428222656,115.45018768310547,5.743854522705078,7.0032477378845215,1.6452962160110474,0.31644538044929504,-16.947561264038086,9.802568435668945,-18.841083526611328,-10.738447189331055,-15.534439086914062,2.989039182662964,-4.534999847412109,common_voice_ko_36545201.mp3,thirties,male_masculine,2,1
4.8960090702947845,0.08925133293838862,0.07407522201352704,1710.3655130587897,921.1451949652109,1939.7355928715594,486.1569202401052,3311.9801308871447,1903.4727090655235,-403.9364929199219,108.36101531982422,5.92421817779541,0.5737207531929016,-4.647762775421143,0.4866497218608856,-14.86823558807373,8.866005897521973,-17.21303939819336,-9.546481132507324,-8.690634727478027,1.1558772325515747,-7.723238468170166,common_voice_ko_36545202.mp3,thirties,male_masculine,2,1
5.7240362811791385,0.09427979504048584,0.07882182731575339,1767.3649157201519,992.7287982736584,1969.2289617997567,454.4946090972693,3372.3437104630566,1843.961970132148,-417.1866760253906,106.65937805175781,5.89235782623291,7.718844890594482,2.765491247177124,-0.0881047397851944,-16.304746627807617,4.425047874450684,-17.90472984313965,-2.7538375854492188,-11.833996772766113,-0.2655438780784607,-9.400042533874512,common_voice_ko_36545209.mp3,thirties,male_masculine,2,1
6.84,0.08810248940677966,0.07024480264647401,1674.2078825240374,1018.6502790655517,1899.2825998521075,576.7415080675497,3200.1624569650426,2092.965118279714,-392.6681823730469,107.91529083251953,14.775187492370605,9.771956443786621,-0.5565124154090881,-4.076961040496826,-12.225791931152344,3.649672269821167,-19.9785213470459,-7.61677360534668,-13.166316986083984,4.46530294418335,-9.800847053527832,common_voice_ko_36545211.mp3,thirties,male_masculine,2,1
7.524036281179138,0.08643629807692307,0.09464912936448262,1730.2114093633859,1152.793291752447,1941.2860983552575,541.3290785783049,3286.298076923077,2115.336120516634,-402.9917907714844,109.60055541992188,11.768089294433594,14.516677856445312,6.667363166809082,-4.622292995452881,-10.811761856079102,10.744340896606445,-24.759252548217773,-6.312689304351807,-18.387847900390625,4.174127101898193,-11.316566467285156,common_voice_ko_36545212.mp3,thirties,male_masculine,2,1
5.364036281179138,0.08942281788793104,0.06578859682201244,1786.2843922403874,826.1751354180421,2020.655163478221,523.4745382157987,3611.4058922077047,1835.8997276315201,-421.55194091796875,113.35888671875,-0.8610266447067261,5.113159656524658,5.027555465698242,-0.010446745902299881,-13.405050277709961,8.357226371765137,-19.786039352416992,-2.282841205596924,-13.511094093322754,2.399765968322754,-8.68529987335205,common_voice_ko_36545213.mp3,thirties,male_masculine,2,1
5.652018140589569,0.09990354444159837,0.08965656925824507,1875.7763225581605,1119.8227333384582,2002.0822980893947,551.3984283240885,3694.5328509221313,2061.493303410897,-426.87445068359375,93.84783172607422,12.304765701293945,17.27963638305664,6.321280002593994,-2.8405466079711914,-16.662181854248047,10.669083595275879,-18.95036506652832,-11.386370658874512,-15.835111618041992,-1.0340046882629395,-7.326014995574951,common_voice_ko_36545219.mp3,thirties,male_masculine,2,1
5.148027210884353,0.09194863809121621,0.08485733232400304,1703.0456258241718,1083.6406884336434,1877.26692143379,586.7545810377491,3315.2888117609796,2120.2862235200996,-441.9144592285156,111.82782745361328,12.25610065460205,9.43126106262207,2.247668743133545,-3.681582450866699,-8.473034858703613,8.525047302246094,-18.27545166015625,-7.053765773773193,-13.958454132080078,-0.26748326420783997,-8.637337684631348,common_voice_ko_36545220.mp3,thirties,male_masculine,2,1
5.4360090702947845,0.09869930186170213,0.09655054536806003,1820.8613502800943,1219.7095042017202,1925.2696937188841,565.6594967679051,3421.671791888298,2217.222907395727,-421.8009338378906,101.99544525146484,11.029794692993164,10.05742359161377,-1.4057271480560303,-0.851215124130249,-13.496492385864258,5.518316745758057,-21.73877716064453,-9.027236938476562,-13.73557186126709,1.2398403882980347,-6.436690807342529,common_voice_ko_36545222.mp3,thirties,male_masculine,2,1
4.428027210884354,0.08347819862565445,0.0565834148319578,1611.683739289533,788.6809674263367,1894.4406639560223,539.3475403938481,3190.2398713596203,1849.3700585966706,-425.8056335449219,112.4415512084961,7.177748203277588,6.945686340332031,7.54310417175293,-4.647206783294678,-11.939794540405273,6.325446605682373,-17.334810256958008,-5.766489505767822,-16.563806533813477,0.7417191863059998,-6.052611827850342,common_voice_ko_36545223.mp3,thirties,male_masculine,2,1
4.752018140589569,0.09202553353658537,0.08249640031830774,1747.993259630182,997.0462709352583,1958.7089736770743,504.21894935263254,3385.1770912728657,1992.3717867727419,-455.916259765625,102.59302520751953,9.221383094787598,3.985769271850586,-1.3163973093032837,-2.3394243717193604,-12.546967506408691,5.910719394683838,-18.548524856567383,-5.592685222625732,-12.457484245300293,-0.5349502563476562,-6.955458164215088,common_voice_ko_36545224.mp3,thirties,male_masculine,2,1
4.212018140589569,0.08819110576923077,0.05436080867071098,1713.6596536985362,820.2137205170183,1967.7009694932756,535.4857303920929,3506.244365985577,1983.3207948636677,-464.2430419921875,106.40528106689453,13.122937202453613,7.036659240722656,0.18973566591739655,-4.5856194496154785,-10.215763092041016,8.128875732421875,-15.430344581604004,-6.697111129760742,-12.634922981262207,1.7058115005493164,-5.308548450469971,common_voice_ko_36545225.mp3,thirties,male_masculine,2,1
4.572018140589569,0.09055262531725888,0.05129893290536655,1760.3471298951615,846.3815851410758,1959.3583833196692,600.2563671419144,3596.044921875,1959.2271779669518,-451.4573974609375,106.42969512939453,8.071109771728516,1.6965388059616089,-5.517898082733154,-4.353067874908447,-5.388175010681152,7.721707344055176,-19.653371810913086,-6.485506057739258,-15.097010612487793,3.8446285724639893,-1.8740487098693848,common_voice_ko_36545228.mp3,thirties,male_masculine,2,1
5.22,0.09042100694444444,0.07700910364757131,1704.6753887904326,1008.1547845069261,1904.6140847713084,586.7251021469463,3315.8740234375,2132.042168186366,-410.6922302246094,118.45602416992188,9.700308799743652,5.095179080963135,-5.443222522735596,-0.8413512110710144,-11.796427726745605,11.065805435180664,-24.15813636779785,-7.668277263641357,-15.832512855529785,-0.03658759221434593,-3.5309510231018066,common_voice_ko_36545229.mp3,thirties,male_masculine,2,1
3.06,0.07477361505681818,0.045029894468172516,1681.0774467966773,630.4938863850799,2053.359832595178,430.21658812166226,3528.753662109375,1669.6573006698338,-451.83917236328125,91.35704040527344,12.44515323638916,16.174013137817383,5.0526123046875,-3.3868112564086914,-11.143568992614746,9.013786315917969,-19.969512939453125,-6.385283946990967,-18.724035263061523,2.985013246536255,-1.9824979305267334,common_voice_ko_36545230.mp3,thirties,male_masculine,2,1
5.6880272108843535,0.0828304368622449,0.0568627565871006,1664.5459738242769,899.8853679606275,1902.8195563204179,559.2021220570916,3291.3720703125,2034.6856587969512,-409.1684875488281,121.55514526367188,5.477991580963135,3.2566068172454834,-1.545401692390442,-1.1580207347869873,-14.325518608093262,10.87688159942627,-22.73158073425293,-8.076019287109375,-12.664109230041504,2.8482892513275146,-2.2837886810302734,common_voice_ko_36545231.mp3,thirties,male_masculine,2,1
4.032018140589569,0.10046807650862069,0.08996502061080275,1901.9431689781145,1215.6118101341597,2001.9278472231056,636.4764556948572,3768.867440059267,2141.158463786763,-469.7518005371094,97.41736602783203,17.572559356689453,12.090498924255371,-0.20705221593379974,-5.499829292297363,-11.233466148376465,8.291619300842285,-15.835680961608887,-7.444798946380615,-15.20666217803955,1.5982372760772705,-5.827833652496338,common_voice_ko_36545232.mp3,thirties,male_masculine,2,1
7.704036281179138,0.09417798145707831,0.06764770437256255,1746.788286397283,957.8209729307853,1916.1862163793483,592.5268113413183,3460.3922280920556,2124.0346179835947,-437.7393493652344,108.6396255493164,8.080610275268555,3.429839611053467,-1.2887234687805176,-4.5546979904174805,-9.269469261169434,6.783947467803955,-20.153600692749023,-6.478456020355225,-13.052870750427246,-2.283034563064575,-1.7354477643966675,common_voice_ko_36545233.mp3,thirties,male_masculine,2,1
5.904036281179138,0.0922928155637255,0.0791409127037183,1797.854599369953,1053.5463403582348,1949.6949615218984,539.2134385920455,3441.6391888786766,2041.8511532029675,-392.37249755859375,110.05422973632812,5.7510528564453125,11.620559692382812,-0.7015865445137024,-3.789769172668457,-16.57843589782715,7.214484214782715,-20.65609359741211,-0.4580925405025482,-16.056041717529297,2.024106502532959,-8.20926570892334,common_voice_ko_36545234.mp3,thirties,male_masculine,2,1
4.3920181405895695,0.08147615131578947,0.06667756148348922,1634.1839326122133,828.4119958759267,1921.3668385984458,499.18739758172217,3274.6335320723683,1828.779270178567,-440.1272888183594,110.15433502197266,8.776634216308594,7.803328037261963,1.7197519540786743,-5.755798816680908,-13.228315353393555,9.344868659973145,-17.49200439453125,-7.627397537231445,-17.764970779418945,5.03017520904541,-3.7941462993621826,common_voice_ko_36545236.mp3,thirties,male_masculine,2,1
6.732018140589569,0.08451474946120689,0.07599876610172471,1640.4139437550423,950.9682818847814,1867.0334009589358,534.7840647660224,3169.464742726293,1895.941967527438,-417.1582336425781,108.38040161132812,7.4497389793396,17.34271812438965,7.8786115646362305,-6.187805652618408,-13.876320838928223,7.559765815734863,-19.732711791992188,-8.979924201965332,-22.011857986450195,4.690221786499023,-1.883819580078125,common_voice_ko_36545237.mp3,thirties,male_masculine,2,1
3.6720181405895693,0.10894506682389937,0.08528408531263451,1949.1235089663603,1152.2465583112996,2042.0970987763537,582.5395441701716,3924.6632701945755,2176.9298291110017,-433.39190673828125,98.86314392089844,12.210625648498535,16.587623596191406,-1.238121747970581,-0.9548737406730652,-15.458168983459473,5.617655277252197,-14.93427562713623,-5.127007961273193,-20.639881134033203,5.492702960968018,-6.98098611831665,common_voice_ko_36545238.mp3,thirties,male_masculine,2,1
4.32,0.11420558990641712,0.10288875461615499,1947.2648037442318,1228.8247831873887,2006.6337184659467,604.2608891051739,3677.398975392714,2383.0643964875403,-397.1017150878906,114.47232055664062,-1.6496357917785645,-8.446161270141602,5.786883354187012,3.5302436351776123,-16.972869873046875,4.0289835929870605,-23.396923065185547,-1.284079670906067,-16.153759002685547,1.1772716045379639,-10.339345932006836,common_voice_ko_36545239.mp3,thirties,male_masculine,2,1
3.708027210884354,0.0827880859375,0.045159047182031155,1693.1400558677037,680.8648800449201,1988.3072393996213,517.4538635649591,3459.30908203125,1849.3231948068824,-412.4939880371094,106.91683197021484,1.3945927619934082,1.0087058544158936,7.637413024902344,4.696444034576416,-16.99901008605957,5.058269500732422,-24.98044204711914,-2.172790765762329,-12.929768562316895,-1.5874184370040894,-7.998785972595215,common_voice_ko_36545240.mp3,thirties,male_masculine,2,1
5.616009070294784,0.10104395338326447,0.0838963955355266,1697.4881816911627,1087.8328748090557,1787.6658565572197,664.2464227048112,3169.1625169486056,2248.957593721813,-378.4300231933594,118.75318145751953,-0.022157400846481323,-10.535760879516602,-4.937192916870117,2.792794704437256,-10.974954605102539,1.656736969947815,-23.270301818847656,-6.29551362991333,-6.436854362487793,-2.0150768756866455,-8.126907348632812,common_voice_ko_36545242.mp3,thirties,male_masculine,2,1
4.068027210884353,0.10490278764204546,0.08816291588503518,1868.0384612803325,1117.1787573292208,2007.1665646978263,632.5641977613545,3719.9831875887785,2285.0888273448795,-396.5331115722656,104.71353149414062,8.325353622436523,11.075133323669434,-2.494171619415283,-5.664330005645752,-14.451037406921387,8.487177848815918,-28.477449417114258,-3.2026097774505615,-15.749444961547852,3.3382065296173096,-6.062739849090576,common_voice_ko_36545248.mp3,thirties,male_masculine,2,1
8.784036281179139,0.09781085092348285,0.06846868618459166,1823.8102447069361,923.9206947400734,1968.375082414534,573.3277051106453,3574.0571920349603,2011.5419745092724,-374.3148193359375,108.77178192138672,-5.084578990936279,2.3830227851867676,7.61600923538208,-6.019646644592285,-16.461523056030273,-4.886223316192627,-26.956144332885742,-0.20332364737987518,-12.475614547729492,1.3887214660644531,-4.361176490783691,common_voice_ko_36545254.mp3,thirties,male_masculine,2,1
3.6,0.11667104867788461,0.09326085414903465,2014.6605741102244,1010.0055549079035,2116.485981290219,565.4612566388886,4086.546443058894,2025.9628690708198,-486.2633361816406,81.97937774658203,5.754589080810547,13.837189674377441,8.014493942260742,-1.999520182609558,-9.03756332397461,-1.7194067239761353,-18.960590362548828,-3.7272956371307373,-7.454627513885498,-0.53326016664505,-7.863520622253418,common_voice_ko_36545255.mp3,thirties,male_masculine,2,1
4.248027210884354,0.1048737406079235,0.08046857948761241,1855.9213976626768,1067.7069387166937,1892.0037611343228,621.5820625826107,3596.10375576332,2114.673375899583,-423.5477294921875,97.34712219238281,-4.403076171875,10.17895793914795,5.273560523986816,-5.626946926116943,-8.35041332244873,2.9734086990356445,-27.57866096496582,-4.290000915527344,-6.858048915863037,-1.895268201828003,-10.39514446258545,common_voice_ko_36545256.mp3,thirties,male_masculine,2,1
2.5560090702947846,0.1100172438063063,0.07642425388475262,2089.7988791978087,1004.9790745484322,2160.7520736506276,478.7732995210328,4193.154824746622,1904.596698714792,-473.8248291015625,81.3758544921875,3.1702473163604736,23.451732635498047,11.543777465820312,-3.835510730743408,-10.088459014892578,-1.06722092628479,-20.715694427490234,-4.286704063415527,-13.143677711486816,0.3235031068325043,-11.594173431396484,common_voice_ko_36545257.mp3,thirties,male_masculine,2,1
7.308027210884354,0.07653149801587301,0.05858151023728485,1566.4034859768633,921.8549573657086,1791.3867987274639,589.4217220841518,3000.7373046875,1961.25591154405,-391.0998229980469,114.60711669921875,8.17313289642334,10.47343635559082,1.1443760395050049,-7.90086555480957,-4.8877644538879395,6.516475200653076,-27.535106658935547,-10.975406646728516,-10.392634391784668,3.01471209526062,-9.840917587280273,common_voice_ko_36545258.mp3,thirties,male_masculine,2,1
6.516009070294785,0.08701484653024912,0.07089015436101498,1766.8147811284264,1075.5308239297733,1932.4503099556903,586.6829286158004,3419.8711354537368,2067.9533624667074,-388.8433837890625,101.85090637207031,7.1712260246276855,11.33067798614502,0.9938023090362549,-5.330665111541748,-10.479410171508789,4.662726402282715,-29.085052490234375,-12.295661926269531,-11.65681266784668,4.327176570892334,-12.071185111999512,common_voice_ko_36545264.mp3,thirties,male_masculine,2,1
4.068027210884353,0.07919588955965909,0.06747287196900753,1619.5837032477132,888.7943417503984,1903.1326566490395,573.8346313669872,3235.4861172762785,1897.7778594577808,-385.51055908203125,117.951416015625,5.39124059677124,14.956775665283203,7.056201457977295,-12.556649208068848,-15.466766357421875,5.047615051269531,-27.06019401550293,-5.396997451782227,-19.023700714111328,6.325073719024658,-9.577439308166504,common_voice_ko_36545265.mp3,thirties,male_masculine,2,1
6.588027210884354,0.08379697128080986,0.07132098702779265,1664.8028299926807,971.5196670468227,1883.6162697136956,548.4291821954655,3228.9189728213028,1936.422915539603,-385.0966491699219,111.732666015625,1.0685021877288818,14.900900840759277,7.8224616050720215,-3.249704122543335,-10.80044937133789,2.9849371910095215,-29.70159149169922,-7.465539932250977,-15.973237037658691,4.305849552154541,-12.056146621704102,common_voice_ko_36545267.mp3,thirties,male_masculine,2,1
4.5,0.09150742992912371,0.0729523773736985,1789.5879886633877,1006.2823478482128,1984.7139327672007,556.3319876473104,3534.5531974871133,2028.5301253617943,-417.47412109375,100.6494369506836,11.583090782165527,11.227168083190918,-0.670512855052948,-5.119401454925537,-6.904094219207764,3.911383867263794,-23.41431999206543,-10.657793998718262,-11.131439208984375,8.523614883422852,-10.557934761047363,common_voice_ko_36545268.mp3,thirties,male_masculine,2,1
3.744036281179138,0.0884301456404321,0.06742590463412805,1773.5168986572182,874.3104457457567,2029.0110292076333,508.45941341146533,3662.9041883680557,1717.1484331800148,-412.7268371582031,103.75173950195312,5.37241792678833,8.114182472229004,-0.38578447699546814,2.5890817642211914,-11.995427131652832,3.872551918029785,-25.054157257080078,-6.343104362487793,-13.378839492797852,7.644460201263428,-12.185242652893066,common_voice_ko_36545269.mp3,thirties,male_masculine,2,1
5.04,0.07730298523509174,0.06252425852147973,1560.4964206255129,1051.8929804682386,1787.0253281936166,598.7495869660365,2946.1965578411696,2066.6807073918394,-409.0587158203125,117.68016052246094,13.366416931152344,4.608440399169922,-5.335059642791748,-5.042787551879883,-4.702194690704346,3.9948365688323975,-25.992631912231445,-7.141483306884766,-11.403456687927246,3.1587653160095215,-7.741828918457031,common_voice_ko_36545270.mp3,thirties,male_masculine,2,1
5.292018140589569,0.0935144257127193,0.0792032945861431,1771.8290566161731,996.9828933887001,1953.3350624132518,589.4758443426311,3508.4954512746713,2018.5724530845525,-420.4822998046875,113.56517028808594,2.6198267936706543,7.208805084228516,1.9378935098648071,0.15870679914951324,-11.073661804199219,6.818953514099121,-24.09281349182129,-6.6121344566345215,-17.740745544433594,6.819616794586182,-8.702804565429688,common_voice_ko_36545272.mp3,thirties,male_masculine,2,1
7.164036281179138,0.07996909132281553,0.0735257770402351,1632.6588087184207,976.5637473407312,1903.2155554441495,551.8993040803588,3171.095172178398,2007.4978737097101,-421.6474914550781,117.26630401611328,8.168201446533203,9.580710411071777,6.9570231437683105,1.924814224243164,-9.273969650268555,1.9717512130737305,-23.784833908081055,-2.6086130142211914,-14.870444297790527,7.445336818695068,-8.941961288452148,common_voice_ko_36545273.mp3,thirties,male_masculine,2,1
7.164036281179138,0.10210766838592233,0.08328994593299385,1998.702252502435,1259.9229176310887,2121.673647093491,607.9706104060024,3658.3448687803398,2414.2545977498867,-361.2433776855469,116.5368881225586,0.7286278009414673,-1.4123607873916626,11.681427955627441,-12.809513092041016,-4.662202835083008,1.620658040046692,-20.30443572998047,-2.628321886062622,-8.251151084899902,0.4986034035682678,-9.857227325439453,common_voice_ko_36552124.mp3,thirties,male_masculine,2,1
4.32,0.09385966744652406,0.08485888132868079,1836.2396790942385,997.624229314251,2159.567986328895,548.5959891212983,3607.156975894051,2087.8274711575787,-373.201171875,119.07707214355469,6.866671085357666,2.331097364425659,7.97924280166626,-13.590376853942871,1.282701015472412,-7.611415386199951,-18.846567153930664,2.4077658653259277,-12.781394958496094,4.050368785858154,-10.829663276672363,common_voice_ko_36552127.mp3,thirties,male_masculine,2,1
5.328027210884354,0.12617824388586957,0.08422546503261394,2299.638861742791,1085.3338953936009,2450.384851897013,511.02761344795795,4678.135190217391,2265.267682452621,-362.5639343261719,98.11299133300781,4.076289176940918,2.5101890563964844,10.118439674377441,-8.881291389465332,-2.426347255706787,-4.75205659866333,-18.998273849487305,5.779387950897217,-13.221667289733887,4.465246200561523,-10.120894432067871,common_voice_ko_36552128.mp3,thirties,male_masculine,2,1
6.156009070294784,0.07452530251409774,0.04949095744884881,1858.3631353116227,1055.0544950096987,2349.495467284518,978.5880695780082,4566.212864925987,3220.437919363031,-485.810546875,114.46334838867188,13.75097370147705,22.384035110473633,26.335269927978516,-5.298915863037109,7.772886753082275,-0.6202026605606079,-0.3926336467266083,2.8429322242736816,-3.0079638957977295,0.8907602429389954,-3.6959714889526367,common_voice_ko_35904811.mp3,twenties,male_masculine,1,1
7.416009070294785,0.076214599609375,0.07030415776885403,1660.926171299748,1187.0014128488713,2075.481993052883,903.905149011624,3588.2054901123047,2938.9416432304206,-374.6527404785156,125.40470886230469,18.42917823791504,25.47799301147461,27.204784393310547,-1.7341045141220093,5.338842391967773,-6.000452518463135,6.07020378112793,0.9130706787109375,-6.199313163757324,1.1829229593276978,-4.156234264373779,common_voice_ko_35904816.mp3,twenties,male_masculine,1,1
5.868027210884354,0.06652204792490118,0.05103558906442992,1527.5934728452153,997.6705622693449,2018.7243789436297,929.856874752451,3463.7816900321145,2843.650135616439,-318.52972412109375,133.20069885253906,15.773856163024902,19.990814208984375,23.377161026000977,-5.518772602081299,2.908557653427124,-3.9107799530029297,0.887617290019989,3.770418643951416,2.097513437271118,3.51513671875,-6.645531177520752,common_voice_ko_35904865.mp3,twenties,male_masculine,1,1
4.068027210884353,0.08862859552556818,0.056150341101027304,1908.468578220372,1034.4827763024578,2309.505708938021,927.7934495547573,4423.421547629617,2973.396618823287,-333.27032470703125,120.27135467529297,9.925431251525879,15.73501205444336,18.067461013793945,-6.564348220825195,6.355740070343018,-2.6393544673919678,-0.09171076118946075,3.943798780441284,-1.1719164848327637,1.2381397485733032,-1.8774546384811401,common_voice_ko_35904867.mp3,twenties,male_masculine,1,1
8.928027210884354,0.08058416193181818,0.06550581230316112,1653.6845858535978,1146.9990852706037,2055.1238960230007,915.7926920022659,3608.6851917613635,3022.8024162329366,-338.2749328613281,126.10904693603516,17.109891891479492,21.484390258789062,20.311906814575195,-4.352559566497803,5.9509453773498535,-3.447477340698242,0.47412022948265076,2.7173805236816406,-1.2426114082336426,2.3685925006866455,-5.823686122894287,common_voice_ko_35904871.mp3,twenties,male_masculine,1,1
5.4,0.07088879761266094,0.05363636167437173,1595.10357263175,1002.618657997478,2080.968955976516,861.3173736683559,3568.7818535407723,2777.4484400960077,-356.3555603027344,121.2191390991211,16.103851318359375,25.956647872924805,26.951255798339844,-2.611051082611084,3.134748935699463,-3.438539505004883,0.6966365575790405,4.292160511016846,-2.8600404262542725,-0.46726447343826294,-7.147008419036865,common_voice_ko_35904923.mp3,twenties,male_masculine,1,1
6.84,0.06384235963983051,0.05659364259878249,1476.9774563475055,1004.5172034194125,1962.9180464878714,888.9126870463009,3313.777476165254,2800.6384149068303,-352.7568359375,135.07864379882812,13.094324111938477,24.263748168945312,32.56572341918945,-4.471697807312012,-1.3818804025650024,-8.110679626464844,2.0572197437286377,0.4068935811519623,-1.5514404773712158,5.258583068847656,-4.252112865447998,common_voice_ko_35904924.mp3,twenties,male_masculine,1,1
5.6880272108843535,0.06591597576530613,0.04875609518898022,1531.8756159604889,988.6988270533569,2049.4471755791187,905.7344695655316,3488.2470703125,2931.5313511905474,-359.41302490234375,130.8824462890625,16.14242935180664,27.164222717285156,22.792152404785156,-7.614553928375244,6.223818302154541,-4.961097717285156,-0.7078006863594055,2.7914161682128906,2.8530712127685547,4.2227888107299805,-6.813178539276123,common_voice_ko_35904925.mp3,twenties,male_masculine,1,1
5.22,0.05932508680555556,0.059637337856204134,1581.2910567233241,1054.3240747211926,2122.918427254417,857.2459378177814,3522.162109375,2786.203881548042,-276.17041015625,129.66171264648438,14.526108741760254,16.781057357788086,20.497955322265625,1.0877965688705444,9.303343772888184,-4.446824550628662,6.136201858520508,0.7584578394889832,3.850205659866333,0.6409536600112915,-5.821863651275635,common_voice_ko_35905257.mp3,twenties,male_masculine,1,1
7.308027210884354,0.06627604166666666,0.048748987208315366,1607.5663682998288,1023.1486036221878,2130.933558246073,880.8505074658052,3520.029296875,2918.6442964025327,-297.772705078125,130.46922302246094,24.496728897094727,16.234827041625977,16.731046676635742,-4.846425533294678,6.44577693939209,-3.3960976600646973,4.221554756164551,-0.05602751299738884,0.9778987765312195,-0.23742567002773285,-4.926233291625977,common_voice_ko_35905260.mp3,twenties,male_masculine,1,1
3.168027210884354,0.06575758439781022,0.04530374520612795,1614.9363393402584,1004.5489974437517,2173.8205155987052,960.9189408346714,3670.153719491332,3047.847450412253,-278.9961853027344,138.578125,18.268123626708984,6.59140682220459,14.630108833312988,-3.2550008296966553,11.605030059814453,-4.405453205108643,4.226255416870117,-3.7776026725769043,0.4546663463115692,2.1784451007843018,-4.644349575042725,common_voice_ko_35905264.mp3,twenties,male_masculine,1,1
4.788027210884354,0.0656467013888889,0.05293235518288117,1723.285338583394,1093.0477636515188,2282.131292220916,961.214047063228,4093.961234714674,3325.5390210486607,-283.64471435546875,126.65336608886719,14.724655151367188,18.48603630065918,26.82958221435547,-2.140446186065674,9.727283477783203,-3.045258045196533,6.842653274536133,-2.895611524581909,1.9679433107376099,2.864109516143799,-6.543179988861084,common_voice_ko_35905298.mp3,twenties,male_masculine,1,1
5.148027210884353,0.06927875140765766,0.05433172765950838,1633.040091078984,1106.6408915499308,2122.557604232005,917.6138700414847,3566.170027449324,3064.896502735146,-276.6281433105469,136.50767517089844,17.754638671875,15.27945327758789,16.29975128173828,-0.16354335844516754,11.871786117553711,-9.573286056518555,8.339234352111816,-0.6571113467216492,4.705835819244385,3.0707345008850098,-8.289542198181152,common_voice_ko_35905300.mp3,twenties,male_masculine,1,1
5.868027210884354,0.07062708436264822,0.06269248891647844,1598.613792758751,1131.1735393020813,2142.934037369245,914.2818033542278,3552.765736937994,3157.081518569042,-295.4369201660156,124.02669525146484,22.797887802124023,28.276731491088867,32.0747184753418,-0.14614132046699524,8.148524284362793,-7.285956382751465,2.296635627746582,0.24091778695583344,-3.2111685276031494,-0.7151052951812744,-4.932479381561279,common_voice_ko_35905303.mp3,twenties,male_masculine,1,1
3.96,0.07610334429824561,0.06243619541518457,1730.875168900787,1029.7729776661554,2131.6327719193537,831.5943352240944,3768.4364720394738,2689.5289719137513,-249.18606567382812,124.29801940917969,6.2813825607299805,23.796621322631836,18.00634002685547,3.1741511821746826,10.531427383422852,-10.734046936035156,7.814488887786865,1.3562153577804565,-0.329925537109375,2.179307699203491,-6.3368940353393555,common_voice_ko_35905371.mp3,twenties,male_masculine,1,1
5.328027210884354,0.08317764945652174,0.07340428856002079,1777.2421846050559,1223.0924887516437,2136.6510000367316,887.4760644627842,3849.6217943274455,2934.467595796721,-254.99761962890625,123.39556884765625,8.929755210876465,29.52735137939453,27.215137481689453,-6.724780082702637,4.696837902069092,-5.116729259490967,4.4016876220703125,0.4270663857460022,-0.3081551492214203,0.10229946672916412,-7.123038291931152,common_voice_ko_35905373.mp3,twenties,male_masculine,1,1
5.796009070294785,0.0814765625,0.06254673069887956,1788.9963203751472,1059.3775417106995,2183.21587402564,901.9788521470705,3979.63740234375,2980.005210884039,-267.3310241699219,126.38373565673828,6.052834987640381,19.79062843322754,22.228321075439453,-2.012686252593994,8.072678565979004,-6.012687683105469,2.381371259689331,-2.8654778003692627,-0.860747218132019,3.134220600128174,-5.557440280914307,common_voice_ko_35905374.mp3,twenties,male_masculine,1,1
4.068027210884353,0.06638960404829546,0.04393602979016583,1712.9687770952646,946.3837099850643,2238.140960461636,899.6756986677694,4098.955327814276,3032.551145891883,-265.60638427734375,129.34616088867188,8.067726135253906,20.436376571655273,22.9521541595459,-3.593930244445801,8.709325790405273,-5.461542129516602,2.3011443614959717,-2.1113855838775635,1.9944794178009033,1.431551456451416,-6.431969165802002,common_voice_ko_35905375.mp3,twenties,male_masculine,1,1
6.84,0.06511023569915254,0.06317006253843757,1480.475226886103,1116.6585522468501,1951.2218714966675,943.9261586094366,3193.082047801907,3079.6669793625733,-283.08966064453125,146.0001678466797,18.20073890686035,15.40392780303955,19.337665557861328,-4.147397041320801,10.044853210449219,-5.223633766174316,2.60899019241333,-2.12424635887146,0.7065653800964355,5.037447452545166,-6.597003936767578,common_voice_ko_35905376.mp3,twenties,male_masculine,1,1
3.78,0.07255919286809816,0.049586428065672,1664.5163480599601,1037.4652278641402,2166.048255245613,960.9564351801627,3874.8536654045247,3116.677024427027,-294.42315673828125,140.7117462158203,13.682587623596191,15.034977912902832,14.910202980041504,-8.778563499450684,12.86789321899414,-7.28415060043335,3.4954781532287598,-3.3456809520721436,-0.3511182367801666,4.064020156860352,-2.8394598960876465,common_voice_ko_35905424.mp3,twenties,male_masculine,1,1
5.04,0.060938843893348624,0.06643916820266835,1446.2200346894813,1133.9572760521091,1914.7252208128873,918.9463925934957,3190.5193923810207,3066.6150961218646,-277.17230224609375,146.46627807617188,13.62126350402832,23.818960189819336,22.529388427734375,-10.868826866149902,11.291900634765625,-3.7358386516571045,4.454666614532471,-3.137296676635742,-2.1440227031707764,4.425222396850586,-4.861025810241699,common_voice_ko_35905435.mp3,twenties,male_masculine,1,1
3.0960090702947847,0.07154049090485075,0.05873468210484615,1750.2048616023915,1149.5234793989143,2223.303802798172,973.3571366218637,4109.547538187966,3192.330823986551,-269.4515380859375,124.46016693115234,10.850733757019043,25.396284103393555,23.515504837036133,0.045383453369140625,8.903533935546875,-7.473694801330566,2.0262022018432617,-2.914431095123291,3.0478556156158447,2.9956605434417725,-2.618046760559082,common_voice_ko_35905437.mp3,twenties,male_masculine,1,1
3.06,0.06449011600378787,0.05643711568436368,1533.7823537851536,1153.599129628116,2029.4571414527422,996.0800021973528,3569.373113458807,3345.0166962966086,-293.96832275390625,142.58819580078125,20.791641235351562,22.98654556274414,22.17739486694336,-7.766120910644531,9.942229270935059,-8.62483024597168,3.2622509002685547,-4.64781379699707,-3.776299238204956,4.453106880187988,-4.813429832458496,common_voice_ko_35905469.mp3,twenties,male_masculine,1,1
4.14,0.06508325331703911,0.062315609120237925,1491.0046952389416,1141.254818374291,2041.9715293656413,903.5346128254552,3285.4976377007683,3218.1485797183213,-310.2103576660156,131.9672393798828,25.872037887573242,28.895862579345703,31.633281707763672,-5.022742748260498,6.992184162139893,-6.15148401260376,3.2146036624908447,-2.922602891921997,-2.116797685623169,1.2315725088119507,-4.918298721313477,common_voice_ko_35905471.mp3,twenties,male_masculine,1,1
4.3560090702947845,0.06515178274601063,0.06079496978037341,1498.8276086095962,1130.9138789240797,1959.9305398037848,907.5850056180296,3274.249527302194,3081.8473554187353,-285.0018310546875,138.02952575683594,17.972749710083008,24.858022689819336,23.712562561035156,-5.797589302062988,9.354133605957031,-10.342158317565918,3.316890001296997,3.026319742202759,-0.8135035634040833,3.820634603500366,-4.947775840759277,common_voice_ko_35905473.mp3,twenties,male_masculine,1,1
4.68,0.04814404780321782,0.044265270795663045,1316.7343723104364,913.316118870485,1975.4048639749064,832.3931258746795,2868.553116297958,2763.7031244155605,-296.9980163574219,137.8126983642578,20.954357147216797,21.773502349853516,27.248477935791016,-6.559317111968994,10.302376747131348,3.573314905166626,3.538374185562134,0.4655134379863739,6.226508617401123,3.4851016998291016,-4.90360689163208,common_voice_ko_35905905.mp3,twenties,male_masculine,1,1
5.256009070294785,0.06940261908039648,0.057444434741258585,1554.9524182662094,1103.334145727956,2092.222225290129,965.0671355412884,3553.689965067456,3204.538120234585,-321.50604248046875,134.27145385742188,25.74918556213379,19.883132934570312,20.414419174194336,-5.330602645874023,11.22160530090332,-4.35198450088501,-0.8485780358314514,-1.0426918268203735,1.6545805931091309,1.309414267539978,-6.856909275054932,common_voice_ko_35905908.mp3,twenties,male_masculine,1,1
3.8880272108843537,0.07558477492559523,0.0712718120991758,1715.7930656147582,1177.2581843901357,2205.86300839169,953.7904501266349,4020.172119140625,3119.3489224375794,-323.8006591796875,122.28060913085938,17.161794662475586,26.6997127532959,30.704429626464844,-0.412232905626297,4.861828327178955,-5.157265663146973,6.395910263061523,-2.8652145862579346,3.2679922580718994,3.2492923736572266,-10.25658893585205,common_voice_ko_35905909.mp3,twenties,male_masculine,1,1
4.5,0.1084387081185567,0.10172929419334734,2291.8015734561277,1404.7929847123035,2482.7854358120526,1097.1996913868056,5249.384237073132,3232.1230663804386,-499.3196716308594,98.90105438232422,30.368154525756836,27.723587036132812,8.242317199707031,4.344791412353516,6.635077953338623,-4.523197174072266,0.8633840680122375,-6.23972225189209,-1.9357393980026245,-2.6800756454467773,-2.869697093963623,common_voice_ko_36524775.mp3,twenties,male_masculine,1,1
6.984036281179138,0.11398203903654484,0.10322957002518467,2240.759878931796,1364.6470293458897,2422.5012626755074,863.5091153924292,4803.80007721657,3013.2670161269725,-450.1894226074219,98.68924713134766,21.22317886352539,34.4883918762207,12.704996109008789,7.303611755371094,9.522847175598145,-8.664285659790039,-1.660008192062378,-7.242886543273926,-2.8425564765930176,1.2822585105895996,-6.709362983703613,common_voice_ko_36524808.mp3,twenties,male_masculine,1,1
5.652018140589569,0.11606085105020492,0.12253465709533433,2192.002182634169,1600.4343758946543,2281.3599994257024,944.050211654174,4424.984991355021,3354.6703515590248,-382.6036682128906,107.7432632446289,18.056941986083984,25.892072677612305,10.928059577941895,7.746031761169434,8.041964530944824,-7.85722017288208,-1.7842618227005005,-8.116247177124023,-4.937341213226318,2.336139678955078,-4.942588806152344,common_voice_ko_36524809.mp3,twenties,male_masculine,1,1
3.6720181405895693,0.12112138856132075,0.11735851990238215,2451.8594914730434,1497.4817090965707,2551.98103739158,895.6146456053025,5459.682709316037,3019.809857786915,-455.8470458984375,82.68732452392578,29.674903869628906,46.6200065612793,15.18531608581543,7.352975845336914,7.963062763214111,-6.742771148681641,-0.274888813495636,-5.65356969833374,-3.6331825256347656,-0.7916849255561829,-5.458603382110596,common_voice_ko_36524843.mp3,twenties,male_masculine,1,1
4.68,0.10769743966584158,0.11063556249728006,2063.7930381678716,1448.0711134588696,2163.8443398588875,890.0096467661798,4262.508218595297,3025.2976269014043,-393.99041748046875,120.65001678466797,7.849453449249268,26.838838577270508,9.135746955871582,12.647383689880371,5.045177936553955,-13.126680374145508,8.464468002319336,-6.127713203430176,-4.304687023162842,5.608410358428955,-8.68127155303955,common_voice_ko_36524845.mp3,twenties,male_masculine,1,1
7.092018140589569,0.08082809946895425,0.07413861833218507,1746.4470966566,1125.8877323695199,2087.4470928164187,868.6391363879338,3800.856646369485,2771.620964321062,-383.5238037109375,115.87063598632812,10.388731956481934,35.288700103759766,16.814985275268555,7.183343887329102,0.11514022946357727,-15.236577033996582,-3.2451250553131104,-5.877817153930664,-3.2751777172088623,2.3378360271453857,-5.0723090171813965,common_voice_ko_36524846.mp3,twenties,male_masculine,1,1
4.068027210884353,0.09839699485085228,0.06207209045283256,2089.797251671364,1101.357842190594,2446.426829045585,975.3260100419262,4880.3292014382105,3012.0893872191796,-450.3754577636719,96.3566665649414,17.08904266357422,35.12520980834961,14.501620292663574,8.655411720275879,3.8994500637054443,-8.603148460388184,0.22751690447330475,-2.7887473106384277,-5.618440628051758,0.9040260314941406,-1.5959811210632324,common_voice_ko_36524847.mp3,twenties,male_masculine,1,1
5.1840362811791385,0.08522469656808036,0.06484500961256262,2145.1693317218665,1034.7424793938144,2619.5500056996293,949.5745221037682,5412.668609619141,2768.7146694332696,-495.4072265625,102.91231536865234,21.08680534362793,31.736093521118164,17.73415184020996,2.461634397506714,4.079277515411377,-2.805408477783203,1.0263079404830933,-2.6176936626434326,-0.28850415349006653,-0.30774274468421936,1.208345651626587,common_voice_ko_36524853.mp3,twenties,male_masculine,1,1
4.572018140589569,0.09971843274111675,0.07614285868896593,2086.661135638494,1170.283546321801,2396.7021803207704,931.9941880986977,4735.391839506662,2912.135942687295,-408.4541015625,110.25013732910156,18.784257888793945,31.453685760498047,7.437289237976074,5.277373313903809,1.8902004957199097,-9.24604606628418,-2.5556700229644775,-7.360677719116211,-2.707850933074951,-0.7494636178016663,-2.7778265476226807,common_voice_ko_36524855.mp3,twenties,male_masculine,1,1
8.892018140589569,0.08443568456266319,0.06700340260193771,1844.3758714158782,1062.6645886337503,2186.684013719429,855.2061058380149,4078.574206001142,2638.9520411728677,-381.9776916503906,111.6761474609375,12.299861907958984,38.5781135559082,16.976306915283203,5.538626670837402,2.775176763534546,-14.171675682067871,-3.7933096885681152,-5.4589972496032715,-5.215509414672852,-1.0012702941894531,-4.037533760070801,common_voice_ko_36524856.mp3,twenties,male_masculine,1,1
5.58,0.08812767440352696,0.07093089703006417,1933.0423402594133,1121.9979425670738,2311.629033314517,927.8594353853882,4434.454928196317,2914.7651743405536,-425.8201904296875,100.40000915527344,18.6810245513916,36.66937255859375,13.606337547302246,6.086142539978027,1.5843654870986938,-12.890630722045898,-5.840838432312012,-6.461577892303467,-5.026548385620117,-0.5548135638237,-3.2036004066467285,common_voice_ko_36524857.mp3,twenties,male_masculine,1,1
5.832018140589569,0.09587557353670635,0.07143138601061867,2118.752949545824,1158.5379024767801,2481.0929731024976,953.7276772524789,4887.1826171875,3084.162415963461,-444.6283264160156,101.29792022705078,25.540771484375,34.594398498535156,8.914711952209473,4.491047382354736,7.094412326812744,-8.562374114990234,-4.304738998413086,-5.150167465209961,-3.150330066680908,-0.9918677806854248,-0.7037822008132935,common_voice_ko_36524868.mp3,twenties,male_masculine,1,1
6.696009070294784,0.0808586991782007,0.060962519220069226,1837.2589264423034,1079.6709433953724,2242.4914460729437,952.6961278221512,4159.745434823746,2992.9588605293025,-403.6129455566406,111.9141845703125,16.036470413208008,27.31917953491211,6.351370811462402,6.47199821472168,5.21579647064209,-14.623672485351562,-3.288637638092041,-6.423737049102783,-4.999439239501953,4.797322750091553,-4.0428361892700195,common_voice_ko_36524870.mp3,twenties,male_masculine,1,1
5.4,0.09792449034334764,0.08527215643597955,1891.560667952814,1232.513776855529,2148.8258515344164,887.6258039616167,3997.1354865209228,2861.614742297916,-385.45965576171875,113.58028411865234,14.075214385986328,34.620849609375,11.763741493225098,4.0387067794799805,4.720587730407715,-14.200698852539062,-6.442841529846191,-9.67452621459961,-6.821505546569824,1.1113096475601196,-2.929043769836426,common_voice_ko_36524871.mp3,twenties,male_masculine,1,1
4.104036281179138,0.0908892787782486,0.07926836564450057,1833.057491841342,1166.076403260197,2166.135167689798,1016.8189553994117,4106.029032044492,3061.4906251832635,-394.505126953125,114.85811614990234,12.687366485595703,27.329120635986328,9.7670259475708,5.130083084106445,5.819573879241943,-11.149537086486816,-3.662548780441284,-7.2509446144104,-3.2405312061309814,0.11706999689340591,-3.208606004714966,common_voice_ko_36524880.mp3,twenties,male_masculine,1,1
5.328027210884354,0.07523989470108695,0.05553513023494355,1650.894291415184,975.698863464417,2061.9292927191595,840.2597672965624,3539.918159816576,2559.242446535335,-367.317138671875,125.96024322509766,18.640960693359375,32.0562629699707,-0.484896719455719,6.337346076965332,10.540929794311523,-18.438817977905273,-10.484600067138672,-9.980016708374023,-5.360838890075684,2.540966033935547,-2.9165585041046143,common_voice_ko_36524882.mp3,twenties,male_masculine,1,1
4.3560090702947845,0.10094955119680851,0.07299721944224706,2155.9279085243793,1109.6529541275966,2459.559142678079,873.7082085621158,4948.341531956449,2720.7069071301357,-377.5562744140625,89.86347198486328,15.455583572387695,37.17219161987305,8.57399845123291,9.080835342407227,6.509356498718262,-12.834846496582031,-5.36641263961792,-4.009875297546387,-1.112991213798523,1.602293610572815,-4.337827682495117,common_voice_ko_36524888.mp3,twenties,male_masculine,1,1
3.96,0.1018937317251462,0.08106187146583475,2181.7226544263544,1092.3843390903792,2581.101369883078,867.1640883273467,5079.317434210527,2905.635018549385,-404.5533752441406,82.84352111816406,20.566967010498047,32.478057861328125,9.549650192260742,3.4581987857818604,-0.5026613473892212,-6.184969902038574,1.3875221014022827,-4.132896423339844,1.4354714155197144,1.8515886068344116,-4.461273670196533,common_voice_ko_36524889.mp3,twenties,male_masculine,1,1
6.408027210884354,0.08072562839673914,0.05352155266343299,1761.1263581074595,953.0595244826707,2231.487622832305,880.7951510900502,3958.2864512567935,2835.4394609846663,-396.62286376953125,130.24803161621094,19.31397819519043,17.11679458618164,4.620423793792725,7.2538743019104,5.602946758270264,-12.206171989440918,-0.9601926803588867,-8.127437591552734,0.5109472870826721,3.5655314922332764,-0.5503858923912048,common_voice_ko_36524898.mp3,twenties,male_masculine,1,1
5.256009070294785,0.09686467511013216,0.06626663036771942,2080.9259099540363,1062.3213221074593,2425.3156947604343,849.322711007551,4709.226149504405,2737.3964072318677,-360.32049560546875,92.53326416015625,14.677355766296387,33.06404113769531,9.061800956726074,7.808241367340088,5.054590225219727,-13.730978965759277,-6.139512062072754,-4.331552505493164,-1.2387452125549316,0.7380754351615906,-5.998354434967041,common_voice_ko_36524900.mp3,twenties,male_masculine,1,1
7.092018140589569,0.09680893841911764,0.07651327075600409,2030.431124756955,1111.1839459004548,2360.0826882030706,865.7798978381395,4552.548397288603,2785.345938336269,-377.6669921875,102.10610961914062,16.928285598754883,35.7046012878418,5.881074905395508,7.653805255889893,3.749819755554199,-13.285828590393066,-3.1840760707855225,-5.7783427238464355,0.7906199097633362,0.9338245987892151,-3.4087188243865967,common_voice_ko_36524902.mp3,twenties,male_masculine,1,1
7.308027210884354,0.10583457341269842,0.08938533149198606,2070.3114790385175,1284.3518788087756,2317.162959367297,868.1369931944334,4454.70703125,2976.6934851473857,-370.31817626953125,94.72709655761719,24.378843307495117,42.68981170654297,11.770386695861816,5.242781162261963,1.1370209455490112,-14.525371551513672,-6.100040912628174,-5.210190296173096,-4.025750637054443,-0.06652555614709854,-5.335770606994629,common_voice_ko_36524903.mp3,twenties,male_masculine,1,1
4.8960090702947845,0.07199487188981042,0.0773352173704005,1845.3098730935326,1028.9736872408669,2342.130223439069,859.4429426883678,4420.174693609301,2521.1613810300364,-426.6658630371094,100.82847595214844,22.140365600585938,29.50800132751465,3.9472227096557617,10.474544525146484,9.260100364685059,-9.795799255371094,-0.47561103105545044,-3.398231029510498,-0.9160765409469604,1.0428903102874756,-1.4889271259307861,common_voice_ko_36524916.mp3,twenties,male_masculine,1,1
6.336009070294785,0.06504693223443224,0.058174245004665844,1663.6698611590252,903.4942046205599,2199.6658387168427,780.2557117879853,3883.390925480769,2364.649627683204,-402.66278076171875,107.04029083251953,20.403276443481445,37.12127685546875,7.697928428649902,10.7432861328125,7.456078052520752,-11.757586479187012,-3.7824180126190186,-7.8251566886901855,-1.7502192258834839,0.7590184807777405,-4.47391939163208,common_voice_ko_36524917.mp3,twenties,male_masculine,1,1
6.084036281179138,0.05908017466730038,0.04996740958132306,1573.763905753162,812.53184309476,2134.365685328167,733.2285304308635,3659.334526497148,2217.776447316704,-369.0871887207031,104.5584716796875,19.614755630493164,39.832069396972656,12.658806800842285,6.53421688079834,5.539421558380127,-6.642458438873291,-5.812140941619873,-6.899797439575195,-4.470917701721191,-2.435711145401001,-2.706836223602295,common_voice_ko_36524929.mp3,twenties,male_masculine,1,1
9.18,0.07310778685290405,0.07678900205675955,1674.1753665139074,1058.348720914956,2059.4882720683554,682.4213053668296,3518.911465731534,2253.8379681097335,-361.5135803222656,113.82317352294922,13.318607330322266,36.65269088745117,11.812007904052734,8.623316764831543,9.418940544128418,-10.064435958862305,-3.44639253616333,-6.4020094871521,-3.6635959148406982,0.933817982673645,-5.084756374359131,common_voice_ko_36524930.mp3,twenties,male_masculine,1,1
6.84,0.07099940413135593,0.06290923277452597,1642.2411048717086,947.1449971093106,2088.627145704543,765.4939342584457,3534.839529263771,2386.0406732988063,-371.3826904296875,120.1092529296875,18.037202835083008,34.79613494873047,8.844385147094727,6.884425640106201,6.289848804473877,-8.913114547729492,-0.6847696900367737,-6.0636091232299805,-0.7558965086936951,-2.2329657077789307,-0.7497998476028442,common_voice_ko_36524931.mp3,twenties,male_masculine,1,1
7.272018140589569,0.07823074243630573,0.07379053083911208,1691.3332041299864,1070.6080706939026,2068.268019337242,751.7418664291205,3552.5670531449045,2366.2599417226133,-367.05279541015625,115.20021057128906,25.06032371520996,39.96699142456055,5.97660493850708,6.888212203979492,7.703315258026123,-9.2478666305542,-4.342421531677246,-11.868643760681152,-4.357406139373779,-3.189039945602417,-5.105185508728027,common_voice_ko_36524937.mp3,twenties,male_masculine,1,1
4.788027210884354,0.07441217542270531,0.0663865222286751,1750.3395645645046,971.0317106020614,2238.1003574259735,744.2345841511159,4013.809867527174,2288.608763655175,-358.35406494140625,89.25869750976562,20.187620162963867,42.507110595703125,16.30289077758789,7.490562438964844,4.0828399658203125,-6.586798667907715,-5.5571608543396,-5.12661600112915,-5.066242694854736,-2.993424415588379,-3.604959726333618,common_voice_ko_36524938.mp3,twenties,male_masculine,1,1
5.47201814058957,0.10014938095868645,0.09602069636062185,2015.1765259724052,1195.1794139186475,2267.3316780416926,749.0882035514902,4314.076879469015,2331.4148103905154,-381.5790100097656,97.87002563476562,20.181716918945312,42.83561706542969,14.70886516571045,7.638744354248047,-0.2384960949420929,-7.608943462371826,-5.0891547203063965,-8.804729461669922,-0.8624162673950195,-3.7400660514831543,-2.5207180976867676,common_voice_ko_36524939.mp3,twenties,male_masculine,1,1
5.652018140589569,0.08001809042008197,0.07291223005014834,1793.3399511964121,1077.3907479351928,2172.1253071143997,698.0505266368989,3844.0738865586577,2226.106855738004,-362.60687255859375,103.49337005615234,14.983760833740234,39.15284729003906,15.808027267456055,10.79736042022705,7.648399353027344,-11.304204940795898,-5.064567565917969,-6.869041442871094,-1.5556280612945557,-0.5195667147636414,-8.018213272094727,common_voice_ko_36524950.mp3,twenties,male_masculine,1,1
3.9240362811791383,0.0716299926035503,0.05566418427197261,1813.6643247701709,779.3118460978206,2355.4369194010105,739.9205932104238,4292.242684448965,2118.498313558868,-406.76959228515625,103.9852294921875,19.962753295898438,37.64163589477539,10.26762866973877,8.46958065032959,5.233600616455078,-8.708666801452637,-3.2785983085632324,-7.281087398529053,-1.6724189519882202,0.8378027677536011,-1.8426741361618042,common_voice_ko_36524951.mp3,twenties,male_masculine,1,1
8.424036281179138,0.0917121319731405,0.09771114289549296,1944.7240706622638,1218.9740163851104,2270.2402433835427,729.5925515878259,4235.664102853822,2468.586397680515,-365.89788818359375,93.84896087646484,20.303913116455078,39.814483642578125,13.922090530395508,11.520828247070312,5.716958522796631,-9.387310981750488,-3.1976497173309326,-6.029021739959717,-5.534761428833008,-1.6899486780166626,-1.537426471710205,common_voice_ko_36524952.mp3,twenties,male_masculine,1,1
5.652018140589569,0.0696961449795082,0.04900292511222203,1687.4141790472272,758.5513799063484,2189.4723015055824,758.7169138191053,3921.381615810707,2101.017953844552,-360.5263366699219,111.43082427978516,10.019887924194336,31.4594669342041,11.281187057495117,8.90175724029541,7.731732368469238,-12.955048561096191,-4.921387672424316,-8.242708206176758,-3.154783248901367,0.6985098123550415,-6.811905860900879,common_voice_ko_36524953.mp3,twenties,male_masculine,1,1
7.2,0.07695375301446945,0.0684330404293258,1751.6703657650073,970.3438495174647,2118.61109162809,754.6279423044031,3826.3671089981913,2247.8143992424225,-342.10296630859375,114.78204345703125,6.697195053100586,34.8744010925293,12.704903602600098,11.727705955505371,8.274481773376465,-10.969908714294434,-2.4416656494140625,-6.441699028015137,-2.1791129112243652,-2.6259448528289795,-3.66438364982605,common_voice_ko_36524982.mp3,twenties,male_masculine,1,1
8.568027210884354,0.0764232935298103,0.07897923901181164,1701.7201479005187,1039.7559529011937,2075.334334481534,757.5903816081908,3722.0054068216464,2298.556912549162,-347.59539794921875,106.52300262451172,11.40234088897705,35.89115905761719,13.481760025024414,9.392300605773926,3.151308298110962,-10.663191795349121,-1.9754258394241333,-6.864684581756592,-3.343066453933716,-2.0233302116394043,-6.491128444671631,common_voice_ko_36524983.mp3,twenties,male_masculine,1,1
4.104036281179138,0.06445864230225988,0.04509885930872889,1579.1547425249025,849.8632534865025,2069.6871130208297,833.5515921108017,3549.3896484375,2355.2442514024374,-370.50701904296875,124.09474182128906,14.328437805175781,34.42936325073242,10.775664329528809,1.285239577293396,8.550446510314941,-10.371474266052246,-4.015614986419678,-7.433961868286133,-3.212780714035034,-0.25435203313827515,-6.281583786010742,common_voice_ko_36524984.mp3,twenties,male_masculine,1,1
5.4360090702947845,0.07378449135638297,0.07277079244462499,1709.9510268932247,1017.1167229798506,2120.5515558500706,730.0128027559497,3655.375768783245,2267.8117514157875,-350.95855712890625,112.26097106933594,19.398313522338867,36.085811614990234,10.701263427734375,9.453719139099121,6.1112260818481445,-6.813887119293213,-2.3673293590545654,-7.920812606811523,-2.7537426948547363,0.3312265872955322,-4.3157734870910645,common_voice_ko_36524997.mp3,twenties,male_masculine,1,1
4.6440362811791385,0.06929949860074627,0.05851859597392862,1706.4466620810035,856.2563103495787,2208.844788480209,754.055131402403,3999.5514371501868,2090.0699096676253,-362.3569641113281,108.00192260742188,10.232168197631836,35.09329605102539,11.944723129272461,9.771858215332031,8.26054573059082,-12.954140663146973,2.17919921875,-2.7568233013153076,-3.4545702934265137,1.982541561126709,-8.014610290527344,common_voice_ko_36524998.mp3,twenties,male_masculine,1,1
7.704036281179138,0.06644595961972892,0.06976712918170568,1608.9680320667348,930.7169861704708,2106.5624325923113,786.0690639871125,3623.1884324407,2342.8430911838486,-352.61322021484375,113.00802612304688,12.56678581237793,28.827011108398438,10.87244701385498,9.623242378234863,7.1202850341796875,-13.630200386047363,-4.911133766174316,-6.627479553222656,-4.259894371032715,-0.733007550239563,-4.397954940795898,common_voice_ko_36525000.mp3,twenties,male_masculine,1,1
4.6440362811791385,0.08141178871268656,0.09565996797195932,1900.934530154191,1133.9179233389978,2307.966378839772,881.203759523851,4550.415767840485,2495.653523520432,-378.85400390625,92.83695983886719,13.475385665893555,30.784626007080078,13.972243309020996,5.277731895446777,5.264890193939209,-5.468535423278809,-3.083923578262329,-3.7762153148651123,-1.4182583093643188,-0.10876324772834778,-4.137035369873047,common_voice_ko_36525001.mp3,twenties,male_masculine,1,1
7.02,0.08050516965759076,0.06565783999154015,1642.8274780880292,1059.2955582162529,2022.2559677595407,899.9624419231175,3585.988987082302,2790.719216392368,-376.37628173828125,130.20506286621094,11.596826553344727,35.30955505371094,12.904125213623047,4.805940628051758,8.921730995178223,-6.550063133239746,3.3444197177886963,-7.027468681335449,-0.9920464754104614,2.6729977130889893,-4.076882362365723,common_voice_ko_36525116.mp3,twenties,male_masculine,1,1
5.47201814058957,0.07198838056144068,0.04334770129664454,1667.282567619871,981.4453501882173,2120.9611109352413,945.0636182124134,3735.6457726430085,2964.0446220855442,-391.9238586425781,135.98468017578125,16.317855834960938,22.815080642700195,1.6105196475982666,2.2189879417419434,11.946501731872559,-10.579601287841797,0.8541486263275146,-3.9849841594696045,-1.9348763227462769,3.6209659576416016,-2.0221283435821533,common_voice_ko_36525118.mp3,twenties,male_masculine,1,1
6.696009070294784,0.09512698691608996,0.08517664816990311,1975.6815280739586,1159.2114332948356,2304.7421251122864,848.6313971431024,4346.763911791739,2793.4028152056717,-359.68951416015625,108.65074920654297,12.993370056152344,35.43949508666992,13.536348342895508,9.267678260803223,2.3995065689086914,-9.877629280090332,1.5745807886123657,-6.85394811630249,0.12325038760900497,1.5968327522277832,-3.222930908203125,common_voice_ko_36525119.mp3,twenties,male_masculine,1,1
7.164036281179138,0.07782634253640777,0.06136449373889641,1817.569851318937,1053.5878177792301,2294.968615666688,880.9001184863134,4130.542229217233,2895.657226008114,-383.8034973144531,114.73622131347656,18.50847816467285,28.730335235595703,10.905501365661621,12.782899856567383,6.364090442657471,-12.6460542678833,0.7323578596115112,-4.888131618499756,0.09727917611598969,2.1180973052978516,-5.220423221588135,common_voice_ko_36525120.mp3,twenties,male_masculine,1,1
6.66,0.10409407665505227,0.08702830718542444,1992.642705593884,1216.0507984703725,2234.0364403365115,816.0421539554055,4227.860613567073,2707.0684339141753,-401.51104736328125,111.1351547241211,13.158978462219238,35.5811653137207,11.591774940490723,7.1412458419799805,2.4147632122039795,-12.095273971557617,-3.4437944889068604,-8.229820251464844,-1.5201913118362427,-0.27384039759635925,-4.1610589027404785,common_voice_ko_36525130.mp3,twenties,male_masculine,1,1
4.968027210884354,0.08816442757009346,0.07028708556414737,1925.000755489249,1178.4856007694527,2295.066905345316,995.2951165982231,4410.080497955608,3055.3651711164903,-424.8696594238281,119.96467590332031,17.79640007019043,25.355609893798828,16.99338722229004,9.539202690124512,5.055577754974365,-7.154508590698242,-1.6773701906204224,-8.808592796325684,-2.879749059677124,0.3051149249076843,0.3541574776172638,common_voice_ko_36525131.mp3,twenties,male_masculine,1,1
7.344036281179139,0.08877168769716089,0.06688115540828363,1926.4467978414882,1094.1060241078565,2284.451291660985,968.2472225184491,4387.712795125197,3000.268515945895,-373.61053466796875,119.5675277709961,8.990943908691406,28.25609588623047,11.292502403259277,2.499556064605713,7.532804012298584,-12.254003524780273,-2.1730101108551025,-5.084090232849121,-3.548583507537842,1.1387981176376343,-5.135695934295654,common_voice_ko_36525133.mp3,twenties,male_masculine,1,1
5.004036281179138,0.0860324435763889,0.05870021832981296,1942.7643443732868,1100.3875949722953,2369.272019645389,991.2777195971588,4474.2706298828125,3167.324991479683,-397.686279296875,101.94149780273438,19.272451400756836,34.017372131347656,14.092753410339355,-0.35450461506843567,5.1531982421875,-8.755290985107422,-5.469943523406982,-2.405979633331299,-0.2662007510662079,-3.8515353202819824,-5.924141883850098,common_voice_ko_36525134.mp3,twenties,male_masculine,1,1
2.4840362811791383,0.14957834404205608,0.10417831330910965,2820.6261408665237,1280.232168763325,2985.423268386251,849.7555481314387,6594.593768253505,3033.74337681687,-529.1987915039062,87.32430267333984,40.2699089050293,18.421478271484375,3.3997209072113037,6.198475360870361,7.486741542816162,0.9508110880851746,3.510087728500366,-5.0345234870910645,-0.6719455718994141,1.3145869970321655,2.477429151535034,common_voice_ko_36525146.mp3,twenties,male_masculine,1,1
6.408027210884354,0.08973583276721014,0.06327349152710077,1964.9762846412348,1131.2053825854746,2304.0369522950855,856.5574928942318,4264.237378991168,2871.101889761003,-377.40643310546875,102.23775482177734,18.880495071411133,34.621360778808594,8.12051773071289,5.19703483581543,6.796624660491943,-10.680630683898926,-4.813334941864014,-4.13665771484375,-1.692760944366455,-0.4092898666858673,-4.559337615966797,common_voice_ko_36525148.mp3,twenties,male_masculine,1,1
3.78,0.07810403086656442,0.05427564282548466,2028.8646212788453,1036.7044617660993,2563.1210081588206,974.7604208855429,4976.812032687883,3134.8754492928706,-422.4145812988281,104.31880187988281,26.41808319091797,31.966995239257812,8.867000579833984,4.283536434173584,10.245231628417969,-2.342820167541504,-2.7458996772766113,-5.401812553405762,-2.4700722694396973,0.3441345691680908,-2.0750350952148438,common_voice_ko_36525149.mp3,twenties,male_masculine,1,1
5.22,0.10060112847222222,0.07031280730171187,2193.2477083974104,1127.8029188749397,2537.745567084313,876.2790537206527,5011.2548828125,2929.18332056563,-393.95672607421875,91.29267120361328,17.206056594848633,31.81150245666504,10.975204467773438,8.986686706542969,7.117218971252441,-5.997693061828613,-2.5792770385742188,-5.205375671386719,-3.0610036849975586,0.33743903040885925,-3.897235155105591,common_voice_ko_36525151.mp3,twenties,male_masculine,1,1
7.8120181405895694,0.08790366515207715,0.07092757068438524,1894.2981024529115,1075.4848342479588,2204.937274122702,765.9300054306351,3994.568921550445,2562.914577751455,-362.9994201660156,108.78022766113281,12.980981826782227,28.648996353149414,9.143936157226562,10.642483711242676,7.15752649307251,-7.327913284301758,-0.6939496397972107,-4.588074684143066,-0.8443040251731873,-0.39044317603111267,-5.957375526428223,common_voice_ko_36525167.mp3,twenties,male_masculine,1,1
6.336009070294785,0.08126216231684982,0.0654791130188166,1785.0410920715888,1043.0218600990152,2148.5783227101174,804.2898916050597,3888.202373798077,2587.8104877554256,-415.232421875,108.47439575195312,13.7412109375,37.07337188720703,11.561945915222168,6.69547700881958,5.078200817108154,-10.898911476135254,1.9548934698104858,-3.56843638420105,-4.742002487182617,0.2603972256183624,-6.356480598449707,common_voice_ko_36525199.mp3,twenties,male_masculine,1,1
7.92,0.09944518686038012,0.09307235070006269,1984.5393570797403,1234.1602360093743,2236.966041264086,804.2776374682225,4218.052271792763,2698.381627921478,-376.6094055175781,105.41636657714844,17.49149513244629,32.647193908691406,14.800328254699707,9.286598205566406,1.5892624855041504,-9.304256439208984,-0.22256308794021606,-4.260628700256348,0.20062600076198578,1.9951940774917603,-3.4495697021484375,common_voice_ko_36525200.mp3,twenties,male_masculine,1,1
5.47201814058957,0.08038433527542373,0.06660217398973782,1861.1110695953614,1120.5604055345584,2281.402251330451,870.8875556603217,4211.292331501589,2937.674776455385,-374.8858642578125,108.88656616210938,25.299531936645508,37.9937858581543,13.866254806518555,8.711472511291504,2.7070956230163574,-12.423259735107422,3.666635036468506,-3.727454900741577,-4.803617000579834,-0.56839919090271,-2.8515889644622803,common_voice_ko_36525202.mp3,twenties,male_masculine,1,1
3.5640362811791384,0.07837548193993507,0.054205994878728826,1870.69244398829,930.6311981069036,2308.819718009237,939.475404491255,4609.993119673295,2582.134844390358,-433.79034423828125,94.02159881591797,5.059645175933838,34.472530364990234,16.214479446411133,4.005558013916016,-0.7471611499786377,-8.682908058166504,-6.061252593994141,-8.866186141967773,-5.011033535003662,-2.6751275062561035,-5.252488136291504,common_voice_ko_36525263.mp3,twenties,male_masculine,1,1
5.4360090702947845,0.10079163896276595,0.08856183986318422,2128.667832095221,1168.2756083953723,2363.0809653452447,898.8824501371193,4772.261781083776,2787.092592553486,-437.6507873535156,100.0443344116211,14.60237979888916,42.784027099609375,14.820733070373535,1.846788763999939,-0.6088034510612488,-6.0026350021362305,1.9326210021972656,-7.8894429206848145,-3.5548105239868164,-0.9363331198692322,-3.345158338546753,common_voice_ko_36525264.mp3,twenties,male_masculine,1,1
4.608027210884353,0.08081177371231156,0.08156123518396857,2200.282657398767,895.0270925135919,2680.453151011214,723.0381319184945,5554.322025164887,1947.2219457500303,-436.40191650390625,83.21984100341797,22.748584747314453,36.8465461730957,12.39285945892334,8.929845809936523,-0.5406467318534851,-8.071735382080078,3.5457797050476074,-4.231420040130615,-0.7373443841934204,-0.619661271572113,-3.0134105682373047,common_voice_ko_36525266.mp3,twenties,male_masculine,1,1
5.328027210884354,0.0525390625,0.036574375771302806,1631.1118948828737,813.6444081614835,2234.9450659601243,888.9971300816952,3949.2830757472825,2723.2179145606715,-393.3414001464844,110.5860595703125,19.061084747314453,31.639442443847656,9.588273048400879,3.2731704711914062,8.86119556427002,-6.20145320892334,-1.0040724277496338,-4.776727199554443,-0.97922283411026,2.438652276992798,-7.140555381774902,common_voice_ko_36525267.mp3,twenties,male_masculine,1,1
7.56,0.11518944114263803,0.1157116694928022,1981.8817631179786,1495.69423805384,1595.8049871148507,804.2891312247463,3568.0385472584358,2369.6363376134636,-315.2919006347656,85.8465805053711,-19.689960479736328,26.37176513671875,-12.357806205749512,12.920896530151367,-26.48639488220215,17.59290313720703,-18.627714157104492,-5.7623162269592285,-0.04411620274186134,-17.336143493652344,2.7763404846191406,common_voice_ko_35850231.mp3,thirties,male_masculine,2,1
4.8960090702947845,0.12911220749407584,0.11449112066114082,2068.6903271821348,1454.3594139929232,1588.1731613384136,729.1623487983487,3560.632497778436,2246.6736838305956,-330.912109375,101.77025604248047,-37.63965606689453,17.56976318359375,-11.3219633102417,9.40694808959961,-29.815689086914062,19.713685989379883,-23.84597396850586,-4.599828720092773,6.286515235900879,-17.992450714111328,7.331346035003662,common_voice_ko_35850233.mp3,thirties,male_masculine,2,1
6.408027210884354,0.09985528475996377,0.09538629093190659,1999.4955269580187,1545.3949424655632,1566.5358328966954,814.8412517525724,3533.746868631114,2473.854993808989,-315.2547912597656,97.51661682128906,-29.021240234375,25.056095123291016,-16.04326629638672,11.272457122802734,-30.921085357666016,20.964487075805664,-22.04670524597168,-8.33023738861084,8.695958137512207,-17.81357192993164,5.239816188812256,common_voice_ko_35850234.mp3,thirties,male_masculine,2,1
2.8080272108843536,0.09321329416322315,0.09777758726486005,1775.9228715730103,1528.4629420194378,1378.847483947952,973.7393141757102,3274.0256569602275,2648.9800250705857,-409.5433044433594,72.22144317626953,-26.648832321166992,13.059706687927246,-11.94892406463623,4.751954078674316,-17.616939544677734,14.913814544677734,-20.167509078979492,-3.403102397918701,5.242790699005127,-8.989968299865723,5.411025047302246,common_voice_ko_35850365.mp3,thirties,male_masculine,2,1
8.208027210884353,0.08443679378531073,0.09511679781280688,1458.5402058282132,1283.7516002692655,1234.0645936079807,857.9123597429881,2671.2120961334745,2230.9473606073007,-325.23834228515625,96.52193450927734,-30.73438262939453,15.086515426635742,-9.213645935058594,10.445855140686035,-26.573490142822266,15.8759126663208,-23.64739418029785,-6.5214457511901855,7.083196640014648,-16.132892608642578,4.839524745941162,common_voice_ko_35850368.mp3,thirties,male_masculine,2,1
5.58,0.0985112487033195,0.10796446153566684,1740.3640898458755,1419.7289476652293,1421.7934100449193,844.2019391356271,3071.6086739821058,2314.2460437284694,-303.03564453125,90.73502349853516,-29.086410522460938,22.808698654174805,-14.01224422454834,9.7416410446167,-27.692378997802734,19.8794002532959,-23.732166290283203,-7.989829063415527,6.334830284118652,-16.44772720336914,4.552610874176025,common_voice_ko_35850370.mp3,thirties,male_masculine,2,1
7.56,0.1019159796779141,0.09859711533454132,1631.1123018116102,1248.8634351379653,1398.501352807156,753.1296976960795,2921.9433743529526,2104.445698369056,-297.1185302734375,108.56484985351562,-32.09909439086914,16.25824737548828,-16.169158935546875,9.502596855163574,-28.83970069885254,19.460309982299805,-25.55438232421875,-9.197297096252441,7.7247772216796875,-19.941661834716797,6.7485833168029785,common_voice_ko_35850371.mp3,thirties,male_masculine,2,1
5.868027210884354,0.11273699975296443,0.11545709398382206,1659.3039942199098,1394.9710003646971,1346.0991518936164,859.3343200092224,2926.72828402915,2266.02408006501,-311.4774475097656,92.6041030883789,-31.685331344604492,21.792299270629883,-22.129709243774414,14.96904468536377,-28.05687141418457,23.069082260131836,-26.618013381958008,-7.5224103927612305,7.012434959411621,-17.87714195251465,8.61722183227539,common_voice_ko_35850372.mp3,thirties,male_masculine,2,1
6.66,0.09154677972560976,0.09125897202020138,1651.5155929483853,1454.1777931765798,1405.3256758026762,961.2359128286888,3071.670160060976,2619.0909064576495,-350.1537170410156,91.68399047851562,-25.48523712158203,19.52599334716797,-12.909930229187012,7.424075603485107,-25.635560989379883,15.298832893371582,-20.923603057861328,-2.822507619857788,2.145010232925415,-16.26422882080078,5.694698333740234,common_voice_ko_35850420.mp3,thirties,male_masculine,2,1
3.96,0.1059912966008772,0.10383082783757196,1879.4279576764154,1559.4656693409704,1444.886353014539,872.7895064015005,3270.4654091282896,2424.0561322495696,-347.857421875,82.81857299804688,-31.487506866455078,21.998470306396484,-13.302619934082031,10.191389083862305,-26.60246467590332,17.668664932250977,-17.488086700439453,-3.837204933166504,5.9639716148376465,-12.258801460266113,5.137291431427002,common_voice_ko_35850422.mp3,thirties,male_masculine,2,1
6.12,0.10401500355113637,0.0985797832856921,1812.2448124759987,1319.5490785395773,1494.1467626224598,749.9079911335359,3197.4767511541195,2187.7039479853993,-298.7958679199219,105.3880386352539,-32.25250244140625,18.873205184936523,-24.757049560546875,7.43332052230835,-25.066020965576172,19.744325637817383,-23.706066131591797,-5.327887535095215,7.472234725952148,-16.48204231262207,6.471570014953613,common_voice_ko_35850423.mp3,thirties,male_masculine,2,1
5.328027210884354,0.09053583559782609,0.09716313558653993,1624.0165941609816,1416.957213852924,1366.4732051691485,879.6961342154113,2930.4348887567935,2353.4961086666626,-322.32098388671875,91.83613586425781,-28.652639389038086,26.17918586730957,-16.115612030029297,7.8816680908203125,-23.83737564086914,18.723644256591797,-22.157434463500977,-8.000588417053223,6.225729465484619,-16.121803283691406,5.635396480560303,common_voice_ko_35850425.mp3,thirties,male_masculine,2,1
4.968027210884354,0.09375912675233646,0.1031484287478346,1681.507321058648,1489.1976849397643,1296.6209790826242,853.9254976938289,2910.8060747663553,2352.0181039366335,-317.8030700683594,94.65062713623047,-37.37812805175781,16.967159271240234,-15.045211791992188,8.846951484680176,-24.523649215698242,18.416698455810547,-23.257986068725586,-5.214556694030762,7.514807224273682,-16.746824264526367,5.422072410583496,common_voice_ko_35850426.mp3,thirties,male_masculine,2,1
5.4,0.08784661681866952,0.09591955911860696,1533.1871678435982,1350.1815411961093,1323.3665175103367,941.5550200203827,2899.727673182672,2409.9594186537215,-347.39208984375,81.8244400024414,-28.67094612121582,21.55278968811035,-13.277823448181152,15.313721656799316,-18.11260986328125,16.36035919189453,-26.09377098083496,-9.738093376159668,6.0686564445495605,-13.844205856323242,4.311459064483643,common_voice_ko_35850466.mp3,thirties,male_masculine,2,1
3.9960090702947846,0.09971662752890173,0.09514230597852781,1984.207314448183,1415.9569024101356,1669.8038056010041,789.0059401419298,3680.2484589505057,2311.998594962304,-319.5700988769531,96.07958984375,-27.69251251220703,27.22475242614746,-8.79788589477539,18.809629440307617,-25.628128051757812,18.538055419921875,-26.312122344970703,-10.519410133361816,7.386054039001465,-17.143491744995117,1.8161154985427856,common_voice_ko_35850472.mp3,thirties,male_masculine,2,1
5.868027210884354,0.10667690834980237,0.10039809208799043,1862.1969579777426,1337.4504198313164,1559.8784395617736,741.7442988788481,3469.9522719552865,2186.990374072256,-279.75958251953125,115.46343994140625,-36.55293655395508,22.040924072265625,-13.476091384887695,21.154605865478516,-30.864463806152344,22.32270622253418,-32.2215461730957,-12.435654640197754,8.065629005432129,-17.803607940673828,5.794071674346924,common_voice_ko_35850476.mp3,thirties,male_masculine,2,1
4.248027210884354,0.09293619791666667,0.09880608472777706,1649.8219422032107,1515.4235137521464,1382.2465954893087,1001.7688005384517,3114.8425493084014,2695.7424556361543,-417.473876953125,66.09967803955078,-17.13125228881836,16.771337509155273,-12.798543930053711,13.045539855957031,-12.834548950195312,10.311674118041992,-17.756553649902344,-6.002452850341797,1.0602216720581055,-10.981345176696777,3.009960651397705,common_voice_ko_35850516.mp3,thirties,male_masculine,2,1
3.8880272108843537,0.1066865466889881,0.12516746199344492,2114.071047350111,1597.963014186132,1635.5194176092828,912.3981941703828,3853.546142578125,2570.5905894239518,-350.2210693359375,69.91429138183594,-27.450712203979492,25.68955421447754,-15.298439025878906,19.35053062438965,-17.37503433227539,15.207796096801758,-19.836015701293945,-5.029392719268799,3.121426820755005,-14.054912567138672,5.863780975341797,common_voice_ko_35850517.mp3,thirties,male_masculine,2,1
4.176009070294785,0.0873752170138889,0.07431170298498072,1839.4103605307082,1329.8907992229056,1625.008667969482,748.4945841868476,3482.696533203125,2220.6312364317682,-308.31475830078125,106.2484130859375,-28.554096221923828,24.77227020263672,-14.106871604919434,13.50967025756836,-23.60988426208496,18.56382942199707,-29.89015769958496,-8.12957763671875,6.132305145263672,-19.07125473022461,5.202311992645264,common_voice_ko_35850518.mp3,thirties,male_masculine,2,1
4.176009070294785,0.11917588975694444,0.10161817319862274,1940.0028870893177,1355.8663667375522,1575.9885355485826,753.8892671034699,3494.24072265625,2204.869362948154,-303.94976806640625,96.82434844970703,-39.16737365722656,29.729883193969727,-16.10232925415039,17.839006423950195,-22.10183334350586,19.017803192138672,-28.454328536987305,-9.602988243103027,7.670040607452393,-15.936151504516602,7.206711292266846,common_voice_ko_35850519.mp3,thirties,male_masculine,2,1
6.12,0.12873054273200757,0.10297538026255816,2193.5537615058574,1377.129437385272,1718.464787663599,702.9883772593306,4012.88368918679,2132.788899259512,-292.5683288574219,96.53504180908203,-39.232643127441406,30.8375244140625,-9.215180397033691,21.355735778808594,-27.84058952331543,12.833786010742188,-30.39291000366211,-7.68715763092041,4.041593074798584,-18.42776107788086,3.964750289916992,common_voice_ko_35850520.mp3,thirties,male_masculine,2,1
4.968027210884354,0.07877299941588785,0.1076923558257512,1392.4342713957417,1381.849274633652,1198.7205881827806,924.8789107007897,2611.504613573306,2403.2390723364415,-345.332275390625,85.34918975830078,-26.15117645263672,25.70421600341797,-21.834993362426758,15.249454498291016,-24.086511611938477,12.910551071166992,-21.485580444335938,-7.7229695320129395,8.373342514038086,-12.970794677734375,8.000640869140625,common_voice_ko_35850616.mp3,thirties,male_masculine,2,1
4.68,0.08917175897277228,0.08613630320787347,1633.165101709884,1374.6499151620017,1486.5866428792342,929.8818667977906,3287.1713770498145,2516.1166938914043,-325.1033020019531,88.70008850097656,-18.983352661132812,32.486080169677734,-17.185102462768555,19.492868423461914,-25.46828269958496,8.063091278076172,-30.255613327026367,-7.36931848526001,1.6766740083694458,-19.780799865722656,8.090351104736328,common_voice_ko_35850617.mp3,thirties,male_masculine,2,1
3.78,0.1014276984279141,0.1062199689307403,1780.8255384400911,1522.987762161395,1455.5665323794508,958.1354073665623,3414.9942784221626,2664.8454039499093,-359.1431579589844,78.3454818725586,-22.131574630737305,24.336441040039062,-16.02197265625,18.248071670532227,-18.471025466918945,5.91144323348999,-21.525142669677734,-1.1617051362991333,4.125771522521973,-16.45168685913086,8.916241645812988,common_voice_ko_35850619.mp3,thirties,male_masculine,2,1
7.488027210884353,0.12047243856424149,0.11417170329693048,2009.2695343809557,1449.6412442396472,1622.0062813047634,737.5263172288647,3660.944529435952,2250.7457981886632,-287.4945068359375,98.79825592041016,-23.313901901245117,32.15874099731445,-27.147693634033203,23.316482543945312,-27.808130264282227,10.989110946655273,-29.84671974182129,-8.421672821044922,4.8481855392456055,-21.37851905822754,5.964360237121582,common_voice_ko_35850620.mp3,thirties,male_masculine,2,1
5.148027210884353,0.09021106067004504,0.10428574452514142,1537.417788038468,1380.827265541714,1373.4094470442546,967.705792631187,2936.857316300676,2517.3269732170425,-347.02215576171875,75.63470458984375,-19.680749893188477,22.61722755432129,-12.667572975158691,17.57731056213379,-21.899747848510742,6.651696681976318,-22.83832359313965,-6.827578067779541,3.519916534423828,-15.091429710388184,5.720339775085449,common_voice_ko_35850623.mp3,thirties,male_masculine,2,1
5.796009070294785,0.122353515625,0.11752240109470075,2202.387726674301,1655.196056965264,1605.825685530583,709.4615862622026,3772.100390625,2392.351564572374,-299.0127868652344,99.34774780273438,-35.211055755615234,25.236894607543945,-15.156394004821777,14.4547758102417,-27.84963607788086,14.765606880187988,-27.85272216796875,-6.784444808959961,4.667534828186035,-19.290340423583984,6.9467082023620605,common_voice_ko_35850705.mp3,thirties,male_masculine,2,1
3.528027210884354,0.07160708778782894,0.06334192639840751,1512.9588622625517,1212.0201240627446,1494.480709492098,977.6659527587925,3146.397640830592,2510.2536998086925,-353.1814880371094,93.61238861083984,-20.474523544311523,14.770379066467285,-17.014175415039062,18.630802154541016,-21.394760131835938,9.584731101989746,-23.943628311157227,-7.307318210601807,5.026622772216797,-15.790386199951172,2.757751226425171,common_voice_ko_35850706.mp3,thirties,male_masculine,2,1
5.076009070294784,0.09574771689497717,0.08308219631351546,1913.2943613212826,1353.1610006927942,1630.6474028497687,774.2469651786679,3552.1919145976026,2385.2150517280547,-305.3803405761719,93.02530670166016,-21.796714782714844,26.053077697753906,-13.370797157287598,16.761676788330078,-26.42354965209961,4.222075939178467,-24.734214782714844,-8.02400016784668,1.5125411748886108,-19.112794876098633,5.457370281219482,common_voice_ko_35850708.mp3,thirties,male_masculine,2,1
4.176009070294785,0.09886338975694445,0.09637800633910819,1782.9904205676055,1344.479907317592,1549.837102684923,763.8165785207716,3331.1865234375,2272.3352947365024,-340.49493408203125,96.96778106689453,-19.923128128051758,21.0776424407959,-21.42647933959961,12.931249618530273,-19.289215087890625,6.639739513397217,-26.18242645263672,-9.946730613708496,5.430263042449951,-17.20189666748047,3.529770851135254,common_voice_ko_35850710.mp3,thirties,male_masculine,2,1
3.78,0.09776109566717792,0.0994205728751156,1992.9210229784385,1687.5861479191608,1546.752664399584,875.2106800748855,3713.5528002779906,2555.020395515295,-347.5052490234375,79.85934448242188,-22.92303466796875,21.54892349243164,-16.106372833251953,18.58902359008789,-24.25304412841797,7.131997585296631,-28.9764404296875,-7.587603569030762,4.421499252319336,-12.879295349121094,11.581694602966309,common_voice_ko_35850711.mp3,thirties,male_masculine,2,1
3.96,0.08816474780701754,0.08510196895574385,1742.8929344451378,1352.2934080042735,1526.2197772612442,909.089854616877,3303.268914473684,2428.859082314609,-337.68927001953125,89.88790893554688,-28.305950164794922,18.572101593017578,-8.826828956604004,9.685750961303711,-25.50657844543457,15.968253135681152,-26.00082778930664,-7.016874313354492,4.20486307144165,-16.105289459228516,7.647469520568848,common_voice_ko_35850745.mp3,thirties,male_masculine,2,1
4.14,0.12589745548184358,0.11748613663257759,2204.295527395566,1639.0733020068265,1619.7498653892385,819.4410487262546,3984.5448073062153,2439.381486151683,-327.00506591796875,87.59269714355469,-28.824649810791016,24.81047248840332,-25.60426902770996,19.105146408081055,-28.994953155517578,16.745561599731445,-22.561784744262695,-9.424229621887207,1.4266785383224487,-16.178176879882812,5.926036357879639,common_voice_ko_35850746.mp3,thirties,male_masculine,2,1
5.148027210884353,0.11136111697635136,0.09343038373812657,1958.8063311388933,1338.9751427711483,1574.9197870485862,732.9624504432564,3566.0730310388512,2145.594464823386,-273.41314697265625,102.94641876220703,-36.92067337036133,24.18012809753418,-26.3167667388916,12.015653610229492,-24.560203552246094,17.677701950073242,-31.317012786865234,-9.594266891479492,5.75260066986084,-18.769636154174805,11.057957649230957,common_voice_ko_35850747.mp3,thirties,male_masculine,2,1
5.796009070294785,0.109525390625,0.09982297145159047,2082.717879356047,1428.618722098031,1697.904992541512,734.1879375845587,3904.78798828125,2249.5287813389896,-279.4766845703125,101.88204193115234,-26.792125701904297,27.13982391357422,-19.861066818237305,14.852099418640137,-30.165523529052734,17.962623596191406,-29.731945037841797,-9.772721290588379,2.507972240447998,-23.45680046081543,9.226265907287598,common_voice_ko_35850748.mp3,thirties,male_masculine,2,1
5.4,0.11757938237660945,0.09984644797788508,2073.060590497313,1436.6047920865135,1664.1957067289943,673.204808466352,3701.86259388412,2110.2429591527716,-288.72564697265625,104.06861877441406,-31.182241439819336,22.996856689453125,-24.938175201416016,11.518808364868164,-24.919950485229492,17.542783737182617,-27.600948333740234,-12.006638526916504,5.465078353881836,-20.78193473815918,8.329264640808105,common_voice_ko_35850749.mp3,thirties,male_masculine,2,1
4.968027210884354,0.10273528767523364,0.10950421308214692,1910.4160417850926,1514.7243575991452,1575.3342457194187,812.1161460368397,3550.3120208455025,2391.6826157983423,-316.47882080078125,93.35118103027344,-18.17571449279785,22.133392333984375,-30.278940200805664,10.90091323852539,-22.222126007080078,20.000707626342773,-23.708358764648438,-10.750109672546387,3.959874153137207,-18.665081024169922,6.98154354095459,common_voice_ko_35850780.mp3,thirties,male_masculine,2,1
4.176009070294785,0.11410047743055556,0.11499704356649795,2094.5681729855905,1596.523301238994,1550.1056886844553,750.4384755386532,3580.9716796875,2308.7881914076966,-297.7281799316406,100.96263885498047,-33.31092834472656,24.84365463256836,-18.17707061767578,13.170502662658691,-24.241212844848633,19.05120086669922,-27.214765548706055,-8.944256782531738,4.242593288421631,-17.776451110839844,5.435631275177002,common_voice_ko_35850784.mp3,thirties,male_masculine,2,1
4.86,0.13314034598214286,0.09818774132969882,2282.9085611726914,1358.9283978764242,1751.4544726168904,652.7413657532081,4134.169921875,2075.7257269115826,-267.4743957519531,100.06610107421875,-36.544586181640625,29.678098678588867,-27.082923889160156,13.776313781738281,-31.038301467895508,19.716468811035156,-30.79478645324707,-11.9839448928833,4.17460298538208,-19.975000381469727,9.25014877319336,common_voice_ko_35850786.mp3,thirties,male_masculine,2,1
2.088027210884354,0.14337022569444444,0.13080390683842544,2420.2191598968084,1860.9517034902617,1717.0222939926011,918.7515600077004,4101.95556640625,2817.8396993043343,-429.9295959472656,61.00235366821289,-4.22108268737793,19.499128341674805,-27.276926040649414,8.931015014648438,-15.030552864074707,8.239500045776367,-13.977949142456055,-7.21159553527832,0.8688645958900452,-10.600303649902344,2.863569498062134,common_voice_ko_35850787.mp3,thirties,male_masculine,2,1
5.4360090702947845,0.096484375,0.0950156435842996,1857.6174296970053,1546.979930227322,1550.9523731924762,866.0264768389206,3428.5440907579787,2458.1727484741286,-308.118896484375,99.77143096923828,-25.93029022216797,22.56267738342285,-24.686248779296875,10.970654487609863,-23.906478881835938,18.53265953063965,-22.313425064086914,-9.68138313293457,5.642568111419678,-16.1131534576416,5.990035533905029,common_voice_ko_35850834.mp3,thirties,male_masculine,2,1
4.86,0.08021298363095238,0.07862838590766577,1592.5655373142397,1334.3631118758067,1478.4837105593206,866.2650520420484,3101.6015625,2276.602659511395,-301.64605712890625,97.5665283203125,-20.318941116333008,27.715999603271484,-25.45287322998047,10.96035385131836,-27.791847229003906,18.906654357910156,-24.550151824951172,-9.444717407226562,1.7411367893218994,-19.55834197998047,5.168674468994141,common_voice_ko_35850837.mp3,thirties,male_masculine,2,1
5.6880272108843535,0.1323580994897959,0.11385920083971923,2256.0746551440934,1528.917128580036,1692.1024615739825,708.5732282877351,4056.4599609375,2256.3852042268113,-283.055908203125,94.9273910522461,-32.16448211669922,29.021469116210938,-28.1147518157959,19.455881118774414,-25.824317932128906,15.18851375579834,-23.835681915283203,-8.42251205444336,4.917752742767334,-17.74260711669922,2.919154644012451,common_voice_ko_35850838.mp3,thirties,male_masculine,2,1
4.8960090702947845,0.13990530583530805,0.10585190273900859,2320.3302232182955,1386.7383167501655,1750.1632029146178,598.4406741167859,4099.881053761848,1992.0785065166492,-296.85516357421875,93.8713150024414,-31.873992919921875,37.21524429321289,-17.500768661499023,15.970067024230957,-26.518978118896484,11.767191886901855,-23.488618850708008,-6.854724884033203,1.9763493537902832,-16.180824279785156,5.432067394256592,common_voice_ko_35850840.mp3,thirties,male_masculine,2,1
6.3,0.11925012925091912,0.09588693010617143,2047.666642681009,1451.4411461391906,1643.9794083159816,707.2537214128157,3742.977366727941,2214.489114742332,-290.4491882324219,102.5301513671875,-27.259658813476562,26.490570068359375,-30.87339210510254,14.840668678283691,-25.043228149414062,18.538455963134766,-25.517078399658203,-9.296775817871094,1.3224399089813232,-19.458328247070312,7.756770610809326,common_voice_ko_35850842.mp3,thirties,male_masculine,2,1
3.9960090702947846,0.1360949918713873,0.13476430929956756,2432.8765473956664,1789.1890027027896,1642.4685497562875,867.0991783571225,4092.6777569544797,2648.6430816660595,-374.14691162109375,68.40403747558594,-30.268165588378906,24.189594268798828,-17.32162857055664,14.151663780212402,-24.713607788085938,14.015692710876465,-22.91800880432129,-5.4404683113098145,1.5995888710021973,-14.409647941589355,7.2418904304504395,common_voice_ko_35850875.mp3,thirties,male_masculine,2,1
3.78,0.10954275306748466,0.09432965492924232,1860.90842969313,1333.8370047663718,1519.4604219133166,835.4168538844582,3422.8545580904906,2301.5850514707863,-359.4314270019531,81.6727066040039,-26.480867385864258,22.14685821533203,-16.35198974609375,13.877669334411621,-19.187164306640625,5.964869976043701,-21.93362045288086,-6.9489827156066895,4.025752544403076,-14.994011878967285,6.362387180328369,common_voice_ko_35850877.mp3,thirties,male_masculine,2,1
4.86,0.09296875,0.08113344097062397,1795.0879868034356,1161.8093329386952,1546.9992701003741,650.8210035749239,3341.28662109375,1925.9878078419051,-279.8836975097656,104.86346435546875,-38.30841064453125,37.58552551269531,-9.080023765563965,11.257963180541992,-28.329002380371094,15.946247100830078,-23.746360778808594,-9.796228408813477,7.1407904624938965,-19.089351654052734,3.889116048812866,common_voice_ko_35850879.mp3,thirties,male_masculine,2,1
5.076009070294784,0.09707432577054795,0.07908420516314264,1733.1146662114506,1236.2526702709258,1457.2898933113772,714.9507147702633,3129.7380003210615,2009.6565275669655,-280.5372009277344,113.85478210449219,-37.42054748535156,22.244461059570312,-23.625946044921875,9.860633850097656,-23.726835250854492,21.674030303955078,-26.66753387451172,-10.43243408203125,5.234450817108154,-20.634777069091797,8.422186851501465,common_voice_ko_35850880.mp3,thirties,male_masculine,2,1
5.076009070294784,0.1256755672089041,0.10475507287414389,2103.4557128562947,1399.351403642914,1669.608019612114,665.3823215183614,3794.5633561643835,2125.6595398063555,-276.430419921875,109.13780975341797,-32.718406677246094,25.204761505126953,-33.60287094116211,16.754295349121094,-22.79532241821289,19.74270248413086,-29.74009895324707,-12.59776782989502,8.138079643249512,-18.011838912963867,8.040807723999023,common_voice_ko_35850881.mp3,thirties,male_masculine,2,1
2.9880272108843537,0.09279614825581395,0.09712880402309983,1849.5244673332718,1479.984358888261,1630.7190791238497,1002.7017741054001,3836.3320993822676,2681.4322643392766,-381.9969482421875,65.98258972167969,-8.388736724853516,33.88413619995117,-23.633068084716797,11.76620864868164,-18.133764266967773,13.407602310180664,-8.776759147644043,-4.650896072387695,-0.031941257417201996,-13.625170707702637,4.085607051849365,common_voice_ko_35852120.mp3,thirties,male_masculine,2,1
3.8880272108843537,0.08917236328125,0.1071430592544481,1885.9358894644365,1714.9505340219764,1506.73845009116,982.3527616833865,3630.2032470703125,2827.6417379790896,-353.7608642578125,72.86912536621094,-14.207141876220703,29.986316680908203,-12.794572830200195,16.416912078857422,-21.781129837036133,13.009593963623047,-11.217350959777832,-7.093601703643799,4.1230669021606445,-10.340571403503418,1.2338968515396118,common_voice_ko_35852122.mp3,thirties,male_masculine,2,1
6.336009070294785,0.1000636733058608,0.09911345754758585,1976.6353630082672,1436.8052490063592,1660.1903027226988,864.0734294129068,3935.725285456731,2434.2641834110514,-291.8471374511719,87.6975326538086,-24.222047805786133,43.60383605957031,-18.520830154418945,20.031551361083984,-33.713314056396484,15.034984588623047,-21.779273986816406,-3.7690420150756836,2.755150318145752,-17.154193878173828,5.059453010559082,common_voice_ko_35852124.mp3,thirties,male_masculine,2,1
5.328027210884354,0.1312606148097826,0.11868384192775396,2472.9270098580687,1519.9731451946366,1870.253029906772,671.2210060406637,4574.120456861413,2150.437892015079,-275.147705078125,87.63592529296875,-23.81470489501953,44.65685272216797,-17.014314651489258,26.030536651611328,-35.74110794067383,14.119473457336426,-21.547550201416016,-7.252311706542969,1.853824257850647,-13.554208755493164,3.3379054069519043,common_voice_ko_35852125.mp3,thirties,male_masculine,2,1
4.8960090702947845,0.10380026288507109,0.10434576110587516,2064.996391737499,1527.096448344567,1631.0682827914884,800.5457822480678,3764.5345823459716,2487.1716656128538,-332.9103088378906,91.53910064697266,-26.792766571044922,31.741182327270508,-16.991695404052734,14.750103950500488,-29.686147689819336,11.47482681274414,-19.158981323242188,-3.428861618041992,5.6298017501831055,-12.3554105758667,2.5063371658325195,common_voice_ko_35852127.mp3,thirties,male_masculine,2,1
5.4,0.14723041845493562,0.1422147885732726,2462.6666996226973,1802.1910088580196,1673.6867782405454,905.1844593825523,4420.082714424624,2657.613074822893,-315.84161376953125,68.57027435302734,-20.318056106567383,40.149635314941406,-23.099340438842773,27.432239532470703,-31.64763641357422,9.224650382995605,-15.275693893432617,-4.974321365356445,3.5056400299072266,-12.519904136657715,1.3298231363296509,common_voice_ko_35852201.mp3,thirties,male_masculine,2,1
5.868027210884354,0.15874351531620554,0.1257372368350701,2512.3579195935285,1456.1772195002454,1791.0537000626073,659.6679524302505,4617.595398190464,2016.8069036008158,-265.423828125,85.95277404785156,-33.514671325683594,54.34123229980469,-28.269561767578125,28.40510368347168,-39.85182571411133,13.973651885986328,-21.718364715576172,-7.128511428833008,4.609433650970459,-18.66372299194336,7.620916366577148,common_voice_ko_35852202.mp3,thirties,male_masculine,2,1
3.9960090702947846,0.13647319815751446,0.12852230413464075,2395.064440286526,1663.879573601878,1683.4047385771023,868.8594107046297,4428.6206195809245,2505.8330472083367,-321.6227111816406,76.90203857421875,-24.419919967651367,43.871707916259766,-29.100692749023438,24.543764114379883,-32.073909759521484,15.019025802612305,-16.3393497467041,-8.568314552307129,6.327311992645264,-14.260421752929688,5.30810546875,common_voice_ko_35852204.mp3,thirties,male_masculine,2,1
5.868027210884354,0.12029860424901186,0.1002715977677384,2209.454108283518,1410.156179748162,1782.4246427035234,783.9122937733741,4410.987293107708,2274.6091202987436,-284.7626037597656,94.98701477050781,-30.768381118774414,37.64430618286133,-27.089557647705078,24.45915412902832,-36.05653381347656,14.59299373626709,-19.874155044555664,-7.50344705581665,8.781867027282715,-16.816850662231445,6.3017258644104,common_voice_ko_35852205.mp3,thirties,male_masculine,2,1
3.4560090702947845,0.11914717911073826,0.11055290303367284,2235.130557071852,1495.9639388091894,1729.0792888655253,864.8935235656674,4446.028372745386,2435.7186331487137,-325.42633056640625,83.97281646728516,-30.196609497070312,28.925264358520508,-31.634309768676758,20.86703109741211,-31.297943115234375,14.490029335021973,-18.08799934387207,-5.200594425201416,10.602684020996094,-14.91580581665039,5.8118109703063965,common_voice_ko_35852207.mp3,thirties,male_masculine,2,1
6.3,0.131866455078125,0.11857942909314037,2114.695620228491,1442.5158305229425,1661.2632822475116,913.3094450015898,4271.767919203814,2470.3278247576995,-283.7688293457031,79.92335510253906,-23.821142196655273,42.50411605834961,-32.814937591552734,19.895307540893555,-33.088966369628906,17.10434341430664,-16.2589168548584,-8.724092483520508,5.1614532470703125,-19.38214111328125,9.157698631286621,common_voice_ko_35852235.mp3,thirties,male_masculine,2,1
3.96,0.13318941885964913,0.11199268837008153,2460.026270458389,1507.886948814784,1847.9308758849088,825.3709386396367,4776.845189144737,2353.655787473727,-298.3948669433594,83.7901840209961,-25.951475143432617,43.63118362426758,-25.58706283569336,27.27557373046875,-34.85527038574219,13.119474411010742,-19.375505447387695,-9.432995796203613,9.461509704589844,-18.322940826416016,6.386138916015625,common_voice_ko_35852236.mp3,thirties,male_masculine,2,1
3.4560090702947845,0.1276576919043624,0.12457057466608475,2614.540537677747,1683.6141616562174,1801.0571249714974,862.9142191529382,4731.4517027579695,2431.3835252587287,-343.19488525390625,55.7709846496582,-13.161157608032227,60.888973236083984,-19.87616539001465,24.402088165283203,-35.37074661254883,14.274641990661621,-11.148824691772461,-9.769857406616211,2.6489298343658447,-16.065502166748047,6.551911354064941,common_voice_ko_35852237.mp3,thirties,male_masculine,2,1
6.3,0.13895371380974264,0.11501608157261982,2508.719383932548,1495.9753640827817,1823.7986347117287,784.5085532787434,4822.0916748046875,2213.0893429641874,-280.2025146484375,84.49674224853516,-27.901823043823242,48.894256591796875,-30.748424530029297,25.07841682434082,-38.94965362548828,18.483264923095703,-19.730792999267578,-9.695283889770508,6.951158046722412,-19.741588592529297,7.515502452850342,common_voice_ko_35852238.mp3,thirties,male_masculine,2,1
3.8880272108843537,0.1463564918154762,0.10469582311211971,2514.603987204525,1295.6107039496608,1869.044921667081,739.2168802194922,4814.1448974609375,2120.1504147441606,-298.67486572265625,79.61497497558594,-32.93022155761719,49.2667121887207,-23.255266189575195,20.797203063964844,-35.10126495361328,12.424013137817383,-18.828346252441406,-3.643420934677124,7.650588035583496,-20.564090728759766,8.293428421020508,common_voice_ko_35852239.mp3,thirties,male_masculine,2,1
6.3,0.11017563763786764,0.114764413113392,1831.5064193376033,1556.5265950134258,1461.4401889272758,759.9003534847726,3198.1556611902574,2382.8315224644493,-288.5368347167969,105.26458740234375,-21.846742630004883,27.44866371154785,-16.221078872680664,9.047768592834473,-33.66027069091797,-0.7880066633224487,-19.6921443939209,-9.286840438842773,0.5226495265960693,-9.512357711791992,5.472644805908203,common_voice_ko_35887285.mp3,thirties,male_masculine,2,1
5.796009070294785,0.08816015625,0.08344505603880517,1531.232653530939,1116.2333912509246,1445.931718436756,803.6359968740162,2862.49482421875,2138.5056096854514,-294.25775146484375,108.41315460205078,-27.241689682006836,18.774396896362305,-14.028521537780762,17.914058685302734,-32.34095764160156,-1.4363389015197754,-23.312828063964844,-6.093723773956299,-0.8824499845504761,-12.2392578125,10.925944328308105,common_voice_ko_35887286.mp3,thirties,male_masculine,2,1
3.2760090702947844,0.0842560244278169,0.11574712321729286,1566.3125180770235,1669.0658082171997,1137.7278380770324,942.8663065548672,2694.7590572733275,2618.174837973194,-410.32464599609375,63.64646530151367,-25.565351486206055,22.03961944580078,-6.638362407684326,14.618009567260742,-23.868955612182617,3.653548002243042,-11.50507640838623,-2.8775861263275146,1.4738516807556152,-10.00914478302002,4.536145210266113,common_voice_ko_35887287.mp3,thirties,male_masculine,2,1
3.168027210884354,0.09673314895072993,0.12538947636231448,1669.8596399947164,1743.2678710797693,1265.7266646634685,953.6575377620035,3023.293154083029,2674.2395249895903,-378.0589294433594,76.312255859375,-19.939470291137695,19.876327514648438,-12.794909477233887,19.981752395629883,-31.79905891418457,1.7361342906951904,-20.70088768005371,-6.731579303741455,4.724945068359375,-10.801517486572266,5.2431960105896,common_voice_ko_35887288.mp3,thirties,male_masculine,2,1
3.8880272108843537,0.11342366536458333,0.12595395509273535,2197.6255403896066,1825.5319330113998,1563.447830899824,929.3940337397638,3885.845947265625,2762.4722788396716,-377.2589416503906,71.91632080078125,-16.57352638244629,33.41801071166992,-6.5794243812561035,19.023868560791016,-27.80770492553711,2.392423152923584,-18.77298927307129,-7.205541610717773,-1.8376846313476562,-14.064763069152832,4.307147979736328,common_voice_ko_35887289.mp3,thirties,male_masculine,2,1
3.6360090702947847,0.05386644108280255,0.04380326497801492,946.4544798372251,759.8299445769235,1078.7273749134597,730.8699010922825,1670.8805545879777,1449.6884039049953,-397.69573974609375,99.94210815429688,16.596477508544922,15.430233001708984,0.29848572611808777,0.5766438245773315,-5.746507167816162,-11.14277172088623,-6.894898414611816,-3.0221219062805176,-3.818479537963867,-3.2365355491638184,-2.930023670196533,common_voice_ko_35972929.mp3,thirties,male_masculine,2,1
5.616009070294784,0.07733204739152892,0.0593682401922617,1134.5265086899449,664.3309094743852,1174.1208448132206,573.845211903091,2010.774067019628,1149.7684860737495,-307.5305480957031,133.50555419921875,-6.195840358734131,23.468109130859375,5.720879554748535,-9.479612350463867,-13.466059684753418,-13.710606575012207,-11.715495109558105,-3.97021746635437,-1.271566390991211,-5.492049217224121,-3.9821691513061523,common_voice_ko_35972930.mp3,thirties,male_masculine,2,1
4.716009070294785,0.05996524586397059,0.039621217667918,1011.7992397552283,591.8486444279412,1116.903736167092,637.5858767249634,1784.8280962775734,1144.4681154354284,-324.04046630859375,122.62162780761719,10.914260864257812,11.727073669433594,-3.182497262954712,-9.924080848693848,-11.375868797302246,-7.723514556884766,-7.202296733856201,-7.465961456298828,-2.929166555404663,-4.639265537261963,-6.120012283325195,common_voice_ko_35972931.mp3,thirties,male_masculine,2,1
6.84,0.06340207891949153,0.048970529693027585,1082.9166912452654,603.4986995242377,1206.909981998139,580.3248279469273,1994.1570941472457,1201.7497421361652,-281.3552551269531,132.3089141845703,-1.6041659116744995,26.74544906616211,2.7816343307495117,-6.917350769042969,-9.504409790039062,-5.146912574768066,-13.704575538635254,-10.110401153564453,1.9953675270080566,-5.1675004959106445,-5.9717326164245605,common_voice_ko_35972932.mp3,thirties,male_masculine,2,1
5.4,0.07019304922210301,0.048814847978149015,1289.1630177673655,684.6112012202224,1448.1182944109855,718.1835714781362,2454.184444574839,1336.5685138732154,-340.03472900390625,101.31376647949219,-3.123391628265381,15.576327323913574,1.459092617034912,-12.392884254455566,-12.47858715057373,-4.2978363037109375,-10.558170318603516,-7.886765956878662,0.7564971446990967,-5.138432502746582,-5.456416606903076,common_voice_ko_35972933.mp3,thirties,male_masculine,2,1
2.7,0.06871828258547008,0.06174665072490556,1685.7117544083326,930.0004081783334,2302.2529226907636,423.33421681182,3147.712590144231,1751.5886273895594,-406.5152282714844,122.1875,17.086936950683594,13.293684005737305,-0.9548228979110718,-1.4989053010940552,5.371633529663086,-17.581005096435547,4.626319885253906,-21.323740005493164,1.8276684284210205,-1.5846022367477417,2.2713584899902344,common_voice_ko_35845682.mp3,twenties,female_feminine,1,0
4.5,0.09813194668170103,0.10035884657427843,2104.569307767574,1375.2154716432517,2506.9282089374597,751.3524021605041,4432.2324772471,2934.7711547643253,-413.4896545410156,116.77863311767578,25.879077911376953,2.674567222595215,0.5805103778839111,-0.9717041254043579,5.21824836730957,-21.203683853149414,-5.185599327087402,-20.540624618530273,2.8765599727630615,-6.758015155792236,3.0134177207946777,common_voice_ko_35845802.mp3,twenties,female_feminine,1,0
4.176009070294785,0.10376790364583334,0.11911643611310445,2084.5350825616542,1513.6993893618771,2588.19488179462,701.4033249998283,4237.9736328125,3212.970937898716,-410.54266357421875,112.78832244873047,39.14015197753906,4.942108631134033,-2.1408255100250244,-0.17858847975730896,9.269874572753906,-11.295665740966797,0.2725127339363098,-17.00649070739746,-2.4550533294677734,-9.529016494750977,3.6345956325531006,common_voice_ko_35845804.mp3,twenties,female_feminine,1,0
5.148027210884353,0.09178587767454954,0.08689255257520132,2070.4910619938178,1257.1367293560977,2556.0884769538384,591.7447250003479,4163.134435705237,2640.9654128442207,-360.660400390625,99.60645294189453,22.849308013916016,26.611129760742188,4.945428848266602,-11.613046646118164,2.6083927154541016,-15.467498779296875,6.770026206970215,-18.593175888061523,-1.8411037921905518,-18.523019790649414,0.16364255547523499,common_voice_ko_35845806.mp3,twenties,female_feminine,1,0
4.5,0.08413287290592783,0.09416643090286406,1892.9798307606611,1308.2236914209695,2390.6888835018603,667.936307646198,3642.7186946278994,2696.232753914365,-346.58349609375,105.04508209228516,29.260168075561523,24.373666763305664,-1.9655805826187134,-6.923374652862549,3.034059524536133,-16.771806716918945,3.6211585998535156,-16.743927001953125,-3.8894999027252197,-17.570297241210938,2.477841377258301,common_voice_ko_35845836.mp3,twenties,female_feminine,1,0
3.78,0.07548588477760736,0.10221516465060802,1720.5392366980805,1194.811100324993,2319.7669847531215,509.36071480291537,3070.3309228815183,2180.23395251674,-405.5048522949219,113.28834533691406,27.754384994506836,16.52063751220703,-0.6983298063278198,-6.885692596435547,5.510177135467529,-7.378245830535889,5.292924880981445,-14.198667526245117,-3.2732818126678467,-14.836475372314453,-2.485495090484619,common_voice_ko_35845838.mp3,twenties,female_feminine,1,0
4.68,0.09519308864480198,0.10750165035010585,2011.6624177214276,1496.9587255666718,2400.977025939815,579.324642533199,3683.7234345993193,2812.4644515407285,-366.40496826171875,97.82642364501953,34.71579360961914,22.27610206604004,-3.668260335922241,-7.714261054992676,3.526615619659424,-10.32751178741455,2.7940926551818848,-17.954627990722656,-5.326683044433594,-12.76223087310791,-0.5390363931655884,common_voice_ko_35845839.mp3,twenties,female_feminine,1,0
4.176009070294785,0.09933268229166667,0.10195300157847267,2161.9223670972397,1420.4512657707514,2525.081802683102,713.1303534778805,4364.18212890625,2977.741374187108,-338.6784362792969,105.34689331054688,21.13686180114746,18.731481552124023,-1.3381105661392212,-8.138729095458984,1.641021728515625,-14.468222618103027,6.371876239776611,-18.827701568603516,-2.838017463684082,-18.877002716064453,0.30185621976852417,common_voice_ko_35845871.mp3,twenties,female_feminine,1,0
4.176009070294785,0.09915093315972222,0.122756514919662,1951.4064404466478,1513.850143440796,2264.4427592627367,712.1041129818785,3517.987060546875,2903.4860197793223,-349.9733581542969,116.51356506347656,22.433332443237305,4.524346828460693,-9.76064682006836,-6.1695876121521,0.5502220988273621,-18.44468116760254,5.161064147949219,-15.314373016357422,-3.1411027908325195,-14.483802795410156,-0.3386072516441345,common_voice_ko_35845873.mp3,twenties,female_feminine,1,0
4.68,0.11538907797029703,0.1404150883745518,2139.229247719172,1624.5499871025834,2405.4419791926207,646.9185773219272,3900.2280660194924,2971.772449445746,-356.5166320800781,111.1024398803711,24.665367126464844,12.78520679473877,-7.229243278503418,-8.7372465133667,4.347395420074463,-16.375965118408203,7.182699203491211,-18.469457626342773,-4.390467166900635,-17.412052154541016,2.0088374614715576,common_voice_ko_35845874.mp3,twenties,female_feminine,1,0
5.076009070294784,0.09348021903538813,0.08742918909304664,1987.4990254608535,1305.006911552922,2343.1128869300123,716.3201337286375,3838.6130136986303,2723.129421868239,-351.4740905761719,113.24725341796875,26.010211944580078,9.753607749938965,-18.069103240966797,-5.660321235656738,8.38856029510498,-16.836275100708008,3.224827289581299,-18.381376266479492,-0.28436627984046936,-19.693496704101562,-0.5287659168243408,common_voice_ko_35845876.mp3,twenties,female_feminine,1,0
2.88,0.08194140625,0.09173617058661478,1770.91553691521,1061.6643981663526,2324.7332337256657,561.9976967627109,3236.5265625,2342.827896189645,-382.19281005859375,109.1937026977539,19.911407470703125,14.456317901611328,-0.9440528750419617,-7.160830497741699,2.405958652496338,-12.161946296691895,4.286579608917236,-13.530731201171875,-3.5012102127075195,-14.736335754394531,0.3753257393836975,common_voice_ko_35845931.mp3,twenties,female_feminine,1,0
2.7,0.09957181490384616,0.0939298931545123,2091.0275090673813,1235.742508998945,2549.581416918827,594.5085608312796,4286.487755408654,2577.0148505135035,-376.85552978515625,99.38622283935547,21.1494083404541,23.219778060913086,-2.418470621109009,-6.1527276039123535,4.33549165725708,-13.576826095581055,6.567245006561279,-15.07252311706543,-4.130163669586182,-18.897424697875977,-0.045245349407196045,common_voice_ko_35845932.mp3,twenties,female_feminine,1,0
6.516009070294785,0.1394989991103203,0.16994430245989145,2533.2077803558,1930.3336931039903,2500.8120594541324,735.2014563802638,4719.143231483541,3173.8476735545905,-310.14776611328125,84.83052825927734,27.991497039794922,16.789045333862305,-10.148115158081055,-9.86137866973877,1.7158571481704712,-11.625783920288086,3.905388116836548,-18.033897399902344,-6.669695854187012,-18.8832950592041,-1.1453979015350342,common_voice_ko_35845933.mp3,twenties,female_feminine,1,0
2.9880272108843537,0.09048343628875968,0.0930410344731887,1785.3336464981521,1345.1842990739742,2064.5212388500527,805.4924793377378,3283.3127043968025,2826.3949761970257,-331.4626159667969,129.58131408691406,12.606709480285645,8.540106773376465,2.428494691848755,-5.857339859008789,-2.453965902328491,-16.4614315032959,-1.8549754619598389,-19.12812614440918,-4.1711249351501465,-19.86488914489746,-4.672753810882568,common_voice_ko_35845934.mp3,twenties,female_feminine,1,0
3.4560090702947845,0.11980259018456375,0.12236230380255073,2356.5684414650436,1445.7748010796765,2584.833003622423,624.0509628247137,4718.4450699979025,2661.55647070905,-338.49322509765625,88.93341064453125,27.8707332611084,4.054238319396973,-2.218961477279663,-0.25613588094711304,2.286929130554199,-18.327787399291992,-4.8791608810424805,-11.197489738464355,-7.220849990844727,-8.117074012756348,-2.058389902114868,common_voice_ko_35845987.mp3,twenties,female_feminine,1,0
7.02,0.12893042233910892,0.14980108297697833,2329.525077659652,1770.2565238377802,2477.2262170719705,720.0321738930535,4230.279480584777,3213.0818186790443,-324.12628173828125,102.19921112060547,27.04489517211914,7.854504108428955,2.474933385848999,-5.470520496368408,1.9853229522705078,-20.443931579589844,0.2112623155117035,-19.47893524169922,-0.8499054908752441,-11.75638484954834,3.2804532051086426,common_voice_ko_35845988.mp3,twenties,female_feminine,1,0
6.516009070294785,0.0858818950177936,0.09406717550842243,1923.5900029023444,1294.6917660916772,2446.486265266508,618.7683058447535,3724.28625792371,2612.0265948153,-364.2874755859375,106.6380844116211,28.151268005371094,12.509468078613281,-0.16600552201271057,-3.4704699516296387,5.808131694793701,-23.319442749023438,0.1237412840127945,-17.290620803833008,-1.2795668840408325,-11.121910095214844,-1.485034704208374,common_voice_ko_35845989.mp3,twenties,female_feminine,1,0
3.0960090702947847,0.0883643306902985,0.05511809186352997,1927.1487652493129,925.8300037171217,2480.2461737772055,587.1275697183308,3775.0597597947763,2502.031576685572,-373.3280944824219,104.9145278930664,19.01573371887207,10.952723503112793,6.085273265838623,-13.86693286895752,-6.73304557800293,-21.34790802001953,2.2121076583862305,-19.94049835205078,-12.866751670837402,-7.406374454498291,-1.0332509279251099,common_voice_ko_35846031.mp3,twenties,female_feminine,1,0
3.78,0.09513995398773006,0.07161907713498164,1859.1230402225615,1249.8297185296992,2234.058960365159,777.9012219672532,3470.742816574003,2827.7315828385895,-376.7358093261719,123.97162628173828,19.780717849731445,3.445892572402954,-5.069284439086914,-6.419706344604492,10.285070419311523,-14.79520034790039,0.9567915797233582,-17.84716796875,-11.530631065368652,-10.638328552246094,2.818963050842285,common_voice_ko_35846032.mp3,twenties,female_feminine,1,0
6.336009070294785,0.10285742902930403,0.11522418095951338,2070.1446830241434,1466.324342221871,2341.8130940428887,670.3332029850797,3913.166691706731,2748.0687543427066,-304.58843994140625,112.4515609741211,20.118745803833008,3.714118003845215,-7.766862869262695,-6.846644878387451,-3.839496374130249,-17.467525482177734,-0.712931752204895,-20.100555419921875,-2.4887588024139404,-17.900548934936523,-3.197965383529663,common_voice_ko_35846034.mp3,twenties,female_feminine,1,0
3.24,0.1302490234375,0.11778023814702317,2394.801980327266,1626.9220386395539,2525.9451174091414,546.313094628646,4444.1455078125,2799.4321575001823,-374.583984375,90.01456451416016,19.765546798706055,11.865337371826172,-3.6743879318237305,-3.511539936065674,2.924004554748535,-17.173234939575195,6.933351516723633,-9.780503273010254,-6.763456344604492,-17.795427322387695,1.0453977584838867,common_voice_ko_35846067.mp3,twenties,female_feminine,1,0
3.24,0.09345005580357142,0.08027162118424612,1982.7297956291602,1238.6786714384534,2460.4382414116376,694.6989722892283,3867.132568359375,2718.480019569323,-350.7972717285156,102.96981811523438,28.92589569091797,11.975800514221191,-2.562591314315796,-6.76005744934082,6.295126914978027,-15.332573890686035,1.6303669214248657,-16.70237159729004,-6.885809421539307,-11.949176788330078,-1.4304180145263672,common_voice_ko_35846097.mp3,twenties,female_feminine,1,0
3.6,0.09569373497596154,0.11896833036588406,1962.5801121249663,1465.2376519316424,2387.1317951811793,722.374273051734,3622.2022423377402,2783.6279862187575,-370.3021240234375,113.0312728881836,21.3797550201416,9.487093925476074,4.531649589538574,-9.852542877197266,1.5646518468856812,-18.77490234375,0.738430917263031,-21.84023094177246,-7.419355392456055,-8.45845890045166,-2.949798345565796,common_voice_ko_35846099.mp3,twenties,female_feminine,1,0
2.88,0.10061328125,0.10346044932821098,1949.6871707389685,1320.346295170349,2372.7470090075935,711.9039474723716,3751.428515625,2772.679096076192,-384.1465148925781,117.12122344970703,32.310001373291016,6.927548885345459,-0.19157244265079498,3.7291738986968994,5.395435333251953,-12.083166122436523,0.1480797678232193,-14.364343643188477,-2.2324631214141846,-9.842304229736328,1.2168495655059814,common_voice_ko_35846100.mp3,twenties,female_feminine,1,0
4.248027210884354,0.09642887636612021,0.10921109067417263,1875.6570801413784,1416.327796478763,2211.344806580319,747.4662393835005,3446.8421810963114,2841.1735975503784,-333.1734924316406,109.61656951904297,18.044635772705078,6.378028392791748,-0.37370240688323975,-13.534378051757812,2.302072763442993,-16.447492599487305,-4.885746002197266,-20.359588623046875,-7.069085121154785,-11.54985523223877,-5.986077785491943,common_voice_ko_35846190.mp3,twenties,female_feminine,1,0
6.696009070294784,0.09278357482698962,0.11367722409742459,2002.1880567000508,1362.4592110023352,2547.2447957348804,714.3880445424662,4097.865416846886,2970.1693123761183,-430.1484375,106.82122802734375,36.61886215209961,21.431846618652344,6.864511966705322,-1.861992597579956,2.4127354621887207,-12.57630729675293,8.95823860168457,-11.928668975830078,-3.2258591651916504,-9.187771797180176,-2.5640480518341064,common_voice_ko_35846194.mp3,twenties,female_feminine,1,0
4.68,0.08868589495668316,0.07603691060778739,2317.1982888395887,1211.1785893558974,2791.658774140631,646.3546768410127,5160.346848893873,2727.0661230926353,-364.7593078613281,84.45392608642578,32.457611083984375,28.235660552978516,11.908330917358398,-6.373652458190918,-0.979541003704071,-11.85179328918457,11.837342262268066,-16.861055374145508,-5.890995979309082,-7.350666522979736,-4.506150722503662,common_voice_ko_35846212.mp3,twenties,female_feminine,1,0
4.788027210884354,0.09796997660024155,0.08897943106168794,2420.3592822774717,1552.9908072892708,2696.9640613122656,672.8647729315577,4965.89992357337,2981.080333296735,-356.43548583984375,77.79308319091797,32.78289031982422,27.6929874420166,11.951193809509277,-2.7854840755462646,-0.9503868222236633,-7.668985366821289,10.842201232910156,-17.44672966003418,-6.817063331604004,-6.650784492492676,-6.082046985626221,common_voice_ko_35846213.mp3,twenties,female_feminine,1,0
3.6,0.06468787560096154,0.052368735957918605,1927.1621182726067,1068.7859918043462,2589.686062119055,503.5933211607575,4113.531963641827,2244.823575563262,-393.51025390625,95.66178131103516,33.295589447021484,23.566186904907227,1.8861474990844727,-5.556273460388184,2.7225606441497803,-4.419345378875732,10.854374885559082,-19.2816219329834,-3.91707706451416,-6.605129241943359,-5.869170188903809,common_voice_ko_35846214.mp3,twenties,female_feminine,1,0
3.78,0.07646544286809816,0.0889611128278508,2029.6809295898822,1456.8226679250638,2533.97096893358,654.6420850733992,4167.731649012653,2750.442905019474,-384.5546875,86.42827606201172,31.730295181274414,29.080305099487305,14.981722831726074,-3.844230890274048,-1.7828867435455322,-3.821119785308838,8.873672485351562,-19.311660766601562,-1.9271103143692017,-8.236424446105957,-6.63843297958374,common_voice_ko_35846215.mp3,twenties,female_feminine,1,0
4.716009070294785,0.09015490962009803,0.0915859962866597,2283.0799076425965,1418.9608465849944,2732.345867140915,572.7259510452617,4735.56303136489,2740.994437528819,-369.2084045410156,79.43525695800781,28.58277130126953,24.92926788330078,11.052228927612305,-5.001533508300781,-6.309540271759033,-6.636307239532471,10.916803359985352,-20.07282829284668,-2.706726312637329,-12.049263954162598,-5.253425121307373,common_voice_ko_35846247.mp3,twenties,female_feminine,1,0
6.2280272108843535,0.08443090729553904,0.10695853094599775,1886.5702614354589,1331.5061755451984,2328.8551534224944,711.2821020884379,3786.2815658399163,2705.793890738877,-374.10723876953125,106.54827117919922,25.24337387084961,20.416412353515625,2.275669813156128,-7.328420639038086,-2.1069226264953613,-3.930218458175659,8.698336601257324,-23.632720947265625,-5.287725448608398,-11.179667472839355,-7.021844387054443,common_voice_ko_35846249.mp3,twenties,female_feminine,1,0
4.428027210884354,0.08713136043848167,0.09812818753744536,2108.596839194791,1514.4570748018732,2509.5221628290687,680.5631058336361,4169.718765338678,2896.4150699770785,-375.1682434082031,92.64453125,30.29009437561035,28.003576278686523,16.296159744262695,-10.01750373840332,-5.808343887329102,-1.7794612646102905,7.943351745605469,-24.07365608215332,-7.065971851348877,-10.72851276397705,-6.232858180999756,common_voice_ko_35846250.mp3,twenties,female_feminine,1,0
4.32,0.06313189338235294,0.05175191031486982,1774.8113217642176,1167.2794465168981,2454.401866826025,654.77740139024,3543.1906960227275,2673.5260590231533,-400.19903564453125,99.74820709228516,38.2317008972168,21.248966217041016,-0.9768369793891907,-10.885469436645508,6.782045841217041,-3.028472661972046,5.926359176635742,-20.57016944885254,-6.748423099517822,-11.220661163330078,-6.08837890625,common_voice_ko_35846251.mp3,twenties,female_feminine,1,0
3.06,0.07831365411931818,0.08087007147713031,1961.841115520565,1255.250800066297,2633.4880542594015,591.4914678338936,3950.445556640625,2765.5617064443254,-421.700927734375,105.03233337402344,41.11957550048828,13.432051658630371,8.412425994873047,-2.113908529281616,0.9540271759033203,-1.8941997289657593,7.66510009765625,-18.98687171936035,-4.761918544769287,-11.578431129455566,-6.518881797790527,common_voice_ko_35846266.mp3,twenties,female_feminine,1,0
4.176009070294785,0.10042860243055556,0.11533172180215297,2286.730545644464,1561.7011358868328,2578.222475513215,632.070863139035,4580.172119140625,2854.0895191860814,-366.31268310546875,81.46932220458984,30.32649803161621,28.11048698425293,7.7824625968933105,-9.108765602111816,-0.7443615198135376,-4.431208610534668,8.48208236694336,-21.607088088989258,-6.080737113952637,-12.181487083435059,-4.605929851531982,common_voice_ko_35846267.mp3,twenties,female_feminine,1,0
3.8160090702947844,0.15777994791666666,0.14161376169259643,2772.4918334795093,1704.5081488331964,2840.6980207795623,569.3854119121712,5394.980912642045,2969.6049919923144,-355.1114501953125,74.06365966796875,25.57478904724121,26.089811325073242,13.902982711791992,-11.400161743164062,-6.069361209869385,-17.815900802612305,16.7928524017334,-16.965557098388672,-8.057872772216797,-11.226204872131348,-5.771239280700684,common_voice_ko_35846269.mp3,twenties,female_feminine,1,0
3.168027210884354,0.10640610743613138,0.1242446780365159,2429.8854044710015,1748.4538362676626,2733.432370981051,615.3961510619283,4764.967780565694,3114.9292000273613,-410.71453857421875,78.6974105834961,39.09141159057617,23.252925872802734,16.91516876220703,-3.446316719055176,2.7989675998687744,-13.196949005126953,8.61262321472168,-9.35632610321045,-10.020586013793945,-10.482813835144043,-6.046491622924805,common_voice_ko_35846271.mp3,twenties,female_feminine,1,0
6.048027210884354,0.09265557650862069,0.0897620672548372,2164.8905193187884,1500.0711131374806,2533.830002127008,715.4754054434114,4259.902848868534,2994.3717011981894,-370.81640625,101.13880157470703,26.339229583740234,20.51076316833496,8.426695823669434,-8.311158180236816,4.51409387588501,-16.366662979125977,13.620949745178223,-16.514446258544922,-8.970536231994629,-9.782027244567871,-3.3400192260742188,common_voice_ko_35846273.mp3,twenties,female_feminine,1,0
2.2680272108843536,0.11474111128826531,0.11849054937507209,2391.2464499808852,1683.8823474082512,2711.068084827218,667.1241348097984,4871.66748046875,3154.9176719523607,-431.5238037109375,94.1282958984375,41.64938735961914,15.576159477233887,9.62114143371582,-8.872653007507324,-3.5764577388763428,-10.797739028930664,13.496785163879395,-9.62726879119873,-8.573740005493164,-9.22526741027832,-4.445320129394531,common_voice_ko_35846326.mp3,twenties,female_feminine,1,0
3.96,0.1189236111111111,0.10985432888607326,2595.0502975531954,1591.4094877348248,2830.140483052863,644.1255425607691,5357.989823190789,2960.763221497532,-349.9145202636719,82.69894409179688,22.45328140258789,23.945476531982422,18.55582046508789,-9.62405014038086,-3.3897552490234375,-20.954044342041016,13.155070304870605,-18.716632843017578,-8.00109577178955,-8.699572563171387,-7.63981819152832,common_voice_ko_35846328.mp3,twenties,female_feminine,1,0
5.76,0.09701305220883534,0.09555558811772281,2154.1865775607685,1414.4440625818409,2529.8414976244153,674.9795380487052,4314.337231739458,2897.0386783107792,-382.8084716796875,98.5579833984375,27.331920623779297,25.281984329223633,10.575006484985352,-10.658540725708008,-1.3274683952331543,-16.025846481323242,8.131112098693848,-21.399433135986328,-9.661760330200195,-5.769237041473389,-1.9812660217285156,common_voice_ko_35846330.mp3,twenties,female_feminine,1,0
5.616009070294784,0.1472188145661157,0.1622648586345995,2583.635198574491,1953.469295415372,2489.016750849362,745.0533297903803,4777.83515867123,3184.548113252175,-343.1315612792969,95.13137817382812,23.666967391967773,17.052213668823242,1.493578553199768,-6.7035932540893555,-5.765322685241699,-20.830656051635742,7.689146995544434,-22.536666870117188,-6.958285331726074,-7.715473175048828,1.6822444200515747,common_voice_ko_35846331.mp3,twenties,female_feminine,1,0
4.968027210884354,0.0765825788551402,0.06538252638446404,1897.2619158322384,1037.1875228974388,2437.608154258489,678.9083648196171,3958.6379006644274,2522.3091553364525,-398.5762939453125,110.92076110839844,24.810163497924805,27.47382354736328,4.088411331176758,-10.296462059020996,-1.0995268821716309,-21.33492660522461,5.651302337646484,-24.330307006835938,-6.3015570640563965,-4.622692108154297,-0.31836649775505066,common_voice_ko_35846334.mp3,twenties,female_feminine,1,0
4.5,0.09889708843427836,0.09272218540637667,2256.982047208808,1375.016533293261,2711.4705291827554,716.5354338743089,4727.481551022874,2959.219030783604,-381.31976318359375,98.09876251220703,31.816226959228516,27.58427619934082,6.77493143081665,-16.28301239013672,0.4633408486843109,-16.091997146606445,8.372692108154297,-24.7143497467041,-11.030877113342285,-6.706484317779541,-1.0081461668014526,common_voice_ko_35846364.mp3,twenties,female_feminine,1,0
4.536009070294784,0.07108229033801021,0.058593520100884124,1961.237331875408,1131.856297505281,2532.7859952139265,724.9979167343653,3968.756103515625,2656.234592414095,-377.798583984375,108.36542510986328,24.848453521728516,24.979476928710938,3.179492473602295,-14.264135360717773,3.487719774246216,-13.6182222366333,8.882259368896484,-28.021503448486328,-9.862027168273926,-4.836773872375488,1.2380744218826294,common_voice_ko_35846365.mp3,twenties,female_feminine,1,0
3.78,0.11001605636503067,0.09739539789920583,2381.365159119733,1477.8560711544026,2712.4086324051923,659.1352562634027,4780.040829898389,2821.9524809211644,-392.78125,95.8008041381836,24.455188751220703,19.618694305419922,5.092803001403809,-9.685001373291016,-1.8522874116897583,-12.949851036071777,9.295538902282715,-20.48838996887207,-2.177277088165283,-4.457058906555176,0.7139436602592468,common_voice_ko_35846366.mp3,twenties,female_feminine,1,0
3.528027210884354,0.08714535361842106,0.08345185920409416,2034.853559323951,1387.7543675861896,2432.6240033810923,646.3017699542369,3862.5891434518912,2687.3263926784257,-368.333740234375,112.18716430664062,12.731046676635742,13.043066024780273,7.535503387451172,-10.570131301879883,2.938720703125,-14.44869327545166,10.243852615356445,-15.067798614501953,-5.221911430358887,-9.998283386230469,2.7542033195495605,common_voice_ko_35846367.mp3,twenties,female_feminine,1,0
4.8960090702947845,0.13622121223341233,0.14307914099212998,2545.7178268877788,1916.0996758711108,2588.4988049398016,738.4078864688087,4723.527519623815,3262.859996539955,-354.1758117675781,96.13705444335938,31.669639587402344,12.654400825500488,-3.774792432785034,-9.776795387268066,1.1133393049240112,-11.022878646850586,8.740133285522461,-18.987558364868164,-4.595587253570557,-13.795819282531738,5.163611888885498,common_voice_ko_35846368.mp3,twenties,female_feminine,1,0
3.168027210884354,0.09156877281021898,0.10059327392718209,2067.8352405040373,1412.9453182084912,2423.5085754793377,679.344748345725,3930.752630303376,2650.341248143003,-362.4292907714844,114.81729888916016,12.32510757446289,26.302661895751953,2.586001396179199,-18.03106117248535,2.7386648654937744,-17.949237823486328,11.224395751953125,-26.55958366394043,-8.196537017822266,-3.837698221206665,1.8598805665969849,common_voice_ko_35846392.mp3,twenties,female_feminine,1,0
5.22,0.10941840277777778,0.10435509600280919,2356.810481932063,1406.8121639602468,2699.8753556650786,655.5514404056481,4777.3564453125,2906.3510104201564,-376.8135681152344,90.90190124511719,28.003082275390625,21.88704490661621,6.922393321990967,-6.056746482849121,1.0224727392196655,-11.427783966064453,5.956990718841553,-17.310182571411133,-6.74780797958374,-9.979153633117676,3.014418840408325,common_voice_ko_35846396.mp3,twenties,female_feminine,1,0
4.176009070294785,0.10569118923611111,0.10416276698406951,2295.683784569636,1418.3742000587456,2640.950079863408,711.0741512943108,4701.715087890625,3003.4946457971964,-345.3197937011719,100.85590362548828,18.649818420410156,26.354005813598633,5.495151042938232,-11.310956954956055,2.560875177383423,-17.6527042388916,8.520283699035645,-26.287445068359375,-8.808476448059082,-3.370413303375244,4.186610698699951,common_voice_ko_35846397.mp3,twenties,female_feminine,1,0
6.696009070294784,0.08951090776384082,0.09497660319092975,1981.2647713601532,1463.3348685347812,2357.8346304544693,816.9431006281069,3956.9682296172145,3116.498855760338,-375.9591369628906,111.215576171875,27.478479385375977,24.511857986450195,6.623823642730713,-7.971232891082764,-1.8318653106689453,-17.004974365234375,6.70894193649292,-23.08730697631836,-7.9801411628723145,-3.8132920265197754,3.809586763381958,common_voice_ko_35846400.mp3,twenties,female_feminine,1,0
4.248027210884354,0.07283128415300547,0.06580103135471702,1808.0727343229887,1123.5292399268917,2380.6819699633725,717.9618209925545,3787.2550589139346,2702.8792347478848,-381.0625,118.2743148803711,16.454917907714844,19.327980041503906,5.9331374168396,-6.065401077270508,2.607424259185791,-16.695735931396484,7.554374694824219,-21.320384979248047,-5.733562469482422,-4.247072219848633,3.9792287349700928,common_voice_ko_35846423.mp3,twenties,female_feminine,1,0
6.156009070294784,0.09632540824718046,0.11613447461851177,2137.6629864081724,1533.5443238380371,2456.853451040158,704.6581207287871,4267.217053865132,2912.7163720383523,-347.87628173828125,105.54692840576172,26.026874542236328,22.29145622253418,2.2660255432128906,-3.880258083343506,-0.6557306051254272,-15.432389259338379,7.538665294647217,-23.25377082824707,-3.095221757888794,-4.858046531677246,5.956893444061279,common_voice_ko_35846427.mp3,twenties,female_feminine,1,0
2.8080272108843536,0.09902827995867769,0.11017876845913781,2320.5048010319747,1665.0292884074272,2658.0649033824484,700.2090547376705,4712.835138494318,2978.049268865634,-386.4715881347656,93.5838851928711,39.8648796081543,17.90492057800293,9.27023983001709,0.5806230306625366,-1.9646174907684326,-9.520133972167969,6.08608865737915,-15.146383285522461,-6.498390197753906,-4.785543918609619,2.1579222679138184,common_voice_ko_35846428.mp3,twenties,female_feminine,1,0
3.708027210884354,0.0886688232421875,0.11749085006286206,1975.8693064100567,1410.0643838464753,2382.4393966200105,590.7929044085561,3766.7628479003906,2589.7327427284154,-345.039306640625,108.24761962890625,17.554500579833984,19.87803840637207,4.369847297668457,-6.88126277923584,0.9511451721191406,-12.175576210021973,6.1811347007751465,-18.24581527709961,-1.824658989906311,-10.89126205444336,5.586787223815918,common_voice_ko_35846462.mp3,twenties,female_feminine,1,0
3.78,0.11863137461656442,0.10956768945392188,2422.1603379630815,1694.0312707398855,2585.2278891969895,783.51505597604,4832.684887845092,3161.113057652976,-352.2422790527344,95.10690307617188,24.76742172241211,13.027692794799805,-2.9930431842803955,-6.763600826263428,-1.1761319637298584,-11.96220874786377,4.788115501403809,-25.269561767578125,-8.037332534790039,-4.991156101226807,-1.7615180015563965,common_voice_ko_35846507.mp3,twenties,female_feminine,1,0
5.4360090702947845,0.08515417220744681,0.09377354641778106,2029.9791582016655,1373.5964940138074,2409.851144726077,726.4362355650084,3986.3456823470747,2765.3277992162975,-370.2022705078125,113.81489562988281,16.042217254638672,17.502187728881836,-1.8468563556671143,-3.295292615890503,1.8443127870559692,-19.130695343017578,12.97502326965332,-24.070491790771484,-1.5832054615020752,-6.3223042488098145,0.8711268901824951,common_voice_ko_35846508.mp3,twenties,female_feminine,1,0
2.8080272108843536,0.09103418775826447,0.10018239082443524,2090.4834494682095,1322.5409458455808,2576.9038856472307,556.9362841294153,4174.416080191116,2584.557574801574,-428.81195068359375,95.95299530029297,32.442909240722656,24.472063064575195,7.0059404373168945,0.038900550454854965,-4.378397464752197,-13.42055606842041,7.756243705749512,-16.1014461517334,-6.124566078186035,-7.138598442077637,3.776272773742676,common_voice_ko_35846510.mp3,twenties,female_feminine,1,0
2.3760090702947845,0.09817297481796117,0.08501537764605334,2434.8800687770054,1352.162540541776,2816.9214683117257,569.3717429635803,5183.857327063107,2780.9176802244697,-455.8401794433594,74.74787139892578,40.955162048339844,35.04758071899414,3.5728282928466797,-3.0496766567230225,-2.3389034271240234,-14.135899543762207,3.0373098850250244,-19.447229385375977,-4.577632904052734,-6.382717609405518,-3.4901957511901855,common_voice_ko_35846511.mp3,twenties,female_feminine,1,0
3.6,0.09654822716346154,0.10589603401325948,2152.263410080073,1428.0801139609532,2611.223919149666,636.7561093815611,4313.611309344952,2942.4254322400398,-397.6145935058594,96.9627456665039,29.712533950805664,25.387033462524414,13.250181198120117,-6.336112976074219,-2.2354753017425537,-16.01300811767578,7.892977237701416,-19.5311222076416,-6.595254898071289,-5.753801345825195,4.141054630279541,common_voice_ko_35846512.mp3,twenties,female_feminine,1,0
5.256009070294785,0.08887794259361234,0.08788730812550362,1972.8105687530033,1250.5107233738554,2400.4149223121262,694.968462398921,3840.8783900055064,2621.0595775046113,-340.2340393066406,120.9394760131836,19.719160079956055,15.07501220703125,-10.397339820861816,-11.323822975158691,7.954017639160156,-17.479623794555664,8.3119535446167,-25.56401824951172,-3.9140822887420654,-5.844998836517334,2.814146041870117,common_voice_ko_35846578.mp3,twenties,female_feminine,1,0
4.8960090702947845,0.09042228228672985,0.07937034328969082,2098.1874209276057,1306.6257357365307,2381.353013452127,692.4475202802911,4205.914219860782,2665.2799273219275,-338.927734375,103.17637634277344,22.43233871459961,30.62667465209961,2.7157955169677734,-11.236006736755371,-3.5517330169677734,-12.053647994995117,10.750629425048828,-23.381946563720703,-6.874956130981445,-4.846569538116455,-0.9967330098152161,common_voice_ko_35846580.mp3,twenties,female_feminine,1,0
2.3760090702947845,0.10983009708737865,0.11224812130175722,2423.087937954845,1539.2046809848057,2736.250760237539,579.174245411645,5223.683299833131,2628.4728743182145,-433.4117126464844,93.42467498779297,30.309619903564453,15.047216415405273,1.7706221342086792,-2.7449071407318115,1.499456763267517,-9.010638236999512,6.878849506378174,-12.884340286254883,-4.056964874267578,-5.66396951675415,1.369354009628296,common_voice_ko_35846581.mp3,twenties,female_feminine,1,0
2.52,0.0923881880733945,0.07895287756647781,1940.5326887883175,1371.238465464893,2372.008508412662,650.910126061992,3760.11212550172,2638.6918701570607,-418.5252380371094,112.36028289794922,27.955415725708008,12.108317375183105,-8.241026878356934,-0.23210886120796204,2.1509041786193848,-14.581546783447266,5.880640506744385,-19.56938362121582,-2.7827682495117188,-5.985464096069336,-0.5802395343780518,common_voice_ko_35846583.mp3,twenties,female_feminine,1,0
5.256009070294785,0.11166798595814978,0.12713758986630838,2237.2104886316392,1705.6615204176303,2428.2971095332714,734.5213065047561,4244.554803655011,2981.0036494657747,-372.5413818359375,111.86778259277344,24.65584945678711,16.21208953857422,-0.11892471462488174,-7.959144115447998,1.4979552030563354,-12.66479206085205,10.03162670135498,-22.645339965820312,-4.703666687011719,-10.39871883392334,3.9904625415802,common_voice_ko_35846614.mp3,twenties,female_feminine,1,0
4.3560090702947845,0.07684456033909574,0.06711361266737924,1938.4279165184698,1371.1269551008238,2422.277286056843,743.1544078376069,3826.725087267287,2861.59243811927,-380.55950927734375,117.91524505615234,29.153261184692383,16.127052307128906,4.384110450744629,-6.321292400360107,2.689605951309204,-10.36059284210205,4.216972351074219,-22.93017578125,-3.2280073165893555,-3.4767959117889404,-0.21457351744174957,common_voice_ko_35846616.mp3,twenties,female_feminine,1,0
3.8880272108843537,0.11148797898065477,0.11076911280523703,2240.1016370745697,1497.125067667496,2510.7773222664505,769.8055135278491,4473.2025146484375,3145.9582879827612,-362.3765563964844,102.8091049194336,24.37312889099121,19.501996994018555,-1.4503395557403564,-10.810985565185547,4.130221843719482,-14.387612342834473,10.2997465133667,-15.438079833984375,-9.129430770874023,-7.4232869148254395,6.011080265045166,common_voice_ko_35846617.mp3,twenties,female_feminine,1,0
5.328027210884354,0.143505859375,0.1460257791834533,2513.5609610332067,1852.027900210667,2514.6669504656124,746.6160342174165,4717.409880264946,3289.072519995751,-361.0000915527344,95.53086853027344,28.219844818115234,15.922858238220215,-4.912044525146484,-8.633254051208496,0.05326637625694275,-13.178091049194336,9.50413703918457,-18.664993286132812,-9.48149585723877,-4.584245681762695,4.449798583984375,common_voice_ko_35846619.mp3,twenties,female_feminine,1,0
7.308027210884354,0.0873077876984127,0.1022018085711542,1938.374338121387,1293.7161709531647,2350.5059834951976,641.3645755288338,3681.083984375,2594.842717562213,-365.5687255859375,107.32600402832031,19.618913650512695,23.146554946899414,4.064957141876221,-7.815093517303467,-0.6029868721961975,-12.242897987365723,9.434661865234375,-20.7713565826416,-8.150705337524414,-8.238197326660156,6.342543125152588,common_voice_ko_35846620.mp3,twenties,female_feminine,1,0
2.9160090702947845,0.12919689360119047,0.15039213707606894,2519.5020703147557,1748.456744979454,2650.1895953196367,706.7658249762399,5052.099609375,3087.497017835806,-409.8209533691406,94.45719909667969,29.687564849853516,15.56959342956543,-2.5087499618530273,-6.042361259460449,3.8663241863250732,-8.01623821258545,7.3524274826049805,-15.716105461120605,-4.556804656982422,-2.0227670669555664,-0.2918492257595062,common_voice_ko_35846641.mp3,twenties,female_feminine,1,0
5.328027210884354,0.09266304347826088,0.08493764421536541,2081.523333052009,1399.8461098660603,2421.5072798737738,746.0203988388,3992.3494819972825,2858.9695943120264,-343.93682861328125,108.04551696777344,21.529909133911133,21.246232986450195,-0.6444639563560486,-6.291447162628174,-1.9918848276138306,-13.197609901428223,8.920025825500488,-20.981590270996094,-6.986454010009766,-8.840409278869629,2.8651511669158936,common_voice_ko_35846643.mp3,twenties,female_feminine,1,0
3.708027210884354,0.1624755859375,0.16580474025544117,3025.2547332046183,1980.910375638421,2839.175800196628,668.6410621883838,5906.961364746094,3135.4424088949004,-343.23486328125,77.87803649902344,37.274574279785156,24.188568115234375,5.411469459533691,-8.7850923538208,-1.729445219039917,-8.838785171508789,11.194901466369629,-19.36724853515625,-10.7085599899292,-7.651854515075684,3.2993361949920654,common_voice_ko_35846644.mp3,twenties,female_feminine,1,0
5.256009070294785,0.10442120388215859,0.09797302333819992,2194.933851018228,1486.633145669636,2469.2379370698927,651.5380074491565,4208.270882089758,2835.2504554149828,-327.0935974121094,104.20037078857422,30.462331771850586,21.693958282470703,-3.703202962875366,-9.604439735412598,-2.443741798400879,-10.79850959777832,9.46026611328125,-20.18778419494629,-9.297298431396484,-9.458943367004395,4.2558112144470215,common_voice_ko_35846677.mp3,twenties,female_feminine,1,0
3.24,0.10626395089285715,0.10278460885601623,2332.1430784610034,1389.769423433164,2682.0869885631428,607.124269409983,4716.925048828125,2697.7075395132883,-374.6298828125,93.43901824951172,28.288898468017578,23.191986083984375,-0.07391222566366196,-7.6017351150512695,4.7680182456970215,-16.192398071289062,9.802764892578125,-20.097503662109375,-5.99349308013916,-6.108505725860596,-3.2081220149993896,common_voice_ko_35846680.mp3,twenties,female_feminine,1,0
6.12,0.09809089429450757,0.07161261909078202,1690.6713459380298,1053.2283701427014,1503.509222468695,607.8087781126366,3171.090420809659,2004.0686452095708,-406.82171630859375,91.9598617553711,9.25623893737793,3.390146017074585,-21.91592025756836,1.5793182849884033,-1.732164740562439,-2.0183982849121094,-6.7729363441467285,-14.724591255187988,-2.04480242729187,-4.364912509918213,-4.671025276184082,common_voice_ko_36549580.mp3,fourties,male_masculine,3,1
3.96,0.12323533442982457,0.08291055720808588,1964.752698879535,1065.170917919476,1653.7592260971742,643.888387696253,3732.1700246710525,2053.681724737196,-504.14788818359375,96.96056365966797,1.6911340951919556,7.243994235992432,-29.508243560791016,2.1839232444763184,2.3872129917144775,4.3521199226379395,-2.536318302154541,-10.768844604492188,-1.8015649318695068,-4.364274024963379,0.03584972023963928,common_voice_ko_36549583.mp3,fourties,male_masculine,3,1
8.028027210884353,0.1057157130599711,0.05933715854150368,1830.5802767970276,824.9459530628104,1705.3049877603098,525.2366173407996,3722.9414570538293,1751.6799649936354,-380.99981689453125,84.90182495117188,-9.905559539794922,15.439114570617676,-23.146442413330078,0.6850271821022034,-6.482903003692627,-9.30050277709961,-3.9948456287384033,-11.403646469116211,1.0219758749008179,-1.6640735864639282,-3.1069881916046143,common_voice_ko_36549592.mp3,fourties,male_masculine,3,1
5.616009070294784,0.0943976788481405,0.06916142354573285,1645.5414309093771,944.499493991199,1552.2581227067892,567.6232518460707,3203.019474754649,1904.6076510664934,-389.41400146484375,109.34526824951172,-1.9472037553787231,19.95702362060547,-25.720521926879883,-5.38004207611084,-14.921448707580566,-5.455362796783447,1.2886834144592285,-19.65764617919922,-3.511903762817383,-2.3915083408355713,-1.956457495689392,common_voice_ko_36549593.mp3,fourties,male_masculine,3,1
3.8880272108843537,0.10315813337053571,0.07864548867235151,1724.991555636793,1120.2571408687716,1564.7618381739678,623.5959369032325,3182.1075439453125,2111.3871421801014,-410.1527099609375,97.66827392578125,2.4121198654174805,3.7314534187316895,-31.19482421875,1.7426007986068726,-5.044887065887451,-4.801975250244141,-3.4403693675994873,-14.010906219482422,0.5287302732467651,-0.9426451921463013,-0.7642113566398621,common_voice_ko_36549594.mp3,fourties,male_masculine,3,1
3.8160090702947844,0.10417258522727273,0.0719928494923247,1671.4493579296882,1153.1120788387636,1394.5267738318287,653.1063530193645,2923.7522194602275,2140.745513589961,-434.257568359375,118.51162719726562,8.044326782226562,-6.3137664794921875,-34.45070266723633,0.9874410033226013,1.0014097690582275,-2.0044453144073486,-5.264103889465332,-14.531413078308105,-9.014713287353516,-2.6036994457244873,-0.08479297161102295,common_voice_ko_36549597.mp3,fourties,male_masculine,3,1
2.34,0.10675955290841584,0.05851939641521143,2002.3546567901442,992.5712428969563,1846.131851115666,652.6380414705224,4083.739992651609,2014.6657838043056,-529.69677734375,69.23900604248047,1.7487127780914307,0.9441822171211243,-18.09515380859375,7.599380970001221,3.5938079357147217,0.05003723129630089,1.3944604396820068,-7.321748733520508,-0.45196375250816345,4.126345634460449,3.161100149154663,common_voice_ko_36549602.mp3,fourties,male_masculine,3,1
4.536009070294784,0.10531678491709184,0.07634878661378805,1732.8103794100018,1107.112811016646,1506.0999032056318,621.5665591205712,3203.997802734375,2023.7995903607782,-435.6376037597656,118.54840850830078,-2.2850301265716553,11.975459098815918,-34.53256607055664,3.769899845123291,-2.5085039138793945,-2.5966403484344482,-5.523685932159424,-15.209160804748535,-5.225560188293457,-2.3705556392669678,-1.4010257720947266,common_voice_ko_36549604.mp3,fourties,male_masculine,3,1
7.848027210884354,0.0940909301035503,0.07146941777405941,1574.3931606952597,1031.8573808863416,1456.751340956722,628.2446853242766,2928.961578910873,2034.93129755234,-398.6204833984375,103.35847473144531,11.49609088897705,9.256912231445312,-26.84313201904297,-4.072075843811035,-2.890977382659912,-4.995766639709473,-6.019020080566406,-15.369088172912598,-8.198942184448242,-2.660304069519043,-2.0268146991729736,common_voice_ko_36549605.mp3,fourties,male_masculine,3,1
3.42,0.12702240815033783,0.0768945874070482,1968.5728397351231,1135.5632043026696,1673.850840915321,660.6786149924155,3756.016251847551,2155.4424007117063,-413.4130554199219,89.10709381103516,6.708408832550049,5.739445209503174,-29.59552764892578,11.410545349121094,0.8498031497001648,-6.6488871574401855,-9.68465805053711,-16.058761596679688,-7.838737487792969,-3.246208667755127,2.03877329826355,common_voice_ko_36549606.mp3,fourties,male_masculine,3,1
5.616009070294784,0.10657646242252067,0.09957200876556822,1617.8438127287454,1166.6137028878202,1390.6215757692062,632.5471999521711,2874.460166741994,2130.4669286910125,-408.47088623046875,124.98246765136719,1.5945385694503784,5.559525966644287,-30.627742767333984,1.5611114501953125,0.582923948764801,-2.052077531814575,-5.4670915603637695,-17.85736656188965,-6.800973415374756,-1.6366900205612183,-1.7224076986312866,common_voice_ko_36549607.mp3,fourties,male_masculine,3,1
3.8880272108843537,0.08854457310267858,0.06464420042628168,1530.8171868299285,1038.2388209309927,1389.1748848750951,702.4930127487601,2788.7420654296875,2055.347740805805,-403.0303649902344,125.47352600097656,2.080895185470581,-4.0511860847473145,-29.00851058959961,1.5090821981430054,3.7836079597473145,-0.19982437789440155,-3.761154890060425,-18.638858795166016,-6.789678573608398,5.489319801330566,0.47348999977111816,common_voice_ko_36549611.mp3,fourties,male_masculine,3,1
3.8880272108843537,0.10832577659970238,0.07673105605070159,1843.819096615056,1193.8490592767903,1538.2507471443812,665.587667194914,3429.16259765625,2111.591460173474,-434.48260498046875,99.31316375732422,6.907991886138916,2.5929453372955322,-31.52536964416504,0.621739387512207,0.6458547115325928,-0.606627345085144,-5.519278526306152,-16.153169631958008,-4.684639930725098,-1.4896583557128906,-0.2968965172767639,common_voice_ko_36549612.mp3,fourties,male_masculine,3,1
3.9960090702947846,0.11788746387283237,0.1029994198341436,1902.6001357328014,1240.1433481625531,1582.427996845994,665.8489269907692,3444.005571486633,2196.2842809375225,-463.819091796875,102.90740203857422,0.1745864748954773,7.290396690368652,-26.460691452026367,2.70554780960083,-1.2959210872650146,1.3455479145050049,-3.6572213172912598,-17.053253173828125,-5.041528701782227,-2.73339581489563,-0.960390031337738,common_voice_ko_36549616.mp3,fourties,male_masculine,3,1
5.22,0.13863715277777777,0.12758842469656692,1912.5629204900195,1438.2398935232488,1502.4869585257504,671.3605192680318,3250.8916015625,2331.8383610951373,-412.1921081542969,115.68791961669922,8.34400749206543,18.636783599853516,-32.963497161865234,1.890453815460205,-6.071776390075684,0.3887309730052948,-3.9128777980804443,-18.104740142822266,-6.09749174118042,-1.8864774703979492,-3.1829090118408203,common_voice_ko_36549617.mp3,fourties,male_masculine,3,1
3.96,0.10075440880847954,0.07353281538487925,1592.7425293760073,1116.9728417682159,1382.7868428611519,757.930704598279,2961.0672800164475,2233.0247280736808,-428.1128845214844,105.0635986328125,11.538800239562988,-9.86064624786377,-26.479114532470703,-1.618751883506775,2.631544589996338,-2.7195708751678467,-8.543109893798828,-15.615619659423828,-5.783015727996826,-0.2174268364906311,-1.311888575553894,common_voice_ko_36549618.mp3,fourties,male_masculine,3,1
5.868027210884354,0.08940757781620554,0.06452702164967115,1406.707807542556,962.0029918676689,1274.0456812213904,707.4148176007378,2598.921438827816,2004.5952453323823,-417.7381896972656,135.8604278564453,10.880274772644043,-13.425399780273438,-35.55609893798828,-0.6077591180801392,5.184445858001709,0.3218736946582794,-6.895704746246338,-17.944108963012695,-6.301827430725098,1.712607502937317,-0.08102428913116455,common_voice_ko_36549620.mp3,fourties,male_masculine,3,1
6.3,0.1000832950367647,0.07961537796992618,1598.035767030585,1079.4831469489077,1492.2618957673299,647.324146530504,2960.9341789694395,2103.919279289959,-413.8330993652344,124.17902374267578,8.142874717712402,8.131874084472656,-37.26359939575195,3.0025548934936523,-3.289675712585449,-1.084182858467102,-8.452975273132324,-17.76772117614746,-5.408608436584473,-3.2288081645965576,-0.14547808468341827,common_voice_ko_36549622.mp3,fourties,male_masculine,3,1
3.708027210884354,0.088702392578125,0.08395211043597663,1453.8135230952125,1133.216314294504,1289.6816217626388,634.3457644425151,2628.329315185547,2059.8591694272836,-389.760498046875,132.36312866210938,2.6944780349731445,8.797940254211426,-24.97743034362793,-3.156395435333252,-4.116563320159912,-0.6442391276359558,-9.921404838562012,-22.80712890625,-5.498225688934326,-0.14353375136852264,-1.9529037475585938,common_voice_ko_36549624.mp3,fourties,male_masculine,3,1
6.516009070294785,0.09876834964412812,0.07835746930707851,1694.7719028489564,1029.2769436641847,1594.094178452798,584.4159246797167,3247.835402302046,2036.563776464581,-436.45037841796875,94.72412872314453,5.777965068817139,8.089790344238281,-24.545610427856445,4.727309703826904,-4.199990272521973,-2.7155864238739014,-7.029223918914795,-15.6427583694458,-3.015843152999878,-3.426832437515259,-1.2772547006607056,common_voice_ko_36549626.mp3,fourties,male_masculine,3,1
8.136009070294785,0.09146161636396011,0.08128756381525848,1532.1237403096504,1079.0368695722243,1413.7983512756034,585.896775850925,2779.1021885016025,2015.1307328452788,-414.0954284667969,115.59854888916016,9.405213356018066,10.307558059692383,-27.594743728637695,2.758887767791748,-4.84393835067749,-0.6068996787071228,-3.6461288928985596,-19.84122657775879,-3.4772775173187256,-2.6267659664154053,-4.028166770935059,common_voice_ko_36549627.mp3,fourties,male_masculine,3,1
6.336009070294785,0.08305073832417582,0.0699242129127178,1446.2309133317465,1048.5849592601585,1311.6275016252112,663.1033098763858,2718.980994591346,2003.2166648906184,-412.8741149902344,119.31031799316406,6.777912616729736,11.451870918273926,-18.49856948852539,-2.263369560241699,-4.0371575355529785,-2.5302271842956543,-6.814447402954102,-17.829225540161133,-5.634474277496338,-0.01040968019515276,-1.3009873628616333,common_voice_ko_36549628.mp3,fourties,male_masculine,3,1
6.3,0.09807093003216912,0.07340953673989177,1710.979817471795,1075.0961878144626,1544.2645504657514,591.1879614404597,3236.590845444623,1971.9749951605463,-402.89630126953125,97.23844146728516,1.309324860572815,8.765032768249512,-24.990314483642578,0.7669994235038757,-7.170957088470459,-6.218568801879883,-3.1507112979888916,-16.60458755493164,-5.517812252044678,0.504679262638092,0.30599096417427063,common_voice_ko_36549629.mp3,fourties,male_masculine,3,1
5.616009070294784,0.1032755197572314,0.0779869719294757,1663.6612139618771,1072.3085632082593,1460.9018947869527,615.7987500205847,3012.201482599432,2019.6643978481159,-402.3432312011719,88.2200698852539,6.294397354125977,2.2369918823242188,-26.168651580810547,0.9113195538520813,-3.8991425037384033,-5.107487678527832,-7.571215629577637,-15.45407485961914,-2.3272433280944824,-2.5570123195648193,-2.0355141162872314,common_voice_ko_36549630.mp3,fourties,male_masculine,3,1
6.408027210884354,0.09270267210144928,0.0737269315838184,1466.0395168117054,1032.8812639189562,1311.7825086082803,697.8851102247215,2665.8261506453805,2032.1736114764803,-414.40472412109375,131.66587829589844,9.016633033752441,-2.5946779251098633,-31.361101150512695,-3.7034239768981934,-7.69841194152832,-3.4116318225860596,-5.839935779571533,-16.704879760742188,-4.178670883178711,-0.8921989798545837,-1.1741082668304443,common_voice_ko_36549631.mp3,fourties,male_masculine,3,1
6.3,0.08483527688419118,0.06275342991907448,1435.2849451026484,960.6958451951069,1353.3322805923574,630.0894112856172,2581.0552260454965,1983.9578160975184,-406.11517333984375,132.36061096191406,8.49892520904541,-0.0027750800363719463,-33.38410568237305,-2.3498620986938477,1.6266940832138062,-1.6074470281600952,-3.4794700145721436,-16.226913452148438,-6.520401477813721,-2.847024917602539,-2.2129573822021484,common_voice_ko_36549644.mp3,fourties,male_masculine,3,1
9.108027210884353,0.0937524848918575,0.07471631649386744,1577.3049059292798,973.3947644838269,1529.8077219919428,646.4581298509454,3044.7017757037215,2082.9023237012148,-472.5892639160156,107.212158203125,13.445358276367188,10.794757843017578,-26.10930633544922,-0.5840493440628052,-6.6679768562316895,-3.4630045890808105,-1.8055185079574585,-18.174257278442383,-3.853088855743408,-0.497886061668396,-3.189011335372925,common_voice_ko_36549645.mp3,fourties,male_masculine,3,1
2.5560090702947846,0.11527396537162163,0.07063514632134145,2066.9105487462666,950.7913685365057,1868.054402256428,635.3001130945279,4256.299487964527,1952.7242966024007,-583.5316772460938,69.27771759033203,7.909356594085693,-8.080581665039062,-14.887274742126465,4.4476213455200195,5.8685994148254395,6.539126396179199,-2.7358882427215576,-7.01303243637085,-1.3316688537597656,-1.3061256408691406,0.013203494250774384,common_voice_ko_36549647.mp3,fourties,male_masculine,3,1
7.38,0.09306978429638364,0.07949701044854401,1526.4664997701398,1065.327611009796,1371.4824071225996,628.5632696100361,2771.1133273142686,2003.0273456769798,-357.9780578613281,115.3560562133789,7.097899436950684,6.709193229675293,-30.009132385253906,-2.710491418838501,-7.343294620513916,-3.567305326461792,-2.602736711502075,-21.81889533996582,-5.179149150848389,0.4584762156009674,-3.4812095165252686,common_voice_ko_36549648.mp3,fourties,male_masculine,3,1
4.68,0.11356164913366337,0.10496633196118864,1986.624685971449,1174.9566181402304,1696.752890084151,457.69159203010264,3757.0642452428838,1846.533718197388,-404.51763916015625,90.04304504394531,8.354662895202637,26.254980087280273,-32.86246109008789,17.714462280273438,-7.254138469696045,-3.693025588989258,-4.733138561248779,-6.850384712219238,-4.072119235992432,-6.700745105743408,5.319281101226807,common_voice_ko_38203217.mp3,fourties,male_masculine,3,1
8.316009070294784,0.08598782425139276,0.08272767290455678,1565.3206738852798,1014.0745446269124,1435.559385093449,495.7416138313409,2781.412057690634,1722.1249811143343,-409.57861328125,103.60187530517578,12.982080459594727,6.905322551727295,-31.787677764892578,10.380277633666992,1.665894627571106,-9.824952125549316,-3.759892702102661,-6.804819583892822,-6.2476301193237305,-5.506618499755859,3.674842119216919,common_voice_ko_38203218.mp3,fourties,male_masculine,3,1
7.416009070294785,0.0865753173828125,0.08773615503034014,1627.2144738242048,1029.1358693944208,1519.68753900811,460.9290807863183,3010.139923095703,1658.0647120062567,-435.52325439453125,94.60289001464844,16.652969360351562,5.388510704040527,-30.757522583007812,16.595294952392578,1.196502447128296,-5.786903381347656,-1.3435510396957397,-6.322047233581543,-3.3683600425720215,-1.4954025745391846,2.9989750385284424,common_voice_ko_38203222.mp3,fourties,male_masculine,3,1
10.116009070294785,0.10212133565080275,0.06752506916638874,1634.7427279398619,869.6216667694562,1548.6492469141892,455.9781120874291,3158.2689757740827,1651.5683152211614,-408.8913879394531,94.07174682617188,11.872204780578613,7.809155464172363,-29.707027435302734,8.738581657409668,-10.049838066101074,-13.523161888122559,-2.0860185623168945,-12.15422248840332,-10.781189918518066,-9.156124114990234,-0.5581628084182739,common_voice_ko_38203226.mp3,fourties,male_masculine,3,1
5.4360090702947845,0.11356175199468085,0.07706829201513936,1845.4309634504598,881.8059171137262,1631.187026239257,365.9005047097866,3492.548100897606,1541.387506135729,-411.7257385253906,90.46532440185547,-7.857249736785889,10.904356956481934,-28.494260787963867,11.545614242553711,-7.240878582000732,-6.356672763824463,-6.837987899780273,-12.212876319885254,-7.78622579574585,-12.333172798156738,1.675149917602539,common_voice_ko_38203227.mp3,fourties,male_masculine,3,1
7.668027210884354,0.10132647280966767,0.07937904816114454,1637.7697855109923,961.791520299233,1530.3074535376365,523.1845018340015,3119.126758402568,1882.9999128445572,-395.24285888671875,107.15303802490234,8.904966354370117,9.520074844360352,-41.39876174926758,7.982238292694092,-12.115697860717773,-15.600320816040039,-1.878373146057129,-9.05335521697998,-10.040555953979492,-9.205085754394531,-0.15234047174453735,common_voice_ko_38203231.mp3,fourties,male_masculine,3,1
3.24,0.10630580357142858,0.03591697939666404,1697.3268838357544,533.8820744701245,1611.612068538384,391.821163171554,3330.87890625,1282.0669547344705,-438.14178466796875,98.45802307128906,-12.869288444519043,0.1980852335691452,-26.366880416870117,10.054779052734375,-6.397869110107422,-10.324763298034668,-5.359062194824219,-9.453974723815918,-7.168952941894531,-7.121983528137207,3.429701566696167,common_voice_ko_38203232.mp3,fourties,male_masculine,3,1
4.608027210884353,0.11449336526381909,0.08099053908719811,1810.0681463930473,1093.4003236371227,1555.2053995464178,495.8047569594054,3356.2580971262564,1859.5528954746392,-412.9862976074219,89.3643798828125,13.621103286743164,10.101094245910645,-36.385894775390625,7.172652721405029,-6.436638832092285,-9.852543830871582,-6.300230979919434,-10.59570598602295,-8.054581642150879,-9.095314979553223,-1.6592689752578735,common_voice_ko_38203235.mp3,fourties,male_masculine,3,1
4.32,0.12005452038770054,0.06318292380993659,1903.9187645796749,815.5691965460416,1713.6600493789615,384.2155610633409,3817.6526727523396,1353.352617876722,-483.65985107421875,55.4498176574707,2.606543779373169,5.4029316902160645,-15.163976669311523,4.561093807220459,-4.398209571838379,-5.904696464538574,-2.769425392150879,-5.4768476486206055,-6.8148088455200195,-6.829522132873535,-0.18379080295562744,common_voice_ko_38203236.mp3,fourties,male_masculine,3,1
5.22,0.11407552083333333,0.08454747183622041,1788.9592521211896,1106.0030878235934,1510.123228637142,488.6965883923844,3269.79296875,1783.3585466323889,-471.4095764160156,108.11287689208984,8.653597831726074,7.856257438659668,-37.208194732666016,13.746304512023926,-6.571652889251709,-13.776503562927246,-4.812710285186768,-9.496597290039062,-11.598163604736328,-10.062159538269043,-0.3745064437389374,common_voice_ko_38203246.mp3,fourties,male_masculine,3,1
5.868027210884354,0.10258924160079051,0.061372495449773294,1640.0444237246843,831.0169251961726,1555.6694417251827,440.56393291434097,3123.5911252470355,1609.565258702771,-446.2895202636719,105.00702667236328,1.7741925716400146,0.17538157105445862,-30.1306209564209,12.104239463806152,-5.3030104637146,-12.738279342651367,-6.364345550537109,-10.28807258605957,-8.265480995178223,-8.36207103729248,-1.1043795347213745,common_voice_ko_38203247.mp3,fourties,male_masculine,3,1
5.58,0.09534856392634855,0.05581504759674103,1498.8212887417405,783.3001657149043,1416.825710484248,493.6437476752375,2817.9457541817947,1614.734000036195,-410.0486145019531,115.9209213256836,2.063500165939331,-5.123979568481445,-27.827417373657227,8.244239807128906,-3.9845359325408936,-14.758482933044434,-6.974039554595947,-9.964146614074707,-10.345830917358398,-9.815327644348145,-2.9473392963409424,common_voice_ko_38203249.mp3,fourties,male_masculine,3,1
9.0,0.10112833239368557,0.08065266822181233,1527.0661756140987,1059.624152734102,1340.5188443170066,563.4365076431332,2747.8698101240334,1862.063874474455,-404.8987731933594,108.90753936767578,12.808752059936523,-3.0568647384643555,-31.61474609375,7.455812931060791,-6.890697479248047,-19.961259841918945,-11.645940780639648,-5.870171070098877,-8.06197738647461,-6.7390336990356445,-2.205671787261963,common_voice_ko_38203261.mp3,fourties,male_masculine,3,1
7.956009070294785,0.10668874134475219,0.08364924307802629,1609.6215603209973,1010.5956867556168,1442.209260230351,544.3884217943769,2947.506277901786,1828.9333873147123,-413.1231689453125,106.37490844726562,11.464462280273438,-5.021026134490967,-41.63801574707031,1.928412914276123,-6.168825626373291,-13.093498229980469,-7.864669322967529,-6.964008331298828,-4.259893894195557,-4.858902454376221,0.2035847008228302,common_voice_ko_38203263.mp3,fourties,male_masculine,3,1
7.056009070294785,0.09982460423519737,0.07898607522086129,1572.0802788158692,1029.0607408297644,1464.8399884779635,510.73150699428567,2904.8574347245067,1848.735178865975,-448.5621337890625,98.26317596435547,15.58495807647705,5.600522518157959,-25.26239013671875,13.024306297302246,-8.221233367919922,-19.577274322509766,-8.758885383605957,-7.8434953689575195,-7.605926513671875,-10.4513578414917,-5.40268087387085,common_voice_ko_38203264.mp3,fourties,male_masculine,3,1
4.14,0.0936927156075419,0.05221944010160496,1514.1877880144796,800.8006739860188,1434.7783625833408,491.1373644019866,2783.6777671089385,1614.737258845523,-447.0895690917969,114.49799346923828,6.28579044342041,-2.79178786277771,-25.07396697998047,9.630487442016602,-1.1873815059661865,-12.003540992736816,-6.342395782470703,-11.673803329467773,-10.770142555236816,-8.049365043640137,-1.1987662315368652,common_voice_ko_38203272.mp3,fourties,male_masculine,3,1
2.736009070294785,0.0967872748940678,0.05841133077301739,1579.0815646459137,821.49402456009,1473.15301371561,423.06811267843557,2851.9632630429023,1630.1069540634282,-465.42193603515625,118.49348449707031,-4.846685886383057,4.392818927764893,-26.49135971069336,14.055291175842285,-4.127311706542969,-6.878454685211182,-7.720451354980469,-8.660248756408691,-3.084712505340576,-9.122118949890137,0.8087669610977173,common_voice_ko_38203273.mp3,fourties,male_masculine,3,1
3.78,0.09158718366564417,0.052105011666933834,1588.197043739865,738.4581747070897,1586.0857644496493,442.99424007899563,3173.042980732362,1574.880629351409,-469.93414306640625,101.76187133789062,6.827843189239502,7.146459579467773,-18.181791305541992,8.444275856018066,-4.421002388000488,-4.447721481323242,-5.648584842681885,-9.480414390563965,-6.572521686553955,-10.135531425476074,-1.0152218341827393,common_voice_ko_38203275.mp3,fourties,male_masculine,3,1
4.5,0.1065283706507732,0.09409514786707644,1544.4955389458378,1009.1173328142133,1414.4501445963492,534.1393337439935,2695.9792304284792,1838.7777022480793,-452.5935974121094,119.75330352783203,12.522863388061523,-9.279733657836914,-30.638174057006836,11.327165603637695,-2.9170732498168945,-10.526451110839844,-5.5597124099731445,-10.790841102600098,-5.998634338378906,-8.417452812194824,-3.3407397270202637,common_voice_ko_38203296.mp3,fourties,male_masculine,3,1
9.036009070294785,0.12047275641025641,0.09037558771872894,1773.6108371931737,1123.4543717869792,1532.6961074141714,477.05233689358977,3223.7137545072114,1863.562125419787,-394.7998352050781,91.4966049194336,13.056731224060059,3.3081130981445312,-31.141977310180664,9.646031379699707,-11.84485912322998,-15.60285472869873,-5.549803256988525,-9.995392799377441,-5.014867305755615,-7.583521842956543,-1.5266238451004028,common_voice_ko_38203297.mp3,fourties,male_masculine,3,1
6.516009070294785,0.10920992270907473,0.07095935279848374,1705.241127951498,961.7515624298635,1557.2338709752426,497.6975493908151,3200.4393662422153,1870.1554556240058,-359.84576416015625,103.01593780517578,7.044776916503906,0.61480712890625,-33.486446380615234,10.569046020507812,-7.9760236740112305,-15.444849967956543,-7.145755290985107,-13.891115188598633,-5.827810764312744,-10.248764991760254,-1.1941503286361694,common_voice_ko_38203299.mp3,fourties,male_masculine,3,1
5.76,0.11292631463353414,0.0776307025956519,1669.8332305380688,998.1479352244114,1463.2557097598308,526.6602713997618,2965.4420416039156,1766.9776045817991,-389.0860900878906,94.4959945678711,14.931501388549805,-1.1400715112686157,-35.24984359741211,2.690783739089966,-11.417613983154297,-13.209229469299316,-8.315875053405762,-11.338480949401855,-2.378195285797119,-4.923762321472168,0.216908797621727,common_voice_ko_38203311.mp3,fourties,male_masculine,3,1
8.1,0.10462929799426934,0.07993135290737263,1553.4196500688095,1030.425808192662,1388.5292656148,540.0180217601619,2793.6091819260387,1824.9897148077246,-395.09259033203125,113.16829681396484,7.609639644622803,1.2256908416748047,-20.61075210571289,8.785944938659668,-13.527961730957031,-18.91925621032715,-8.803446769714355,-12.978177070617676,-6.947692394256592,-11.400447845458984,-5.173540115356445,common_voice_ko_38203312.mp3,fourties,male_masculine,3,1
6.3,0.13327923943014705,0.10248408821486872,1890.0761504946704,1275.242160306859,1480.874772624524,552.9339971470359,3374.775426528033,2047.1209788216172,-428.3900451660156,98.53421020507812,4.081500053405762,1.8366037607192993,-36.015323638916016,13.780364036560059,-6.17108154296875,-11.933603286743164,-10.67944049835205,-11.576482772827148,-6.952777862548828,-12.477239608764648,-1.024939775466919,common_voice_ko_38203322.mp3,fourties,male_masculine,3,1
4.32,0.11166757185828877,0.059551920733739896,1747.7763737792336,778.6599193993734,1639.2927843107932,546.7699772554218,3460.857860544786,1785.8311950957022,-442.0008850097656,107.8583755493164,1.0966652631759644,-0.11642096936702728,-40.53003692626953,8.425435066223145,-2.495373487472534,-8.684293746948242,-8.672407150268555,-10.923608779907227,-2.4350168704986572,-8.507662773132324,-0.9201100468635559,common_voice_ko_38203323.mp3,fourties,male_masculine,3,1
5.4360090702947845,0.10925656582446809,0.09149720126751504,1643.441424380291,1056.4766940607885,1460.4117375981855,535.0070714663901,3014.4193608710107,1786.5755232155734,-398.04425048828125,110.62506103515625,6.347986698150635,-1.6774722337722778,-31.349842071533203,12.85478687286377,-6.253987789154053,-10.942800521850586,-10.639451026916504,-11.187681198120117,-0.9329255819320679,-12.080565452575684,-4.094238758087158,common_voice_ko_38203324.mp3,fourties,male_masculine,3,1
3.96,0.09702519645467836,0.048951800212234366,1510.5615481502898,739.2094870456398,1473.866853399474,499.26607270158195,2830.0421463815787,1654.4981642194496,-417.7069091796875,121.6548080444336,5.867743015289307,-7.424810409545898,-40.533992767333984,13.675458908081055,-0.7277738451957703,-12.317974090576172,-9.704434394836426,-11.452363967895508,-0.9842700362205505,-10.749015808105469,-4.736319541931152,common_voice_ko_38203325.mp3,fourties,male_masculine,3,1
7.38,0.11966575766509434,0.08983406174747866,1722.1389972196105,1046.359012155003,1559.3520144815184,568.3609158694693,3192.29736328125,1958.0337590534882,-377.7362976074219,107.4432144165039,12.887534141540527,-8.023083686828613,-37.25617218017578,11.149395942687988,-11.818989753723145,-10.274506568908691,-8.176579475402832,-10.980829238891602,-3.4219610691070557,-8.783600807189941,0.980867862701416,common_voice_ko_38203336.mp3,fourties,male_masculine,3,1
4.428027210884354,0.08134867882853403,0.04675476951387645,1288.7212266827426,640.8562154461476,1329.5388002511284,524.161820433088,2424.3455497382197,1569.47317781823,-431.1457824707031,119.59696197509766,9.957864761352539,-4.469656944274902,-18.16305160522461,3.4989583492279053,-3.1555063724517822,-17.28335189819336,-15.642004013061523,-11.736801147460938,-6.293473720550537,-7.312087535858154,1.201999545097351,common_voice_ko_38203337.mp3,fourties,male_masculine,3,1
7.236009070294784,0.1081699469150641,0.06798729816033204,1736.0437734581792,878.5482671198722,1613.1578944338237,441.98594433471715,3392.859825721154,1697.2279768530168,-398.8424072265625,101.8917236328125,0.21243931353092194,14.598078727722168,-32.321044921875,10.640583992004395,-7.101307392120361,-17.32231330871582,-12.118884086608887,-6.831790447235107,-5.957962989807129,-11.053176879882812,1.0313489437103271,common_voice_ko_38203408.mp3,fourties,male_masculine,3,1
4.608027210884353,0.10778011149497488,0.07337297332617009,1608.9034143374151,969.1512654870793,1428.514572244888,501.6768812430019,2957.082286432161,1763.1067719444527,-398.558837890625,102.09447479248047,10.358030319213867,7.017879962921143,-28.247173309326172,5.162171363830566,-6.059547424316406,-18.12763786315918,-11.51020336151123,-6.506645679473877,-9.512475967407227,-8.458904266357422,-1.9582669734954834,common_voice_ko_38203411.mp3,fourties,male_masculine,3,1
4.248027210884354,0.10431608606557377,0.06864790593165308,1650.4186488490016,947.4094590667263,1522.9761931347302,526.083825984329,3136.9640913165986,1819.7285363976541,-388.3554382324219,92.28857421875,11.565712928771973,0.7873535752296448,-27.929059982299805,6.680172443389893,-1.6150308847427368,-10.315187454223633,-8.320950508117676,-9.044370651245117,-6.498611927032471,-4.834902763366699,-0.6546438932418823,common_voice_ko_38203412.mp3,fourties,male_masculine,3,1
3.8880272108843537,0.11598132905505952,0.05694281297624608,1737.4010214239956,776.9034091958725,1612.624716808739,476.3625682139692,3373.919677734375,1578.677319845148,-441.6938171386719,86.00263977050781,5.568336009979248,1.7531778812408447,-24.315122604370117,7.708043575286865,-0.5517236590385437,-11.360740661621094,-10.35232162475586,-10.543560981750488,-7.522719383239746,-4.803064346313477,-0.9044643640518188,common_voice_ko_38203413.mp3,fourties,male_masculine,3,1
5.148027210884353,0.10630014780405406,0.07642047681372198,1659.3281488845782,1043.410395277917,1530.5489004853996,513.9863012639007,3081.3334697001687,1907.328307923831,-402.8508605957031,110.49302673339844,14.033295631408691,7.574761390686035,-35.128421783447266,13.509228706359863,-8.459595680236816,-13.085508346557617,-11.372529983520508,-14.324755668640137,-5.556042194366455,-9.516460418701172,0.5298159122467041,common_voice_ko_38203460.mp3,fourties,male_masculine,3,1
3.528027210884354,0.11659963507401316,0.05909101297811815,1817.0752640081355,859.3429297320022,1626.4963492035797,452.20743886441517,3562.6117907072367,1572.5215043852886,-396.00518798828125,86.5684585571289,6.367757797241211,0.2221117466688156,-37.84189224243164,11.737139701843262,-4.596028804779053,-15.093332290649414,-8.159926414489746,-10.442843437194824,-6.887636661529541,-8.242213249206543,3.7807745933532715,common_voice_ko_38203462.mp3,fourties,male_masculine,3,1
5.4360090702947845,0.09833361037234042,0.0745679256785719,1621.6714258220686,1004.3766956605439,1529.8943937419785,568.86870298162,3157.729699966755,1973.0325058652302,-408.37872314453125,106.2164077758789,18.125877380371094,7.729301452636719,-33.771385192871094,11.455973625183105,-6.191529750823975,-21.69533348083496,-10.934294700622559,-9.742659568786621,-10.642253875732422,-8.643065452575684,-0.676038920879364,common_voice_ko_38203463.mp3,fourties,male_masculine,3,1
4.176009070294785,0.1264675564236111,0.09159531702446722,1765.3507513639738,1082.3420022869361,1551.3940116400545,560.1296909589039,3304.329833984375,2072.7038478494046,-398.2099304199219,94.97358703613281,8.158588409423828,0.9380442500114441,-31.36599349975586,4.449063301086426,-6.6462273597717285,-12.307639122009277,-10.33935260772705,-8.547781944274902,-5.897494316101074,-6.105075359344482,3.3478050231933594,common_voice_ko_38203479.mp3,fourties,male_masculine,3,1
8.46,0.12630297517123287,0.09767539439271457,1825.6466045547356,1134.494173849651,1527.4804003740692,510.98984213776737,3291.984294734589,1910.8425580477342,-423.4482116699219,88.04435729980469,8.306870460510254,7.453660011291504,-31.815994262695312,6.058956146240234,-7.37728214263916,-6.421652793884277,-6.510642051696777,-8.851156234741211,-4.651688098907471,-10.975379943847656,-1.2311257123947144,common_voice_ko_38203480.mp3,fourties,male_masculine,3,1
4.32,0.12226092496657753,0.07652431954986531,1793.6203098990054,905.0821530747338,1563.396286121003,441.2257730127388,3277.30745529746,1648.0604881675338,-440.8601989746094,112.50682830810547,-17.878585815429688,-3.597097396850586,-31.073772430419922,20.486310958862305,-1.9946064949035645,-3.242509603500366,-9.312308311462402,-11.449811935424805,-3.112731695175171,-9.674301147460938,3.352424144744873,common_voice_ko_38203499.mp3,fourties,male_masculine,3,1
5.4360090702947845,0.1107172539893617,0.08160164333415952,1709.6336980185724,1077.191024321113,1470.9089098343966,525.5234962704419,3076.132604720745,1856.3915336979442,-389.7253112792969,87.58209991455078,13.697409629821777,5.214602947235107,-35.684688568115234,3.8401787281036377,-4.570631980895996,-13.41804027557373,-6.80015754699707,-7.299636363983154,-11.153304100036621,-8.235757827758789,0.6269696950912476,common_voice_ko_38203500.mp3,fourties,male_masculine,3,1
3.708027210884354,0.08739013671875,0.06016112344991139,1323.7314724072342,837.2726690618075,1315.7797830771874,563.2866430657136,2414.4776916503906,1782.309287101007,-430.56170654296875,113.14994812011719,23.043447494506836,-2.99685001373291,-24.275100708007812,4.061446189880371,-3.4027836322784424,-14.882181167602539,-11.09278678894043,-11.80530071258545,-10.172680854797363,-8.30647087097168,-2.513305187225342,common_voice_ko_38203526.mp3,fourties,male_masculine,3,1
6.66,0.1154912755879791,0.0856059887210703,1678.5277099360308,1019.9442285534022,1523.552909716451,545.4786990721311,3072.3454173018295,1928.5182147643566,-403.5499267578125,116.81316375732422,4.263431072235107,2.6636810302734375,-33.81897735595703,12.08681583404541,-11.495416641235352,-19.681089401245117,-8.285324096679688,-8.392379760742188,-7.023989200592041,-8.911417007446289,-0.44381049275398254,common_voice_ko_38203527.mp3,fourties,male_masculine,3,1
3.42,0.04426533467060811,0.04527887527156412,1193.3346153867994,616.3838364923921,1474.8627426619146,455.3465436246538,2476.1728647592904,1472.6457228360644,-372.77691650390625,106.80428314208984,11.610672950744629,19.205392837524414,-14.11764144897461,14.672957420349121,0.638322651386261,-3.2089014053344727,6.1041259765625,2.447465181350708,1.115291953086853,2.144975423812866,13.786581039428711,common_voice_ko_38203530.mp3,fourties,male_masculine,3,1
3.8880272108843537,0.08914911179315477,0.0818030454512585,1586.8839825091777,981.210248650132,1528.378213510627,535.2956156398523,2991.0003662109375,1850.033408179776,-407.1835021972656,108.8974609375,7.433579444885254,6.9229416847229,-24.138906478881836,11.810086250305176,-7.897096157073975,-10.920000076293945,-2.1886188983917236,-7.990946292877197,-6.307753562927246,-2.7778408527374268,8.039233207702637,common_voice_ko_38203539.mp3,fourties,male_masculine,3,1
6.696009070294784,0.07711971507352941,0.06430234789718932,1445.8754510238564,889.2925653863588,1467.6177239968772,524.155260927773,2755.9147079098184,1735.5979606077194,-379.0289001464844,126.87657928466797,12.684683799743652,13.489501953125,-33.99134826660156,11.737309455871582,-5.833195686340332,-16.07291030883789,-5.577467441558838,-7.97872257232666,-5.507403373718262,-6.825203895568848,5.79824161529541,common_voice_ko_38203541.mp3,fourties,male_masculine,3,1
4.86,0.09121558779761904,0.08411243349445523,1588.985581532486,989.2646003844992,1522.5427535873116,505.4278526481257,2979.32373046875,1730.5111665525937,-386.9227600097656,112.61417388916016,14.789220809936523,12.466221809387207,-34.37238311767578,14.535818099975586,-5.47422981262207,-13.831792831420898,-5.192248344421387,-2.5920569896698,-4.274564266204834,-6.095773696899414,4.774996280670166,common_voice_ko_38203542.mp3,fourties,male_masculine,3,1
6.3,0.06425924862132353,0.03252083577680927,1299.3386735308416,553.6110644469971,1386.3172227515026,479.1750877863599,2485.462054084329,1412.3010070866123,-389.7497253417969,107.46408081054688,9.839027404785156,1.758494257926941,-26.60857391357422,0.9751649498939514,-7.182186126708984,-14.55842113494873,-9.891373634338379,-4.357142448425293,-1.237278938293457,-5.803717136383057,4.917403221130371,common_voice_ko_38203550.mp3,fourties,male_masculine,3,1
4.428027210884354,0.06304963596204188,0.053438694661545154,1217.1621864519939,689.7059156070087,1309.8533289731313,560.6087974373487,2254.785667539267,1488.9661048305059,-445.8467102050781,131.1806640625,18.08797836303711,-1.9709172248840332,-24.193071365356445,1.0862754583358765,-8.332736015319824,-12.598057746887207,-9.595125198364258,-5.001813888549805,-1.7368085384368896,-3.9339487552642822,5.450719356536865,common_voice_ko_38203551.mp3,fourties,male_masculine,3,1
4.86,0.09824683779761904,0.08764094193200082,1591.6645681713378,1101.521735110352,1473.1713782858963,559.9580996033728,2842.79296875,1948.8443468328246,-388.1177062988281,118.54661560058594,16.401962280273438,17.45145034790039,-31.412717819213867,5.314525127410889,-7.6644439697265625,-15.036803245544434,-7.834759712219238,-5.27042293548584,-3.7271344661712646,-6.56265926361084,6.106215000152588,common_voice_ko_38203553.mp3,fourties,male_masculine,3,1
7.74,0.08198593048278444,0.07344130382270443,1456.195524872374,1042.5928080964045,1349.1910191101515,529.7592399888497,2566.416117959394,1777.8263943164075,-395.9017028808594,87.0724868774414,22.094839096069336,12.436002731323242,-19.52204132080078,1.061431884765625,-9.198418617248535,-16.440467834472656,-9.609353065490723,-5.0383830070495605,-2.9374425411224365,-5.481003284454346,3.258009910583496,common_voice_ko_38203554.mp3,fourties,male_masculine,3,1
7.488027210884353,0.08335248161764706,0.07463630354326467,1549.5934253990804,911.3939784993878,1510.2551345782765,440.9377760259717,2928.9156225812694,1618.221820974244,-428.9739685058594,99.89810180664062,12.077008247375488,8.803413391113281,-29.855602264404297,13.777017593383789,-4.0982770919799805,-11.660799026489258,-4.940957069396973,-6.321933746337891,3.1765296459198,-3.4772915840148926,2.1826908588409424,common_voice_ko_38203566.mp3,fourties,male_masculine,3,1
6.876009070294785,0.08595394044612795,0.07178914558460896,1592.6038376428955,953.6821898963534,1578.6863416560848,568.911768014282,3099.294951467803,1894.7100553285673,-408.3501281738281,99.21576690673828,17.4317684173584,14.95095443725586,-27.07317352294922,4.1934099197387695,-8.20459270477295,-11.600815773010254,-6.593380451202393,-4.558403968811035,0.730572521686554,-6.951504707336426,2.52760910987854,common_voice_ko_38203567.mp3,fourties,male_masculine,3,1
4.14,0.08526645425977654,0.07097369239913717,1511.9695723086184,992.3311896142245,1444.2073981291348,632.7433915788855,2892.9677952601255,1897.0705782518332,-465.26422119140625,115.74949645996094,18.610546112060547,12.566567420959473,-27.871095657348633,0.8725544810295105,-6.790809631347656,-5.797604560852051,-8.842309951782227,-6.197633743286133,-2.5504441261291504,-8.531119346618652,5.826498508453369,common_voice_ko_38203568.mp3,fourties,male_masculine,3,1
6.156009070294784,0.08947294995300752,0.08308202896202477,1527.3826405020698,1061.1752596349547,1405.9670056884584,555.9963274009326,2697.1146432976975,1808.0878838115866,-451.15338134765625,102.38394165039062,22.80836296081543,7.990393161773682,-31.35254669189453,3.3722121715545654,-3.180377721786499,-7.021571636199951,-6.082708835601807,-2.904663324356079,-0.2040012776851654,-5.050528049468994,5.513593673706055,common_voice_ko_38203569.mp3,fourties,male_masculine,3,1
4.3560090702947845,0.10234426944813829,0.10078933207622193,1700.555780221377,1142.8523511365647,1552.7844732643612,478.1405729922435,3096.4860632064497,1807.0788855512678,-461.0918273925781,102.22030639648438,16.49407386779785,14.480514526367188,-29.07910919189453,13.228562355041504,-5.247636318206787,-9.186691284179688,-6.614060878753662,-3.153209686279297,1.735092282295227,-5.062699794769287,2.9066643714904785,common_voice_ko_38203570.mp3,fourties,male_masculine,3,1
1.9080272108843537,0.06477080195783133,0.034285285067026085,1449.4288733808853,449.874436322063,1612.060193705782,400.22353988045603,2951.8648814006024,1271.4785324449092,-454.6972351074219,60.103267669677734,11.835470199584961,3.170574426651001,-15.414691925048828,3.372661828994751,5.107004642486572,-2.2969727516174316,-1.3463577032089233,-2.997433662414551,-1.6710315942764282,-0.04062572866678238,6.106855869293213,common_voice_ko_38203578.mp3,fourties,male_masculine,3,1
3.708027210884354,0.0904998779296875,0.07848487074950022,1522.8815042935537,992.0796652043531,1433.3759423470347,535.7105883667564,2784.2431640625,1838.900482593869,-416.8374938964844,102.53218078613281,16.856624603271484,7.608946323394775,-20.577756881713867,7.0072832107543945,-1.3125370740890503,-8.264181137084961,-6.155264377593994,-6.574537754058838,-1.6325651407241821,-3.5526511669158936,3.5683300495147705,common_voice_ko_38203580.mp3,fourties,male_masculine,3,1
7.668027210884354,0.0945008614992447,0.08248760064006583,1557.437076173794,1128.5961720839457,1394.191070555985,625.3294792666791,2808.586742942787,1974.4293550253599,-407.7099609375,98.97723388671875,22.86383628845215,7.7105817794799805,-26.529905319213867,2.224937677383423,-4.918519496917725,-13.568253517150879,-10.286544799804688,-4.5598955154418945,-0.14683465659618378,-5.462909698486328,1.2220540046691895,common_voice_ko_38203581.mp3,fourties,male_masculine,3,1
4.716009070294785,0.07336665134803921,0.05958732717684106,1443.5736051776025,823.5238824990854,1473.3564379355573,464.6719386896927,2722.10298426011,1531.291608878273,-415.7791442871094,82.8241958618164,18.888347625732422,1.5496982336044312,-20.368593215942383,2.809530735015869,-3.555251359939575,-8.213791847229004,-5.077878475189209,-5.561601161956787,-2.0643818378448486,-1.5760587453842163,4.465330600738525,common_voice_ko_38203593.mp3,fourties,male_masculine,3,1
2.8080272108843536,0.07254810175619834,0.05403782681538911,1530.7639650315787,782.0747748799749,1669.4289558546568,555.3574372314596,3089.836688081095,1835.0227492891547,-486.91461181640625,103.54425048828125,20.877197265625,2.265620470046997,-20.177886962890625,11.662439346313477,-7.022313117980957,-7.888762474060059,-4.593730449676514,-3.1591389179229736,3.6589531898498535,-1.453046441078186,3.346550703048706,common_voice_ko_38203594.mp3,fourties,male_masculine,3,1
3.708027210884354,0.089471435546875,0.07678202254566932,1662.608580432252,1002.2380247867279,1651.328012172662,647.3730208676986,3402.3133850097656,2065.7803873395947,-417.8849182128906,108.05558776855469,16.992740631103516,14.802251815795898,-17.592065811157227,14.317201614379883,-6.201807498931885,-10.458547592163086,-7.949241638183594,-5.610007286071777,0.7893673181533813,-6.385208606719971,4.526205539703369,common_voice_ko_38203596.mp3,fourties,male_masculine,3,1
3.6,0.06793995392628205,0.054152881837257666,1466.3878502662794,775.3783535699556,1627.9473593810387,540.8171696027424,3040.7367412860576,1684.3686610164655,-429.9910888671875,70.44954681396484,26.000295639038086,21.595304489135742,-10.11841106414795,6.732172966003418,-6.442975044250488,-13.01263427734375,-5.383107662200928,-9.35882568359375,-4.156209945678711,-3.21105694770813,1.509339690208435,common_voice_ko_38203597.mp3,fourties,male_masculine,3,1
7.02,0.09282983962458746,0.09016059756605381,1563.7006263699093,1173.8527893416335,1391.848289016333,498.49800382463303,2675.944655012376,1835.4341471116784,-390.3272399902344,101.71752166748047,18.027599334716797,14.720951080322266,-23.77281951904297,8.10758113861084,-10.981643676757812,-13.932136535644531,-7.165759563446045,-7.1946258544921875,-3.5206992626190186,-5.307861804962158,3.9378416538238525,common_voice_ko_38203598.mp3,fourties,male_masculine,3,1
4.536009070294784,0.061077507174744895,0.04395421810104788,1271.7202589580265,573.5585530095359,1420.7112514809676,450.7096357392366,2509.16748046875,1393.3151749834326,-423.8443908691406,120.26571655273438,11.8486909866333,1.8549091815948486,-21.848997116088867,8.930840492248535,-1.1726248264312744,-12.574295997619629,-3.8128557205200195,-4.03170919418335,2.5222384929656982,-3.5563907623291016,3.511664628982544,common_voice_ko_38203614.mp3,fourties,male_masculine,3,1
3.528027210884354,0.07667621813322369,0.0547520369362802,1534.9481687691716,724.064527013834,1555.6993044807214,421.1165324661211,2980.9319747121713,1545.7330968526232,-412.329833984375,101.8898696899414,3.3126935958862305,9.225415229797363,-46.61699295043945,7.665586948394775,4.2832818031311035,-8.273185729980469,2.5194718837738037,-1.9284611940383911,-3.596816301345825,-4.0077972412109375,7.487706184387207,common_voice_ko_38203616.mp3,fourties,male_masculine,3,1
5.148027210884353,0.08940605644707207,0.08018208026734248,1575.8699008741453,1014.4554450993033,1472.3041245720194,470.8579009692761,2844.6137299408783,1697.2299059202817,-407.3103942871094,119.51837921142578,9.029518127441406,10.132599830627441,-40.7818717956543,13.244900703430176,-2.394824266433716,-11.731302261352539,-5.064894676208496,-0.4563307762145996,-0.8424763679504395,-3.7585864067077637,7.949741840362549,common_voice_ko_38203618.mp3,fourties,male_masculine,3,1
7.776009070294784,0.09116721082089552,0.08663819950154174,2069.936476621746,1257.470486123701,2274.8680907350827,713.5110764135403,4186.5367741371265,2462.97120372994,-421.2704162597656,69.37376403808594,4.17625093460083,12.451944351196289,-5.439628601074219,-8.206311225891113,5.339644908905029,-7.375797271728516,-8.479731559753418,-3.7385759353637695,-10.40097427368164,-6.292481899261475,-11.529970169067383,common_voice_ko_36880067.mp3,twenties,female_feminine,1,0
6.948027210884354,0.07958658854166667,0.07611949188455285,1905.1232316253563,1228.8392294134321,2059.319840388212,601.2374452121468,3649.913818359375,2248.804082462549,-364.1560363769531,86.28095245361328,-6.216885566711426,18.935447692871094,0.3752196431159973,-11.681754112243652,6.970794200897217,-8.307997703552246,-6.028729438781738,-3.63800048828125,-14.915543556213379,-6.297451972961426,-14.686532974243164,common_voice_ko_36880068.mp3,twenties,female_feminine,1,0
7.02,0.11169071008663366,0.11168659870095794,2241.116847672061,1505.6147504306246,2178.0528848799827,673.8048716491687,4204.731010210396,2563.2946800567597,-372.16912841796875,74.07725524902344,-0.12277624756097794,12.635985374450684,-7.779313087463379,-7.066778659820557,4.811433792114258,-6.004742622375488,-7.286594390869141,-4.970996856689453,-8.219745635986328,-5.245735168457031,-13.744071006774902,common_voice_ko_36880069.mp3,twenties,female_feminine,1,0
6.588027210884354,0.0878751512984155,0.08837212717311418,2066.5322668772014,1371.0433558263012,2176.23020648204,677.2291623753998,4001.8396511883802,2549.8372195922652,-384.9375,82.83626556396484,-1.0788072347640991,18.342803955078125,-4.141534805297852,-11.063056945800781,7.5044426918029785,-10.05173397064209,-4.318937301635742,-5.584470272064209,-10.685019493103027,-6.34165096282959,-12.685586929321289,common_voice_ko_36880070.mp3,twenties,female_feminine,1,0
5.148027210884353,0.10070690807995496,0.11839837030905215,2166.7618935269907,1569.5600337752767,2235.090187054761,705.8839525965072,4056.632377005912,2784.1774360925933,-401.4216003417969,79.36463928222656,2.5391743183135986,7.185040473937988,-3.858518362045288,-5.3368401527404785,7.90926456451416,-5.898466110229492,-4.829707622528076,-5.055379390716553,-10.106974601745605,-4.2157816886901855,-11.957718849182129,common_voice_ko_36880071.mp3,twenties,female_feminine,1,0
6.12,0.09728818951231061,0.09649161173120108,2079.4365370371497,1262.0303091862577,2219.2843271867064,595.8409836249019,4000.6081321022725,2347.6844617574534,-328.1088562011719,86.1931381225586,-4.011179447174072,9.13120174407959,-8.77731704711914,-9.374752044677734,9.201489448547363,-13.605581283569336,-4.2281270027160645,-6.362880706787109,-9.707352638244629,-4.762312412261963,-16.196430206298828,common_voice_ko_36880073.mp3,twenties,female_feminine,1,0
3.9960090702947846,0.07523764902456648,0.06377782317420273,2130.6509088133075,1332.7848889218578,2414.492606312252,610.1772428448704,4232.394638502529,2580.392249570587,-409.2978820800781,70.54354095458984,5.162081241607666,9.272248268127441,2.9322245121002197,-2.1500349044799805,6.791934490203857,-6.14872407913208,-5.116129398345947,-4.389350891113281,-6.950140953063965,-5.454590320587158,-12.258706092834473,common_voice_ko_36880074.mp3,twenties,female_feminine,1,0
3.24,0.10107421875,0.09349723528569515,2333.7266093868047,1557.9568722571155,2374.0829806015254,795.2801888364455,4571.03759765625,2963.1354285088646,-411.18670654296875,69.23233795166016,3.998849868774414,11.307833671569824,-6.600923538208008,-5.129157543182373,4.949275493621826,-8.59312915802002,-3.1958529949188232,-4.22791862487793,-6.950437068939209,-4.942605972290039,-13.489325523376465,common_voice_ko_36880075.mp3,twenties,female_feminine,1,0
7.668027210884354,0.0901387839879154,0.09123880082348958,2035.8201106012577,1320.2128460824597,2179.0086546496,618.3176441337329,3866.868863293051,2489.800590447975,-338.3543701171875,77.80787658691406,-3.598287582397461,20.879467010498047,-1.8318676948547363,-14.042123794555664,5.648132801055908,-12.77842903137207,-5.058684349060059,-8.656495094299316,-9.774325370788574,-6.562666893005371,-14.555145263671875,common_voice_ko_36880076.mp3,twenties,female_feminine,1,0
4.68,0.10194684019183169,0.10107998635390116,2366.0586799216035,1646.6928633164243,2313.353118573858,716.462783875015,4467.713248375619,2840.006504646738,-368.3326416015625,70.46971893310547,1.5377963781356812,13.749530792236328,-6.632168292999268,-6.21388053894043,5.3228559494018555,-12.767053604125977,-0.3773658573627472,-9.674792289733887,-7.8666486740112305,-8.173596382141113,-14.636165618896484,common_voice_ko_36880077.mp3,twenties,female_feminine,1,0
4.716009070294785,0.08949668734681372,0.08921094147348659,2102.4526663434785,1232.3175232996084,2325.920857103115,650.4298403610238,4216.391170726103,2417.773509710766,-407.3133850097656,75.66187286376953,-4.687441825866699,6.851084232330322,-4.59788179397583,-7.629090785980225,7.698407173156738,-12.193381309509277,-0.39359521865844727,-6.637807846069336,-7.003762722015381,-8.038434982299805,-13.47048568725586,common_voice_ko_36880078.mp3,twenties,female_feminine,1,0
5.04,0.09628099913990826,0.07028103170368705,2275.876759192148,1302.133419810166,2342.280187293245,647.6518851985386,4548.494055511755,2347.1846362830897,-380.6280212402344,72.58787536621094,-7.376692771911621,16.104446411132812,-10.297609329223633,-15.112674713134766,10.3539457321167,-18.005538940429688,-5.647890090942383,-7.198986530303955,-8.869322776794434,-7.503177642822266,-13.10207462310791,common_voice_ko_36880080.mp3,twenties,female_feminine,1,0
3.6,0.08867938701923077,0.10181031792826674,2165.2808490433767,1345.0069219630561,2362.1121243217817,627.6869488049487,4253.221717247596,2447.023306528776,-429.17877197265625,72.13908386230469,-0.2984825670719147,13.507355690002441,2.309236526489258,-4.348916530609131,9.225138664245605,-9.480036735534668,3.9814202785491943,-5.16892147064209,-5.803140640258789,-7.184886455535889,-13.30350112915039,common_voice_ko_36880081.mp3,twenties,female_feminine,1,0
3.2760090702947844,0.11602525308098592,0.11621908196422476,2220.36695583075,1417.8028330771142,2242.290728587755,600.447137813098,4084.25722793794,2393.698076835101,-388.53509521484375,77.99982452392578,5.657558917999268,7.879894733428955,-6.09183406829834,-9.503304481506348,4.887779712677002,-7.268094062805176,-3.2033233642578125,-5.8004469871521,-1.0157108306884766,-4.495410442352295,-9.748912811279297,common_voice_ko_36880299.mp3,twenties,female_feminine,1,0
5.4360090702947845,0.08563414228723404,0.07837669115111535,2011.5245843287191,1286.0774881389211,2205.2038127928,698.6625330360841,3895.9520445478724,2569.7612908698898,-393.2205810546875,93.97570037841797,-0.18377737700939178,6.958860874176025,-6.133578300476074,-4.857482433319092,8.579116821289062,-13.124788284301758,-6.000652313232422,-6.530431270599365,-10.82193660736084,-5.673734664916992,-17.05011749267578,common_voice_ko_36880300.mp3,twenties,female_feminine,1,0
5.976009070294785,0.11170285247093023,0.10174602219624072,2302.931983154104,1395.5288590574778,2322.938467874467,651.4878246716063,4475.192189771075,2585.847714393316,-380.23565673828125,71.64639282226562,-0.5773107409477234,10.848963737487793,-4.572820663452148,-2.862748384475708,6.785146236419678,-10.416638374328613,-5.154800891876221,-8.90414810180664,-7.915800094604492,-9.92402458190918,-12.983084678649902,common_voice_ko_36880301.mp3,twenties,female_feminine,1,0
4.968027210884354,0.091532199182243,0.08075507538118849,2311.982988918039,1370.3412936574985,2315.4428544021107,702.9122751603472,4426.079466632594,2661.0288757347967,-375.6749267578125,75.66207885742188,-4.357547760009766,17.189245223999023,-0.8326070308685303,-8.57508373260498,9.428373336791992,-10.24703311920166,-4.516817569732666,-5.541366100311279,-4.633654594421387,-7.880743980407715,-13.139823913574219,common_voice_ko_36880302.mp3,twenties,female_feminine,1,0
6.12,0.08993992660984848,0.08628304821702427,2087.570592802863,1329.1695841113224,2325.8799897089016,674.4850041043405,4067.8993918678975,2685.536825847611,-375.17864990234375,84.142333984375,5.330441474914551,8.540366172790527,-0.501002311706543,-0.6613755822181702,8.657896041870117,-8.698368072509766,-4.101592540740967,-4.3905510902404785,-6.54970645904541,-8.345071792602539,-13.446490287780762,common_voice_ko_36880303.mp3,twenties,female_feminine,1,0
4.068027210884353,0.08504139293323863,0.0758607126143471,2055.837496468303,1301.4165150381782,2359.5890622708534,671.3048387690004,3934.5199584960938,2622.355415706464,-383.2910461425781,81.62150573730469,7.918675422668457,4.217902183532715,0.2544878125190735,-3.8149781227111816,4.737980365753174,-6.575908184051514,-0.642005980014801,-4.1753997802734375,-8.620264053344727,-9.20969009399414,-15.982474327087402,common_voice_ko_36880304.mp3,twenties,female_feminine,1,0
3.168027210884354,0.13654054516423358,0.1467948811872305,2687.671176600719,1604.8090297438812,2566.9744492506425,657.362752667548,5238.383895985401,2552.2324792804084,-395.6539001464844,58.87861633300781,3.5502495765686035,12.078182220458984,-0.9987841844558716,-6.794310569763184,6.579155921936035,-11.433499336242676,-4.758128643035889,-7.3123884201049805,-4.5301408767700195,-7.740697860717773,-14.047429084777832,common_voice_ko_36880306.mp3,twenties,female_feminine,1,0
4.536009070294784,0.09787049585459184,0.0980523636514398,2357.350294289815,1530.2868303457049,2391.213007362151,651.0716908257837,4451.824951171875,2621.8488449464726,-386.6778869628906,73.48371887207031,6.751948356628418,11.344677925109863,-4.874399185180664,-3.288578510284424,12.294351577758789,-9.95787239074707,-4.353121280670166,-4.262284755706787,-8.985928535461426,-7.737778186798096,-12.293850898742676,common_voice_ko_36880307.mp3,twenties,female_feminine,1,0
7.308027210884354,0.09558686755952381,0.11388605547939011,2031.2270966771894,1454.604715178068,2188.1141405957665,667.501721460872,3831.4404296875,2580.826744098482,-356.2773132324219,86.59432983398438,5.562016010284424,11.624054908752441,-3.674227714538574,-8.666731834411621,6.285159587860107,-10.250984191894531,-5.628376007080078,-7.0757060050964355,-8.499833106994629,-7.3501458168029785,-13.192181587219238,common_voice_ko_36880308.mp3,twenties,female_feminine,1,0
5.616009070294784,0.09002534220041322,0.07942702735088217,2006.575909072288,1222.4449133381845,2208.524626917387,696.4678228210743,4009.7582604274276,2422.83246418894,-372.9503479003906,84.72386932373047,-7.139328479766846,14.048300743103027,0.0884900689125061,-11.5024995803833,4.562695026397705,-11.4821138381958,-1.9194462299346924,-5.8609161376953125,-9.884298324584961,-9.767860412597656,-13.402167320251465,common_voice_ko_36880309.mp3,twenties,female_feminine,1,0
2.9880272108843537,0.0985306140988372,0.07349074311970571,2610.960088911066,1540.252119070406,2522.3159943014675,712.0916738208399,5087.344431322675,2682.9124614604907,-411.7669677734375,63.41008758544922,-0.8735628128051758,11.469019889831543,0.2806304097175598,-2.2297661304473877,13.66141414642334,-7.578528881072998,-1.3123427629470825,-3.3330917358398438,-6.312588214874268,-9.0121431350708,-12.64488410949707,common_voice_ko_36880310.mp3,twenties,female_feminine,1,0
3.6,0.07973069411057693,0.09097975263342964,2043.889232266725,1309.6378638941117,2308.3582451202533,720.9160343669835,4165.777587890625,2544.9939823091877,-425.5559387207031,75.32853698730469,5.344831466674805,12.940603256225586,-1.2151012420654297,-2.7379472255706787,1.876950979232788,-8.370085716247559,-7.584596157073975,-6.225263595581055,-7.666884422302246,-7.123906135559082,-13.16916561126709,common_voice_ko_36880312.mp3,twenties,female_feminine,1,0
5.4360090702947845,0.10141082114361702,0.07135317714162291,2282.269057403714,1317.2561186259106,2325.3007869051494,794.6581173189429,4497.461456948138,2769.414718557388,-421.0198669433594,82.21590423583984,-6.192328453063965,-1.666341781616211,-11.983362197875977,-7.507375240325928,8.071349143981934,-10.048551559448242,-7.479554653167725,-2.2100279331207275,-9.31290054321289,-2.896881341934204,-11.827400207519531,common_voice_ko_36880313.mp3,twenties,female_feminine,1,0
7.02,0.11523276351072607,0.09893253685284795,2347.3928348553122,1445.731358691115,2367.239480675972,693.5929838056305,4526.627523592203,2679.431763565594,-360.4247131347656,75.6680908203125,5.369359016418457,14.287721633911133,-9.30650806427002,-14.441509246826172,2.5929574966430664,-10.638895988464355,-5.262578010559082,-8.50986385345459,-7.716339111328125,-8.664254188537598,-14.123156547546387,common_voice_ko_36880315.mp3,twenties,female_feminine,1,0
4.536009070294784,0.10427794164540816,0.09377886700961303,2391.398438421063,1444.2426984176234,2430.035163323765,721.2454696718967,4726.42822265625,2782.599596219778,-388.8878479003906,67.83345794677734,1.645164132118225,11.040311813354492,-4.883227825164795,-6.391709804534912,7.2265238761901855,-9.041011810302734,-8.525086402893066,-5.8879218101501465,-11.711548805236816,-5.750077247619629,-12.321550369262695,common_voice_ko_36880316.mp3,twenties,female_feminine,1,0
6.84,0.10721332097457627,0.10746852688838417,2246.6980217226965,1488.4606822278886,2225.119405856733,650.1716979457909,4126.3091730667375,2571.924053976059,-374.0846862792969,76.15901947021484,-0.1321142166852951,16.533344268798828,-3.4823498725891113,-10.818011283874512,9.65965461730957,-10.64965534210205,-9.232881546020508,-9.199867248535156,-8.58796501159668,-7.6171369552612305,-14.354989051818848,common_voice_ko_36880322.mp3,twenties,female_feminine,1,0
6.696009070294784,0.08095162467560553,0.06594524080663194,1959.9323992870875,1154.3712743534925,2279.8939370019884,661.1634143198752,3857.460988186635,2398.866759893726,-363.3130798339844,88.98857879638672,1.7981700897216797,6.591670036315918,-3.4128477573394775,-7.012180805206299,8.792972564697266,-9.111839294433594,-7.610294342041016,-9.734986305236816,-8.821576118469238,-8.968358993530273,-16.6951961517334,common_voice_ko_36880323.mp3,twenties,female_feminine,1,0
3.528027210884354,0.07627788342927631,0.06273601335478185,1990.37553460459,1163.5504686288339,2424.0717412730187,742.3287760068035,4244.024336965461,2616.366502275451,-397.5804748535156,77.3847885131836,9.287278175354004,8.392168998718262,-4.057241439819336,-8.706528663635254,9.4092435836792,-11.496946334838867,-6.078044414520264,-10.925493240356445,-6.639047145843506,-5.889613628387451,-13.681419372558594,common_voice_ko_36880324.mp3,twenties,female_feminine,1,0
8.388027210884355,0.10435865202002763,0.10222008496806809,2242.2517724967734,1376.425294550586,2289.3113256728807,666.9646284467897,4274.043400379835,2577.796438549116,-339.9888610839844,73.14746856689453,0.2176574319601059,14.727173805236816,-3.376152515411377,-7.736024856567383,6.654844284057617,-7.6662774085998535,-6.394179344177246,-4.528204917907715,-9.360491752624512,-8.693058013916016,-12.991506576538086,common_voice_ko_36880325.mp3,twenties,female_feminine,1,0
7.38,0.10498661065251573,0.10449856580629265,2186.7371951991745,1522.8355751103106,2230.157508632462,745.1374328540134,4083.4537146226417,2805.4045275964745,-345.65960693359375,85.08348083496094,4.353267669677734,12.983702659606934,0.7200864553451538,-10.558154106140137,4.636051177978516,-8.677082061767578,-8.625482559204102,-9.299242973327637,-11.147090911865234,-8.367327690124512,-12.945302963256836,common_voice_ko_36880333.mp3,twenties,female_feminine,1,0
4.968027210884354,0.1001364449474299,0.07147212553660856,2248.9318285708937,1171.0588709573033,2356.621187474182,672.424924973267,4382.359014493282,2314.4009861818668,-402.6438293457031,74.75080871582031,-7.2401204109191895,15.38222599029541,-0.47552475333213806,-10.483280181884766,5.050190448760986,-11.112013816833496,-3.596524477005005,-12.177236557006836,-6.617995738983154,-7.631650924682617,-12.60659122467041,common_voice_ko_36880336.mp3,twenties,female_feminine,1,0
3.4560090702947845,0.09986826237416108,0.071697068007259,2479.279403937057,1359.5349530016306,2586.1062528363495,683.0838995677933,5138.55930814807,2588.919061582716,-430.7726745605469,58.83580017089844,2.3096790313720703,13.540287971496582,-0.2514744699001312,-10.647597312927246,7.631219863891602,-4.752926826477051,-8.139533996582031,-5.573209762573242,-8.747184753417969,-4.100988388061523,-10.55263614654541,common_voice_ko_36880341.mp3,twenties,female_feminine,1,0
4.248027210884354,0.13210809426229508,0.145368655316384,2668.885916985771,1602.4117232020558,2554.0462986023085,679.1069240224272,5236.333728227459,2670.3799838251875,-387.49114990234375,62.801177978515625,-0.9523406028747559,8.407916069030762,0.2899357080459595,-9.36555004119873,10.283416748046875,-7.270460605621338,-3.5084519386291504,-1.8968995809555054,-10.158836364746094,-8.152347564697266,-11.938599586486816,common_voice_ko_36880342.mp3,twenties,female_feminine,1,0
3.9960090702947846,0.11061687138728324,0.12068219814658993,2450.5020632423793,1661.6881018709043,2448.6869687039293,694.3852022369433,4823.4375,2812.5802276282047,-399.6593322753906,62.71181869506836,4.027907371520996,12.027544021606445,-1.1997990608215332,-9.879268646240234,3.787282943725586,-9.217997550964355,-0.6964855194091797,-7.714539051055908,-7.175349235534668,-6.256022930145264,-13.180355072021484,common_voice_ko_36880343.mp3,twenties,female_feminine,1,0
4.86,0.07091471354166666,0.0683570960393753,1824.7942703200965,1056.9043906426384,2272.4580073270795,701.9914083885832,3752.2119140625,2359.956975469947,-407.4404296875,81.28065490722656,2.5767014026641846,11.717857360839844,2.866699457168579,-10.687145233154297,8.16280460357666,-8.483092308044434,-3.9416229724884033,-5.573531627655029,-9.55897331237793,-8.035737991333008,-11.448551177978516,common_voice_ko_36880354.mp3,twenties,female_feminine,1,0
5.04,0.0764182554472477,0.0682990851593543,2068.6824252314013,1368.7107194719072,2290.5910697481577,666.0437738946372,4040.883363496273,2604.4454280776713,-350.51239013671875,79.0763168334961,6.15116548538208,19.993688583374023,-1.9088454246520996,-9.32674789428711,6.462666988372803,-8.375299453735352,-3.2111029624938965,-10.348033905029297,-7.884864330291748,-9.254316329956055,-11.494147300720215,common_voice_ko_36880355.mp3,twenties,female_feminine,1,0
5.328027210884354,0.08639181385869565,0.07125877395423652,2016.2420713031827,1213.2642675971888,2234.0192445622324,656.4224166227507,3856.5030570652175,2477.5888163341656,-234.36427307128906,88.39161682128906,-0.25567626953125,14.945622444152832,-1.9059141874313354,-12.631156921386719,7.002285957336426,-11.30037784576416,-7.007469177246094,-7.211246967315674,-9.432400703430176,-7.04329776763916,-16.336545944213867,common_voice_ko_36880357.mp3,twenties,female_feminine,1,0
4.788027210884354,0.09775768040458938,0.10266281641569583,2209.9116992207064,1560.9834054665098,2315.4455655603383,744.3524972023396,4247.606360394022,2937.9649170247008,-337.55255126953125,80.59728240966797,7.835728645324707,8.470932960510254,-5.483602523803711,-6.970561981201172,7.196432590484619,-11.391310691833496,-6.176890850067139,-8.399312019348145,-7.836151123046875,-8.437609672546387,-12.327869415283203,common_voice_ko_36880358.mp3,twenties,female_feminine,1,0
3.9960090702947846,0.1004165914017341,0.10331894069380357,2411.5896805658144,1515.6021720439792,2552.896711519439,682.265090317945,4872.4162019057085,2720.3682178760305,-388.05523681640625,66.66337585449219,5.813334941864014,12.791933059692383,5.9293212890625,-6.7265143394470215,5.27747917175293,-6.478852272033691,-5.204875469207764,-9.949685096740723,-4.449891090393066,-7.073161602020264,-11.411038398742676,common_voice_ko_36880359.mp3,twenties,female_feminine,1,0
7.488027210884353,0.1037968024380805,0.10484410120241139,2127.393170031561,1547.3887137184124,2246.1224742032314,784.1667026378883,4017.4757068740323,2981.7782116091053,-324.2884826660156,81.94619750976562,9.50261116027832,7.422200679779053,-5.572057247161865,-9.755470275878906,3.2949044704437256,-10.629568099975586,-2.8337960243225098,-8.452373504638672,-5.606311321258545,-11.214012145996094,-12.675410270690918,common_voice_ko_36880363.mp3,twenties,female_feminine,1,0
5.04,0.1041450150516055,0.09763178132020045,2363.3594506650875,1591.9905925167668,2384.8940806425444,771.4691670731831,4573.237483873279,2921.779623364675,-352.11895751953125,75.64420318603516,5.661684989929199,15.248588562011719,2.9602391719818115,-7.569357395172119,3.6454060077667236,-8.253093719482422,-2.9699411392211914,-7.878180503845215,-6.226553916931152,-7.967487335205078,-11.568408966064453,common_voice_ko_36880364.mp3,twenties,female_feminine,1,0
5.76,0.0827136671686747,0.09072236747921748,1903.1308583673858,1300.5465080194872,2209.300737856951,698.2251829405733,3575.9386177522592,2572.5187590930227,-356.32403564453125,93.807373046875,8.44527530670166,5.025617599487305,-11.538412094116211,-8.272783279418945,13.676737785339355,-13.54799747467041,-4.2569499015808105,-7.7085065841674805,-5.288493633270264,-8.784071922302246,-13.663585662841797,common_voice_ko_36880365.mp3,twenties,female_feminine,1,0
3.708027210884354,0.085809326171875,0.06270122292250396,2196.003949334455,1213.051155273626,2502.273203480419,626.6125297167188,4501.919860839844,2623.378769453305,-369.5629577636719,73.32118225097656,2.9073147773742676,9.481067657470703,-1.972985029220581,-6.965534210205078,8.090862274169922,-13.005002975463867,-2.8467211723327637,-9.891618728637695,-5.15524959564209,-6.627192497253418,-13.433273315429688,common_voice_ko_36880366.mp3,twenties,female_feminine,1,0
5.796009070294785,0.0898984375,0.10383102040498227,2111.037741614006,1469.1258400017252,2309.7385619757038,730.1589123715796,4092.21298828125,2748.5604354344914,-364.2822570800781,83.3500747680664,2.6404268741607666,9.991286277770996,-3.5802152156829834,-6.2903523445129395,11.716652870178223,-12.695712089538574,-3.741685390472412,-6.49294376373291,-5.631600379943848,-8.185406684875488,-12.577066421508789,common_voice_ko_36880367.mp3,twenties,female_feminine,1,0
4.068027210884353,0.09521761807528409,0.09676252443114654,2225.3454282131975,1499.2515571640765,2435.1938892005933,625.9383586433686,4215.7362504438925,2826.696562133501,-376.5096740722656,79.60265350341797,9.229331016540527,7.1665449142456055,-0.36062517762184143,-4.65986442565918,9.653454780578613,-8.092209815979004,-2.0436720848083496,-6.703535556793213,-3.6996169090270996,-7.468655109405518,-11.357338905334473,common_voice_ko_36880372.mp3,twenties,female_feminine,1,0
5.58,0.09971878241701244,0.09298863255925582,2231.6492167384563,1559.746452799534,2297.7804027980337,733.3378215389463,4196.606850525156,2835.7307968210325,-369.7120666503906,80.79365539550781,10.044838905334473,6.008674621582031,-6.520295143127441,-5.647010803222656,6.249837398529053,-10.885551452636719,-3.3014256954193115,-5.60316801071167,-9.260887145996094,-9.663275718688965,-14.005340576171875,common_voice_ko_36880373.mp3,twenties,female_feminine,1,0
4.8960090702947845,0.10681325903436019,0.09609323581532046,2400.826459303785,1690.8454781523028,2383.6783774874384,675.5993550892377,4378.894216528436,3008.1632193133296,-353.4220275878906,81.5081558227539,6.5150017738342285,6.4609808921813965,-4.577531814575195,-9.224621772766113,14.026202201843262,-8.91934871673584,-4.521725177764893,-10.724739074707031,-7.059624671936035,-7.66068172454834,-12.324885368347168,common_voice_ko_36880380.mp3,twenties,female_feminine,1,0
5.868027210884354,0.08187878273221344,0.08454403109043741,2014.1386019424306,1444.6883764220156,2268.348207789659,768.1437489775676,3852.2304610301385,2879.137660537398,-367.0435791015625,83.83982849121094,7.689023494720459,11.553365707397461,2.250581979751587,-12.776727676391602,8.074455261230469,-7.809703350067139,-3.0432138442993164,-7.975558757781982,-7.060659885406494,-10.162440299987793,-12.818289756774902,common_voice_ko_36880381.mp3,twenties,female_feminine,1,0
2.1960090702947848,0.08556229440789474,0.062438269904164054,2501.9544896146917,1424.9278726182956,2683.823117605006,597.9992860045971,5145.302220394737,2626.8043518549457,-471.8430480957031,52.74934387207031,18.390844345092773,27.705759048461914,3.320319890975952,-9.474035263061523,10.337493896484375,-0.5439893007278442,-1.5538021326065063,-9.238354682922363,0.8220686912536621,-6.6429314613342285,-12.578415870666504,common_voice_ko_36880382.mp3,twenties,female_feminine,1,0
4.608027210884353,0.108334641959799,0.1065871068757794,2153.6683249805033,1500.5601301266004,2250.860073560513,737.6778845096383,4143.139771121231,2760.7656487907625,-326.62933349609375,86.43620300292969,1.225058674812317,15.486551284790039,0.20729920268058777,-12.011734962463379,4.0888776779174805,-10.912627220153809,-7.257654190063477,-6.330352783203125,-9.991065979003906,-9.036441802978516,-13.541839599609375,common_voice_ko_36880386.mp3,twenties,female_feminine,1,0
5.76,0.07732884663654618,0.083189315180834,1881.3001771578186,1277.580115756477,2189.7992027753876,716.5486258936172,3629.209513836596,2663.466116537801,-357.9894714355469,88.84700012207031,9.680379867553711,13.880897521972656,1.803187608718872,-6.386083602905273,4.95471715927124,-11.638420104980469,-4.045939922332764,-9.456197738647461,-5.487447738647461,-12.504861831665039,-11.800360679626465,common_voice_ko_36880388.mp3,twenties,female_feminine,1,0
5.256009070294785,0.08980072962555066,0.08009605408094429,2164.581152994411,1431.6189375942836,2373.5455934722204,831.1308158760098,4411.84028255782,2990.3071969245198,-368.1532287597656,80.6689682006836,10.925407409667969,6.641913414001465,-6.10366153717041,-7.336598873138428,8.850264549255371,-11.838987350463867,-0.6497514247894287,-3.678586006164551,-6.101395606994629,-9.370543479919434,-10.645316123962402,common_voice_ko_36880393.mp3,twenties,female_feminine,1,0
4.14,0.10218171700418995,0.07247142241465918,2221.9043473314287,1247.3134055610362,2446.28640191128,691.049509208689,4485.642894553072,2660.9924675991815,-381.7102966308594,72.26014709472656,7.153212547302246,4.468213081359863,-1.6416561603546143,-5.215368747711182,7.6666388511657715,-8.156131744384766,-5.5859599113464355,-2.791398763656616,-6.928833484649658,-7.203204154968262,-10.076797485351562,common_voice_ko_36880394.mp3,twenties,female_feminine,1,0
6.696009070294784,0.10201361105103807,0.11930097050765394,2178.3758568833355,1563.9738721616436,2279.941757878435,678.7701900301075,3994.893490484429,2801.5050091267494,-322.4198303222656,80.83707427978516,5.743290901184082,12.134648323059082,0.2744980752468109,-14.116893768310547,6.805882930755615,-11.635039329528809,-4.947096347808838,-9.722453117370605,-8.383326530456543,-11.620530128479004,-14.098771095275879,common_voice_ko_36880395.mp3,twenties,female_feminine,1,0
7.02,0.1140225350660066,0.11293461639438475,2380.2201820357573,1454.887910735861,2364.784832429977,674.2170787555062,4500.972453202351,2599.2163184089227,-334.59771728515625,75.58980560302734,-7.943451404571533,16.056846618652344,1.0077447891235352,-16.262218475341797,7.875760555267334,-12.184892654418945,-4.108166217803955,-3.687349319458008,-7.326797008514404,-9.541390419006348,-12.881839752197266,common_voice_ko_36880400.mp3,twenties,female_feminine,1,0
2.9880272108843537,0.10869746245155039,0.08387191910184827,2664.3422372918067,1705.9739552556568,2528.577913006799,735.3058671874566,5281.810955668605,2739.241616133343,-407.1881103515625,56.41869354248047,-0.2291679084300995,14.505111694335938,4.290700912475586,-7.178381443023682,6.177563190460205,-6.134505271911621,-5.5398664474487305,-0.5482410788536072,-6.745336055755615,-6.4483747482299805,-6.00066614151001,common_voice_ko_36880401.mp3,twenties,female_feminine,1,0
7.488027210884353,0.09634106520897832,0.094659239017943,2078.411192154788,1276.2591833879158,2267.900036313793,683.645555377072,4068.7087304082816,2551.563318496856,-341.5201110839844,85.25247192382812,0.20192641019821167,18.24036407470703,-5.396390914916992,-16.53533172607422,8.769691467285156,-9.934882164001465,-4.6242356300354,-5.299916744232178,-8.9461669921875,-8.981742858886719,-14.79611873626709,common_voice_ko_36880402.mp3,twenties,female_feminine,1,0
6.156009070294784,0.11020838228383459,0.11642489818457999,2258.8886500454173,1682.9106803797438,2204.04010571828,752.2788501566658,4164.246247944079,2882.5062997569144,-348.15460205078125,83.95338439941406,2.396928071975708,11.860518455505371,-2.493356227874756,-7.6600022315979,4.005463123321533,-7.5593976974487305,-4.863409996032715,-6.408585548400879,-8.03069019317627,-6.47998046875,-14.280165672302246,common_voice_ko_36880403.mp3,twenties,female_feminine,1,0
5.796009070294785,0.1165234375,0.1224690814800989,2447.829289428437,1604.3332302140077,2455.5543617218723,617.5058002169056,4573.480078125,2789.4303101634227,-337.99737548828125,69.94349670410156,6.372653007507324,9.013371467590332,2.260956287384033,-8.86094856262207,4.349109649658203,-10.499150276184082,-4.859378337860107,-7.552795886993408,-5.005958080291748,-11.790827751159668,-12.072625160217285,common_voice_ko_36880404.mp3,twenties,female_feminine,1,0
6.408027210884354,0.1206886180932971,0.11380656694593813,2429.293905134326,1629.9618863485855,2250.67977456397,681.5452182558754,4375.414242951766,2751.4563209945354,-334.5784606933594,78.86067199707031,2.732539176940918,15.738113403320312,-5.374598979949951,-9.878680229187012,5.469753265380859,-10.593853950500488,-3.881361722946167,-5.299114227294922,-7.87452507019043,-8.411459922790527,-11.91185474395752,common_voice_ko_36880405.mp3,twenties,female_feminine,1,0
8.568027210884354,0.12140074525745258,0.11399696387246928,2298.136087609605,1588.382190645966,2221.2201541657873,675.3521204607871,4177.528939596036,2809.0878790603706,-300.81475830078125,81.20750427246094,-0.549126386642456,6.052446365356445,-7.497150421142578,-3.0757808685302734,9.45946979522705,-11.593764305114746,-3.1638002395629883,-3.6845736503601074,-7.104379653930664,-12.901291847229004,-12.619969367980957,common_voice_ko_36880406.mp3,twenties,female_feminine,1,0
3.2760090702947844,0.10403485365316902,0.08414817282801361,2620.170794974517,1380.4552433436172,2595.4776566913056,648.168105839496,5348.726342429577,2564.0953994794736,-387.8009033203125,61.51187515258789,1.9769291877746582,17.486263275146484,0.5516597032546997,-0.9284136891365051,8.550772666931152,-8.102683067321777,-2.898850202560425,-2.5874712467193604,-3.631418228149414,-9.21269702911377,-5.93634557723999,common_voice_ko_36880407.mp3,twenties,female_feminine,1,0
5.868027210884354,0.11671658843873518,0.10681867561608792,2485.063055635127,1556.2177982059154,2397.202525479847,735.3595261615047,4773.221729866601,2862.8678041889684,-345.8284912109375,80.45052337646484,4.897799491882324,13.942450523376465,-3.635845899581909,-8.279372215270996,7.806354522705078,-13.039752960205078,-3.2432641983032227,-7.2770843505859375,-5.072707176208496,-8.954543113708496,-14.043495178222656,common_voice_ko_36880408.mp3,twenties,female_feminine,1,0
6.7680272108843536,0.09633354291523973,0.09214042990985705,2149.201434973723,1371.2113989515603,2245.041072502081,693.0380113194461,4153.622143889127,2679.440570819214,-325.27032470703125,89.85881805419922,-6.071474552154541,9.406960487365723,3.477468490600586,-7.932931423187256,5.299421787261963,-12.981826782226562,-1.307073950767517,-6.098069190979004,-6.724941730499268,-10.944886207580566,-14.316763877868652,common_voice_ko_36880409.mp3,twenties,female_feminine,1,0
8.64,0.07675964519101877,0.06774231362692897,1881.435013446249,1153.487182122759,2126.6634476048785,688.9471983503486,3657.90236731317,2459.171914849556,-322.0520324707031,99.25123596191406,-1.4764429330825806,9.402313232421875,-8.074630737304688,-12.610851287841797,8.564047813415527,-11.770452499389648,-5.886846542358398,-7.023776531219482,-8.90540599822998,-5.425837993621826,-13.952012062072754,common_voice_ko_36880410.mp3,twenties,female_feminine,1,0
6.7680272108843536,0.09684690710616438,0.0839277625504378,2128.2263716029815,1302.2627810312094,2157.577478418062,633.5395578263323,3891.794617535317,2403.177876930382,-316.2281494140625,84.76080322265625,-12.343825340270996,2.902348041534424,-9.648240089416504,-13.305386543273926,7.234240531921387,-12.615435600280762,-2.563683271408081,-4.661670207977295,-6.636299133300781,-9.022223472595215,-12.617470741271973,common_voice_ko_36880411.mp3,twenties,female_feminine,1,0
7.2,0.08777130225080386,0.08029488638847751,1987.316478653516,1218.8201357116973,2191.866839170498,666.8132482451583,3879.092299286576,2411.9216627074875,-342.9415283203125,91.16322326660156,-6.869443416595459,12.107460021972656,-1.0899549722671509,-15.211148262023926,5.491101264953613,-13.72105598449707,-2.449317693710327,-4.5509772300720215,-10.37985897064209,-7.979246616363525,-12.634652137756348,common_voice_ko_36880412.mp3,twenties,female_feminine,1,0
5.04,0.08882463087729357,0.09565489578282428,2138.286685613224,1377.7729117747565,2305.353618152644,717.0741899444134,4253.647214557052,2710.290857191776,-359.91412353515625,79.60027313232422,-1.8978228569030762,8.5238676071167,-7.10300874710083,-9.105937957763672,10.708980560302734,-15.502593994140625,-2.173846960067749,-6.358943462371826,-9.711934089660645,-6.389758110046387,-12.35832691192627,common_voice_ko_36880413.mp3,twenties,female_feminine,1,0
3.708027210884354,0.107379150390625,0.08692276107464002,2637.4382055667024,1661.27290685766,2499.2950967055153,785.3858770948015,5145.695343017578,2923.0079311068716,-378.0680236816406,66.81378173828125,-7.795469760894775,4.173303127288818,-4.921974182128906,-6.541635990142822,10.817314147949219,-8.8688383102417,1.5592844486236572,-5.250983238220215,-3.4317049980163574,-5.902627468109131,-13.272165298461914,common_voice_ko_36880414.mp3,twenties,female_feminine,1,0
7.416009070294785,0.10825653076171875,0.1012201480210794,2224.2986257927996,1539.1475356891556,2184.277764133594,699.1935584452298,4126.434631347656,2776.1058891583893,-343.76971435546875,84.70108795166016,1.5225818157196045,15.280794143676758,-10.501749038696289,-11.590044021606445,11.621478080749512,-16.574970245361328,-0.9958568811416626,-9.126688003540039,-9.392297744750977,-8.611865043640137,-12.162257194519043,common_voice_ko_36880415.mp3,twenties,female_feminine,1,0
2.628027210884354,0.10635964912280702,0.07805791941382878,2634.3683444793974,1363.36010227073,2717.944365982948,582.6855457365075,5468.961374383223,2585.732329606697,-443.5202941894531,43.55625534057617,15.629287719726562,26.055126190185547,5.286846160888672,-7.879928112030029,7.648222923278809,-6.553504467010498,-4.614068984985352,-6.572759628295898,-7.364425182342529,-7.479531764984131,-8.85986328125,common_voice_ko_36880417.mp3,twenties,female_feminine,1,0
7.38,0.10145655218160378,0.08846974118443206,2285.65963173074,1292.5318629545804,2366.5571222825106,654.8893101499409,4520.99079635908,2522.4454206507075,-361.0799865722656,72.57868957519531,-4.081383228302002,17.496557235717773,-0.9549679756164551,-13.63726806640625,7.365920543670654,-15.060571670532227,-2.6228394508361816,-6.767764091491699,-9.718193054199219,-8.151996612548828,-14.84088134765625,common_voice_ko_36880418.mp3,twenties,female_feminine,1,0
6.336009070294785,0.09865785256410256,0.09031847709080222,2201.030938385372,1407.6346904535603,2274.0622034316043,638.0297478587264,4159.812575120192,2624.7948178678416,-344.27471923828125,91.7986831665039,-0.8660204410552979,8.180408477783203,-2.6607396602630615,-11.311551094055176,10.646766662597656,-11.707491874694824,-1.3308262825012207,-5.680617332458496,-7.990311145782471,-8.929434776306152,-13.723898887634277,common_voice_ko_36880419.mp3,twenties,female_feminine,1,0
4.248027210884354,0.08487288678278689,0.06695814884480353,2179.781960448836,1202.9402092050514,2434.134362201523,699.0376541716549,4486.14281826332,2699.1953026457154,-395.64910888671875,72.99114227294922,5.236075401306152,14.365194320678711,-0.12153366953134537,-10.23495101928711,6.9385294914245605,-12.473441123962402,2.231110095977783,-5.899245262145996,-9.896760940551758,-8.499350547790527,-11.571166038513184,common_voice_ko_36880421.mp3,twenties,female_feminine,1,0
4.32,0.1185818432486631,0.09600213250537404,2685.5808846987807,1531.5079390410422,2577.8755373091367,577.5194367502339,5287.840752423128,2487.0459112627523,-376.2956237792969,58.79887008666992,3.3319215774536133,12.164728164672852,-3.258120059967041,-7.6355462074279785,4.522468566894531,-13.994939804077148,-1.564956784248352,-9.10505485534668,-7.098756790161133,-7.608005523681641,-10.554783821105957,common_voice_ko_36880422.mp3,twenties,female_feminine,1,0
6.7680272108843536,0.0978318305864726,0.08500773285549093,2177.0090822145753,1385.906609251778,2255.637310308146,687.6661280905383,4135.702389233733,2604.5000161504663,-326.0473327636719,89.8653335571289,-4.854764461517334,6.731320381164551,-7.5941619873046875,-11.800512313842773,3.5770153999328613,-18.78228187561035,-0.6111891269683838,-8.135995864868164,-10.199673652648926,-11.67911148071289,-10.58111572265625,common_voice_ko_36880423.mp3,twenties,female_feminine,1,0
4.428027210884354,0.11221521187827226,0.10722759873111706,2272.64988794136,1415.6011081640406,2384.972539499806,649.7289254006675,4388.7711929401175,2654.2735681477907,-334.8911437988281,80.87512969970703,-3.2663686275482178,12.096419334411621,-3.0897979736328125,-14.412300109863281,8.430370330810547,-13.907818794250488,3.8435652256011963,-12.020364761352539,-8.329055786132812,-10.707351684570312,-13.426441192626953,common_voice_ko_36880425.mp3,twenties,female_feminine,1,0
6.408027210884354,0.10312818444293478,0.08969557442514973,2209.225242090221,1359.0162254271047,2229.3444695019407,709.0714290788709,4197.609279466712,2578.528230749867,-322.5347595214844,87.88678741455078,-13.57271671295166,8.167274475097656,-4.290931224822998,-11.839065551757812,11.115548133850098,-15.102533340454102,-1.3707326650619507,-8.208013534545898,-9.586542129516602,-7.531271934509277,-15.355534553527832,common_voice_ko_36880426.mp3,twenties,female_feminine,1,0
6.516009070294785,0.09260662255338079,0.0826867125513976,2136.4290977178907,1215.3647216418142,2213.6593029464834,718.620438643003,4319.208046040925,2439.804807368646,-374.64691162109375,85.06069946289062,-6.19216251373291,23.451156616210938,-1.240667700767517,-0.061526477336883545,9.13865852355957,-11.028282165527344,4.317729473114014,-4.389334678649902,-6.264782428741455,-13.126002311706543,-12.488348960876465,common_voice_ko_39745083.mp3,twenties,female_feminine,1,0
5.796009070294785,0.115716796875,0.0952175328346232,2465.3964521434827,1271.226378816975,2449.7128066242867,721.7187623103075,5188.16689453125,2469.7054982003356,-405.5867614746094,66.96161651611328,0.18772326409816742,24.44378089904785,-1.965609073638916,3.4413740634918213,4.881707668304443,-10.08100700378418,6.961708068847656,-5.58777379989624,-6.29617166519165,-10.515369415283203,-12.026625633239746,common_voice_ko_39745084.mp3,twenties,female_feminine,1,0
5.616009070294784,0.12473971784607438,0.11601265411363554,2491.955142526087,1424.5155484614895,2274.3298976027545,715.7900616393362,4811.202725497159,2423.9215108293806,-374.8389587402344,72.58356475830078,3.6046433448791504,30.270971298217773,-3.0836474895477295,-2.237170934677124,5.294600486755371,-7.911405086517334,3.2017221450805664,-7.079901695251465,-3.266709566116333,-9.564563751220703,-13.330825805664062,common_voice_ko_39745087.mp3,twenties,female_feminine,1,0
3.96,0.08959247076023392,0.05881177068975696,2149.803897517566,991.834968554757,2393.6309185012205,772.5905727209038,4737.619500411184,2517.1007789167597,-392.48779296875,83.6566390991211,-1.8299633264541626,16.879825592041016,-2.663600444793701,1.3879895210266113,8.932124137878418,-9.123082160949707,5.620406150817871,-8.256187438964844,-5.814435005187988,-10.143308639526367,-13.796711921691895,common_voice_ko_39745088.mp3,twenties,female_feminine,1,0
3.6,0.09030386117788461,0.0633609898567042,2264.4683142052077,992.9476575323869,2571.2511738631492,756.9480611491546,5173.9732008713945,2526.6750143978416,-417.9831237792969,68.56088256835938,9.417192459106445,27.578243255615234,1.7607218027114868,-2.0264155864715576,8.467458724975586,-5.170912742614746,3.252937078475952,-6.418212890625,-4.1646409034729,-9.280144691467285,-11.326306343078613,common_voice_ko_39745089.mp3,twenties,female_feminine,1,0
3.6360090702947847,0.09366602806528662,0.08143055022402486,2367.185371174347,1232.7260815385323,2466.910210132889,751.0420801324153,5074.42961285828,2506.945665979311,-399.2323303222656,76.64231872558594,-0.07848343253135681,27.81544303894043,5.5344648361206055,-2.517704725265503,8.508971214294434,-6.883808612823486,6.761701583862305,-9.562899589538574,-2.689962387084961,-10.847089767456055,-12.960137367248535,common_voice_ko_39745090.mp3,twenties,female_feminine,1,0
2.736009070294785,0.14134086996822035,0.13406913512428856,2811.283923357962,1469.2946899100918,2672.7538476232517,732.1812766380743,5926.8316753840045,2477.629416536899,-426.6595153808594,55.90732192993164,2.753837823867798,21.116626739501953,7.065887451171875,0.8225141167640686,6.96833610534668,-4.861021995544434,2.424703598022461,-9.381017684936523,-6.607966899871826,-9.947433471679688,-9.3073148727417,common_voice_ko_39745091.mp3,twenties,female_feminine,1,0
7.596009070294785,0.10747993283155488,0.11409607753038457,2231.7472673943075,1352.477289313566,2215.4048630663483,654.2846829887754,4489.6728515625,2389.52363215387,-336.2471008300781,84.10600280761719,-3.51768159866333,28.021520614624023,-9.405539512634277,-4.761966705322266,8.604911804199219,-14.64045238494873,7.916989326477051,-8.586609840393066,-4.561290264129639,-9.54870891571045,-13.778205871582031,common_voice_ko_39745093.mp3,twenties,female_feminine,1,0
5.76,0.10006235881024096,0.07665555781989888,2177.0169251975585,1168.8662474440307,2302.2844316132487,767.8476662092996,4587.480292262801,2628.1111038300387,-335.4721374511719,85.02061462402344,-3.6357648372650146,20.136865615844727,-7.365210056304932,-6.244328498840332,9.095404624938965,-14.350552558898926,1.743410587310791,-5.001023769378662,-7.530445098876953,-12.635440826416016,-11.846980094909668,common_voice_ko_39745114.mp3,twenties,female_feminine,1,0
6.048027210884354,0.09584343570402298,0.06404294483481456,2055.0443309082393,1060.674205689154,2183.021362020341,791.3817819206852,4191.178104795259,2540.9064443849657,-326.52618408203125,88.425048828125,-9.982258796691895,14.562789916992188,0.7414938807487488,-6.3115620613098145,2.578432321548462,-11.821638107299805,4.1193528175354,-2.007772445678711,-8.3809814453125,-8.219592094421387,-12.842995643615723,common_voice_ko_39745115.mp3,twenties,female_feminine,1,0
7.74,0.10417056511976049,0.08525067275768025,2241.1241534507253,1158.3701910255472,2249.896271923849,736.9967952175648,4587.055795635292,2408.4262193710742,-345.5220947265625,81.60592651367188,-10.308361053466797,22.43738555908203,-6.432507514953613,-4.589484691619873,6.286375999450684,-15.908317565917969,6.713743686676025,-3.3589367866516113,-7.99859094619751,-9.53512954711914,-11.293116569519043,common_voice_ko_39745121.mp3,twenties,female_feminine,1,0
5.22,0.10826822916666666,0.09136124795504143,2337.9902750122537,1246.0516162216002,2368.4420709049346,714.0991097276628,4857.9384765625,2491.349994297561,-343.0959167480469,74.71104431152344,-0.5437047481536865,15.829548835754395,-8.18955135345459,3.1388964653015137,6.703134536743164,-10.967626571655273,4.15974760055542,-8.432890892028809,-6.427990436553955,-10.504838943481445,-9.634057998657227,common_voice_ko_39745123.mp3,twenties,female_feminine,1,0
4.248027210884354,0.09661298241120218,0.057674023686434955,2259.053470552534,1087.310065922293,2443.94454489545,818.192841209362,4884.33057441086,2764.7248293041944,-395.20184326171875,85.57841491699219,1.3566745519638062,11.723942756652832,-2.6389291286468506,2.797144889831543,8.14103889465332,-6.929792881011963,5.763909339904785,-8.287399291992188,-6.411243438720703,-9.596900939941406,-12.341047286987305,common_voice_ko_39745124.mp3,twenties,female_feminine,1,0
4.5,0.1254077400128866,0.06855947091799537,2517.1720538555874,1109.9282799831728,2516.1079256960975,735.4171425462498,5355.329816365979,2517.713894043344,-379.4689636230469,69.08909606933594,-2.4276986122131348,17.176025390625,-6.484673023223877,3.85595703125,7.422476768493652,-13.512911796569824,4.608924388885498,-4.4161787033081055,-8.559284210205078,-11.594328880310059,-8.52246379852295,common_voice_ko_39745125.mp3,twenties,female_feminine,1,0
6.048027210884354,0.11279109794061302,0.09325427437582837,2345.2418024565914,1240.0218498827091,2399.140787526238,720.0316950127263,4944.716460129311,2465.480220690133,-377.7676086425781,68.72783660888672,2.038133144378662,17.706972122192383,-10.736457824707031,2.6000781059265137,3.8081214427948,-13.990478515625,6.351199150085449,-7.68524169921875,-7.199385643005371,-9.495864868164062,-10.827071189880371,common_voice_ko_39745127.mp3,twenties,female_feminine,1,0
6.156009070294784,0.11221106966635339,0.09561966619343876,2322.298605589316,1429.7953030092629,2216.7669244611325,797.3527610967467,4603.4912109375,2688.166325504191,-349.0437316894531,83.52206420898438,0.3014996647834778,16.75886344909668,-10.303744316101074,2.2305102348327637,6.165266036987305,-12.929865837097168,8.06588363647461,-9.201025009155273,-9.459484100341797,-11.177040100097656,-12.422651290893555,common_voice_ko_39745148.mp3,twenties,female_feminine,1,0
4.536009070294784,0.10974619339923469,0.08562243093639492,2403.360469989489,1192.8015331452457,2428.624498284816,767.404226587907,5039.97802734375,2596.8340702652968,-353.08465576171875,74.07717895507812,1.5160329341888428,25.303102493286133,-5.372223377227783,-1.2990212440490723,6.495412349700928,-11.460189819335938,6.118648529052734,-7.914668083190918,-7.3888773918151855,-10.336333274841309,-13.121345520019531,common_voice_ko_39745150.mp3,twenties,female_feminine,1,0
5.508027210884354,0.11345563616071429,0.09351747802022595,2401.6877753659037,1391.86355696481,2386.6086735160984,799.9568804391863,4889.801384420956,2926.384398340425,-367.03570556640625,84.94588470458984,8.016788482666016,15.459336280822754,-8.826388359069824,1.9379627704620361,9.884326934814453,-13.196157455444336,6.432154655456543,-7.803666591644287,-8.63364028930664,-11.714139938354492,-10.421760559082031,common_voice_ko_39745163.mp3,twenties,female_feminine,1,0
6.336009070294785,0.10566370478479853,0.08037893224139793,2271.249164874569,1316.5684659743695,2297.297017946857,764.2365857542014,4608.8942307692305,2733.2143619447334,-332.75994873046875,87.5461196899414,-4.107638835906982,17.084300994873047,-4.880093097686768,-1.2973761558532715,3.518528699874878,-14.462698936462402,9.389208793640137,-6.829877853393555,-6.483290672302246,-13.154219627380371,-11.984755516052246,common_voice_ko_39745164.mp3,twenties,female_feminine,1,0
5.796009070294785,0.100447265625,0.10695573060321924,2140.126247032358,1275.2797164747856,2264.120355004186,647.591993460721,4242.25634765625,2415.286671550559,-338.77886962890625,77.87873077392578,4.454549789428711,28.459957122802734,-4.973343372344971,-2.8660943508148193,7.137887477874756,-13.648567199707031,6.222723960876465,-5.984414100646973,-6.149058818817139,-15.659104347229004,-11.950884819030762,common_voice_ko_39745166.mp3,twenties,female_feminine,1,0
5.616009070294784,0.09159510588842976,0.08392639726619847,2212.8519133186564,1133.5964200540188,2344.401862743196,663.8936287021302,4556.274514947056,2346.4956488298963,-329.13787841796875,77.91321563720703,-3.978576183319092,16.661527633666992,-6.495884418487549,4.968354225158691,6.102162837982178,-13.845755577087402,6.080172061920166,-8.64664363861084,-5.560656547546387,-15.666860580444336,-10.796612739562988,common_voice_ko_39745188.mp3,twenties,female_feminine,1,0
6.516009070294785,0.09865192671263345,0.0883201019357803,2090.201090862073,1317.989947032894,2206.00348876532,753.9194555488176,4156.253040897464,2723.17785151737,-327.4190368652344,88.83980560302734,4.088224411010742,16.785213470458984,-8.98225212097168,-1.2723335027694702,5.003323078155518,-13.460962295532227,6.99348783493042,-6.721037864685059,-7.781993865966797,-12.588081359863281,-10.880248069763184,common_voice_ko_39745191.mp3,twenties,female_feminine,1,0
5.4360090702947845,0.09807388630319148,0.06898984617242361,2062.8936084231914,1074.4935399047556,2163.3197198048274,786.8758371715339,4198.10411818484,2450.2625001112297,-320.086181640625,92.6797866821289,-13.914482116699219,11.289997100830078,-8.929018020629883,1.8413457870483398,7.669034004211426,-16.046348571777344,4.619475841522217,-4.296778202056885,-8.88063907623291,-13.92001724243164,-11.476442337036133,common_voice_ko_39745208.mp3,twenties,female_feminine,1,0
4.5,0.10334699178479381,0.0948354139537196,2324.618124940381,1351.7120925628722,2386.019336697681,759.9863383368019,4786.808855509021,2719.720363021356,-359.5785827636719,76.41224670410156,4.177016735076904,21.970382690429688,-2.2772064208984375,4.420556545257568,6.5193586349487305,-10.204022407531738,6.414870262145996,-8.802949905395508,-3.874425172805786,-13.535664558410645,-11.447793960571289,common_voice_ko_39745210.mp3,twenties,female_feminine,1,0
7.416009070294785,0.11678924560546874,0.10752987416687267,2195.959736445971,1395.3809167738639,2134.5062921085673,681.6676312782633,4088.3477783203125,2583.8161273541273,-338.3213806152344,83.84515380859375,1.0873500108718872,18.70383644104004,-11.050268173217773,1.737055778503418,7.2060651779174805,-16.07802963256836,5.058053493499756,-7.385209083557129,-5.098965644836426,-15.000645637512207,-11.310567855834961,common_voice_ko_39745211.mp3,twenties,female_feminine,1,0
5.4,0.10221004895386267,0.0867682305166846,2154.598657936579,1251.4533734276617,2237.191405494494,792.3352908293053,4450.395549725054,2644.032391281053,-329.32257080078125,91.48658752441406,-1.5146037340164185,21.517053604125977,-5.823347568511963,-0.40479177236557007,6.117151260375977,-12.321608543395996,4.485217571258545,-7.264869689941406,-5.424376964569092,-14.724782943725586,-9.972801208496094,common_voice_ko_39745230.mp3,twenties,female_feminine,1,0
5.868027210884354,0.09637089303359683,0.09827399270074746,2043.169750849444,1347.624206301087,2152.4460562217073,783.8850810068019,4075.945972548172,2758.7838853039116,-319.5748291015625,90.79698181152344,4.876239776611328,24.85438346862793,-2.6004951000213623,-3.073904514312744,4.6135149002075195,-12.719106674194336,5.3315277099609375,-5.292871475219727,-6.93508768081665,-12.299442291259766,-11.214432716369629,common_voice_ko_39745231.mp3,twenties,female_feminine,1,0
4.716009070294785,0.11286238128063726,0.11446387415258069,2400.426994242375,1636.2647900077602,2302.7824990056793,732.1870499804326,4546.250287224265,2848.1922663675577,-445.48297119140625,88.8418960571289,4.998651027679443,19.188352584838867,6.834298610687256,4.943843364715576,-3.447899103164673,-2.9772605895996094,5.636064052581787,-10.20239543914795,-3.4219977855682373,-11.253591537475586,-3.734957218170166,common_voice_ko_36880087.mp3,twenties,male_masculine,1,1
5.4360090702947845,0.1133311170212766,0.10317169622161697,2288.2522080089893,1475.9620786668042,2202.436563174968,652.8526038361122,4459.75544381649,2453.9650146976073,-375.618896484375,92.5741195678711,-5.80440092086792,28.168588638305664,7.5418548583984375,3.872622013092041,-0.45204195380210876,-3.198251962661743,7.679573059082031,-11.968363761901855,-3.988363265991211,-11.220236778259277,-5.25002384185791,common_voice_ko_36880090.mp3,twenties,male_masculine,1,1
5.868027210884354,0.09689584362648221,0.09110235725448482,2122.6789734797944,1347.7105397182527,2264.2546667430224,661.7947586167257,4258.254751574852,2622.2871298497694,-380.8138732910156,101.21607208251953,8.57945728302002,23.99751853942871,3.72310209274292,6.986961364746094,-4.561965465545654,-1.9804776906967163,6.634109020233154,-9.906525611877441,-2.6254525184631348,-13.45615291595459,-3.0039381980895996,common_voice_ko_36880096.mp3,twenties,male_masculine,1,1
7.488027210884353,0.09186943691950464,0.0838961437153796,2055.914576066372,1315.9941145488192,2155.679794192596,708.9603421880253,4094.1085768188855,2529.4116291102278,-341.8616027832031,103.67652130126953,5.8033127784729,29.825525283813477,3.606097936630249,3.832288980484009,-1.1258255243301392,-0.7340989112854004,3.6979010105133057,-12.760054588317871,-4.132320404052734,-14.40284252166748,-1.8889734745025635,common_voice_ko_36880097.mp3,twenties,male_masculine,1,1
4.428027210884354,0.11194422856675393,0.09163170583051618,2504.4557494151068,1464.5111540660953,2544.2025465115594,641.8056459647646,5086.740096326898,2500.0821934458695,-405.9055480957031,79.20965576171875,11.713022232055664,25.178783416748047,8.98678207397461,0.526043176651001,0.010595831088721752,-1.259220004081726,5.261512279510498,-8.87840747833252,-1.0022741556167603,-11.427711486816406,-4.898810863494873,common_voice_ko_36880098.mp3,twenties,male_masculine,1,1
6.948027210884354,0.14980794270833334,0.13104513858143915,2672.3300171308306,1489.0981435890308,2454.208179212859,557.1346207981807,5208.09228515625,2396.506817030458,-358.74493408203125,70.78785705566406,-0.4294276833534241,28.51333999633789,3.866178035736084,-0.5439696311950684,0.20485128462314606,-3.3929450511932373,7.1312127113342285,-13.23254108428955,-0.812063992023468,-13.926650047302246,-3.388768196105957,common_voice_ko_36880102.mp3,twenties,male_masculine,1,1
4.8960090702947845,0.11118696312203792,0.11000932588272583,2347.304904610018,1652.095450015914,2198.952322563625,619.1999326985841,4400.172286914988,2691.3376159899713,-352.7463684082031,100.03262329101562,1.4829716682434082,27.475109100341797,-0.9084439277648926,4.761488914489746,4.93861198425293,-1.1783467531204224,4.3142619132995605,-16.385173797607422,-0.24657729268074036,-15.847310066223145,-3.6937434673309326,common_voice_ko_36880103.mp3,twenties,male_masculine,1,1
5.4,0.16337513412017168,0.14237922554690752,2894.1357777705284,1767.0807821014635,2465.217099603581,627.7026027460877,5436.163408664163,2883.905741378387,-342.5882263183594,64.97734832763672,1.8564945459365845,28.23509979248047,5.7309675216674805,0.317680686712265,0.5073636174201965,-3.17948842048645,6.826909065246582,-13.243738174438477,-1.5800689458847046,-13.326068878173828,-4.439816951751709,common_voice_ko_36880104.mp3,twenties,male_masculine,1,1
7.416009070294785,0.0957061767578125,0.09502920976728298,2073.489817914032,1330.6625659192546,2167.532811850433,708.8106452170174,4157.2540283203125,2578.88434221994,-353.4977111816406,107.29667663574219,2.521770715713501,27.30179786682129,8.674176216125488,1.156288504600525,-4.529479026794434,-2.105717182159424,9.115362167358398,-12.622248649597168,-2.7791526317596436,-11.501142501831055,-4.614549160003662,common_voice_ko_36880105.mp3,twenties,male_masculine,1,1
4.968027210884354,0.08534197941004673,0.08689649094083463,1945.5463227134924,1491.7212024321013,2103.4633145210832,753.4510049411155,3732.9920688522197,2767.808662625389,-383.8873291015625,112.07965850830078,16.190277099609375,22.35392951965332,4.0895209312438965,-0.06711200624704361,2.5475990772247314,0.775550365447998,6.3543596267700195,-9.239652633666992,-2.926161050796509,-13.311854362487793,-5.543712615966797,common_voice_ko_36880106.mp3,twenties,male_masculine,1,1
5.076009070294784,0.11064586900684932,0.10326495714002797,2302.9827477522513,1465.3058893830507,2294.3516563128205,603.6281039129553,4537.114726027397,2395.22613035566,-348.6147766113281,93.55106353759766,1.52681565284729,24.833173751831055,3.783168077468872,6.303500652313232,-0.48300832509994507,-8.030730247497559,12.418534278869629,-14.45069408416748,-3.103525161743164,-10.8110933303833,-7.804319381713867,common_voice_ko_36880112.mp3,twenties,male_masculine,1,1
3.8160090702947844,0.12387843276515151,0.11791671869230966,2587.3621883788687,1478.4488500604946,2489.528536941704,597.3519224011832,5165.032404119318,2386.6641475637166,-394.4950866699219,76.05592346191406,10.984650611877441,27.609315872192383,1.3307307958602905,5.561604022979736,3.879500389099121,-2.0028116703033447,6.635566234588623,-11.908533096313477,-4.55670166015625,-13.244392395019531,-7.096271514892578,common_voice_ko_36880114.mp3,twenties,male_masculine,1,1
7.02,0.11301535426980198,0.09579936781282311,2239.2139678554536,1314.7300107580081,2292.198106615257,610.0544163406041,4491.875918548886,2375.887938271575,-352.04791259765625,92.59183502197266,-0.7145737409591675,30.765653610229492,5.2005743980407715,5.161651134490967,2.78533673286438,-7.418403625488281,7.420116901397705,-13.636316299438477,-2.875866174697876,-11.586533546447754,-3.2598042488098145,common_voice_ko_36880115.mp3,twenties,male_masculine,1,1
6.156009070294784,0.0857190583881579,0.07529210879690805,2034.351211226119,1247.3714086901177,2174.3646873004423,634.9024900242183,4035.2898848684213,2384.318544902251,-340.8779296875,104.1571273803711,2.8868134021759033,24.937585830688477,1.1576449871063232,5.625079154968262,-2.3895013332366943,2.141448736190796,5.827293395996094,-13.351305961608887,-1.4385852813720703,-9.665013313293457,-4.890336990356445,common_voice_ko_36880116.mp3,twenties,male_masculine,1,1
5.4360090702947845,0.1023167386968085,0.09853731268704005,2200.2296580788297,1482.0625409584602,2219.2798337216104,746.5479766520084,4378.98302443484,2775.976591813332,-348.3966979980469,109.20555114746094,0.9635097980499268,23.95632553100586,5.220236301422119,2.870361089706421,1.4139693975448608,-1.5891269445419312,7.270073413848877,-16.519466400146484,-2.5540239810943604,-13.802688598632812,-3.857682466506958,common_voice_ko_36880117.mp3,twenties,male_masculine,1,1
3.8160090702947844,0.11086351799242425,0.09460382243028144,2400.1768973314943,1477.1545668233277,2340.054837777604,585.2670283325485,4642.036576704545,2526.9356162196104,-347.1515197753906,85.34911346435547,6.945384979248047,27.336671829223633,2.5842432975769043,2.877385139465332,0.6337493658065796,-0.17684492468833923,5.289417266845703,-8.822990417480469,-2.4184885025024414,-9.455212593078613,-3.3602428436279297,common_voice_ko_36880123.mp3,twenties,male_masculine,1,1
2.3760090702947845,0.13797500758495146,0.14797131017963921,2911.6614222210665,1597.0749370940607,2684.136278642174,657.8492386540968,5866.64802032767,2614.280311043898,-419.2041931152344,55.70831298828125,17.874116897583008,36.10883331298828,13.168792724609375,-2.6178479194641113,-1.3898426294326782,-4.264811992645264,4.67431640625,-6.538732051849365,-3.2152628898620605,-11.798663139343262,-7.472355842590332,common_voice_ko_36880124.mp3,twenties,male_masculine,1,1
5.58,0.1136459413900415,0.11880476988857315,2287.2062493720073,1653.4922394958253,2261.391876679133,760.5239890060968,4374.590836521006,2843.4662770178793,-350.407470703125,100.31355285644531,12.220918655395508,22.290189743041992,5.105407238006592,1.6170170307159424,-3.341658115386963,4.621734619140625,4.4978227615356445,-10.956624031066895,-1.5752264261245728,-11.763607025146484,-1.699906826019287,common_voice_ko_36880125.mp3,twenties,male_masculine,1,1
3.3480272108843536,0.12953259698275862,0.13626053360535337,2540.332208263125,1645.0661936370057,2490.883937515307,602.0449699013947,4867.691945043103,2615.6117321390616,-377.470703125,85.89422607421875,10.430624008178711,16.92788314819336,4.241359710693359,3.522186517715454,2.2039296627044678,-3.2093145847320557,2.748188018798828,-8.2866792678833,-2.6797616481781006,-11.01885986328125,-2.70245099067688,common_voice_ko_36880127.mp3,twenties,male_masculine,1,1
5.796009070294785,0.1142890625,0.10331401253831728,2376.489637081997,1562.9919342866792,2349.001625644626,636.9502855761806,4583.3853515625,2696.987237396998,-340.29779052734375,91.96459197998047,9.878617286682129,26.19574737548828,8.436062812805176,4.38962984085083,-0.7650868892669678,-2.356066942214966,3.8601293563842773,-9.838151931762695,-0.8045911192893982,-12.517053604125977,-3.656513214111328,common_voice_ko_36880128.mp3,twenties,male_masculine,1,1
7.848027210884354,0.09931033884985208,0.0947711424409784,2107.1584631917294,1360.544711270696,2205.1748614790686,631.6421269054077,4119.117005477996,2438.516954447109,-332.2378845214844,101.53619384765625,2.80733323097229,25.642858505249023,7.301895618438721,4.1694416999816895,-3.4735281467437744,0.00929359532892704,6.614564895629883,-10.199987411499023,-1.567840337753296,-11.808351516723633,-6.333734512329102,common_voice_ko_36880130.mp3,twenties,male_masculine,1,1
5.94,0.1257152557373047,0.12397363249762254,2412.1850342987364,1649.078548324392,2351.116047465476,629.9777708980971,4620.049667358398,2761.3110035291234,-325.88092041015625,87.16134643554688,10.677543640136719,27.862056732177734,9.12324047088623,3.0458035469055176,1.2358099222183228,-3.9085822105407715,6.018187522888184,-8.856590270996094,-3.8749642372131348,-11.624157905578613,-2.88248872756958,common_voice_ko_36880133.mp3,twenties,male_masculine,1,1
3.6360090702947847,0.11999278463375797,0.09444107828079377,2601.4302780994053,1595.0132115560177,2482.0534276350313,626.1674455004464,5112.901354747213,2594.545085815574,-365.3309631347656,80.6437759399414,12.053139686584473,18.89218521118164,2.631114959716797,7.2207932472229,-0.2776661515235901,2.4931747913360596,4.2324018478393555,-9.272619247436523,-4.9944353103637695,-11.102073669433594,-1.3273136615753174,common_voice_ko_36880134.mp3,twenties,male_masculine,1,1
3.3480272108843536,0.10656990840517241,0.08515239161236296,2489.9368335270847,1401.3716414133878,2467.2255318360353,547.3861299055976,4973.204640355603,2191.347758783512,-389.4285888671875,68.25994110107422,10.855294227600098,31.791500091552734,6.276985168457031,6.418452739715576,3.719738245010376,-0.3920111656188965,2.1496918201446533,-6.6300578117370605,-4.721789360046387,-12.614717483520508,-3.973741054534912,common_voice_ko_36880135.mp3,twenties,male_masculine,1,1
2.88,0.09390625,0.07030150196104289,2348.3930986457567,1185.5305402544516,2553.194179524627,491.07105249262867,4951.3447265625,2166.5328606869693,-405.3311767578125,73.32169342041016,14.693252563476562,29.581554412841797,13.409869194030762,5.974771499633789,-2.1694271564483643,1.8129057884216309,2.8094828128814697,-5.345931529998779,-2.2309136390686035,-14.216767311096191,-6.02935791015625,common_voice_ko_36880136.mp3,twenties,male_masculine,1,1
8.46,0.11019905821917808,0.09465778922588176,2139.4445891928654,1347.6713065405643,2218.384824582051,588.0655132705061,4010.9572988013697,2409.9381500177947,-325.2886657714844,101.03970336914062,0.005897835362702608,20.13133430480957,6.432200908660889,2.511932611465454,-1.8102184534072876,-1.7931643724441528,7.0407304763793945,-10.560935020446777,1.4561206102371216,-11.790620803833008,-4.516157627105713,common_voice_ko_36880140.mp3,twenties,male_masculine,1,1
3.6360090702947847,0.07949654160031847,0.05349401397428063,2026.660331270394,1175.6370622102827,2299.3696766297808,589.0429795704862,4185.464924611863,2320.4970633439534,-358.96783447265625,102.98564147949219,10.590911865234375,22.354854583740234,9.104629516601562,10.158255577087402,-2.9347426891326904,0.9585787057876587,5.7249531745910645,-6.541199207305908,-3.736137628555298,-8.046194076538086,-6.141812324523926,common_voice_ko_36880142.mp3,twenties,male_masculine,1,1
4.68,0.09723565129950495,0.096469037305259,2149.1428219722366,1390.1277942342206,2277.216585966838,690.6485998380293,4286.706422107054,2678.3269033656316,-328.3604431152344,100.63639831542969,7.6782050132751465,23.072778701782227,3.2502541542053223,4.385305404663086,-0.19568954408168793,-1.7525604963302612,7.433537483215332,-11.892614364624023,-0.9626164436340332,-11.386617660522461,-4.697269916534424,common_voice_ko_36880148.mp3,twenties,male_masculine,1,1
7.056009070294785,0.10097945363898027,0.0995494617046941,2095.9350954452816,1399.1989882583052,2184.613455348485,667.16991088674,3971.423902009663,2686.6416314274934,-315.37493896484375,94.16671752929688,9.22520637512207,25.749980926513672,2.2757046222686768,1.6144434213638306,0.16632898151874542,0.6058349609375,3.1208736896514893,-10.444587707519531,0.20424391329288483,-13.263175964355469,-5.9011616706848145,common_voice_ko_36880149.mp3,twenties,male_masculine,1,1
5.04,0.10802438718463303,0.09796965298004012,2277.444056929116,1545.408919934406,2340.9325333007196,744.2799372834985,4541.0364553469035,2774.1707895962063,-370.8673095703125,99.88326263427734,11.54921817779541,18.92243003845215,6.397896766662598,4.425829887390137,7.195403099060059,1.1289645433425903,1.7573051452636719,-9.460185050964355,-3.182715654373169,-10.268142700195312,-1.2451684474945068,common_voice_ko_36880150.mp3,twenties,male_masculine,1,1
3.06,0.12475216027462122,0.12118236914216436,2627.749707248102,1864.9211071420825,2430.932619278574,613.3677323192491,4988.117564808239,2903.595717937422,-386.8979187011719,75.77491760253906,21.20527458190918,20.670866012573242,5.240288734436035,7.248527526855469,-2.5628368854522705,-2.1891751289367676,4.2657294273376465,-8.722951889038086,-7.616581439971924,-7.502578258514404,-4.696849346160889,common_voice_ko_36880151.mp3,twenties,male_masculine,1,1
2.736009070294785,0.09190032441737288,0.07577009081746726,2371.406193351936,1381.2707246845218,2440.5994988423013,578.3597360898493,4757.013042902542,2323.284013801896,-388.6181335449219,82.2968978881836,10.630544662475586,24.0289363861084,0.35541269183158875,4.17280912399292,3.236315965652466,4.628274917602539,3.7092337608337402,-11.247464179992676,-3.0815277099609375,-6.335599422454834,-4.321279048919678,common_voice_ko_36880152.mp3,twenties,male_masculine,1,1
6.12,0.1002511689157197,0.09272546774786894,2185.366098624865,1465.9838150927037,2271.4991095708383,673.2877657434319,4249.0964022549715,2673.8080611382584,-371.6999816894531,91.88622283935547,6.648087978363037,23.16311264038086,13.202220916748047,5.033895015716553,2.3111579418182373,-0.7669393420219421,0.9444494247436523,-6.719998836517334,-2.9672884941101074,-12.617000579833984,-4.763319969177246,common_voice_ko_36880159.mp3,twenties,male_masculine,1,1
6.12,0.09257183652935606,0.09838056654699393,2042.8734182002302,1419.2766221360414,2187.45353428394,650.4672412773502,3919.1653164950285,2620.0498277521147,-347.12078857421875,109.63672637939453,5.081428527832031,16.10866928100586,4.835743427276611,5.337784767150879,0.964387834072113,-0.19193406403064728,6.907535552978516,-7.875946044921875,-2.9331424236297607,-11.766743659973145,-2.0098624229431152,common_voice_ko_36880160.mp3,twenties,male_masculine,1,1
4.3560090702947845,0.11532008394281915,0.10000291479868728,2464.678344742577,1517.7515224508616,2394.8311315666706,598.2765148850642,4755.917163605385,2734.1671792463485,-357.25689697265625,86.15133666992188,14.106294631958008,22.97911262512207,11.123495101928711,3.33671236038208,-3.6325671672821045,0.47205838561058044,3.219094753265381,-3.9128940105438232,-5.090307712554932,-12.547456741333008,-2.712787389755249,common_voice_ko_36880161.mp3,twenties,male_masculine,1,1
4.14,0.12081823935055866,0.10805711827845556,2457.156130751552,1598.8554984516993,2380.283839452267,582.6247569617153,4690.5692159130585,2633.2039039661568,-357.20751953125,85.33695983886719,9.813794136047363,18.887027740478516,5.367938995361328,3.657050371170044,0.9875208735466003,-0.2209826409816742,3.094843626022339,-6.069175720214844,-2.7108170986175537,-11.06191349029541,-3.279379367828369,common_voice_ko_36880162.mp3,twenties,male_masculine,1,1
8.316009070294784,0.09551814937325906,0.10754259303672281,2056.1853356877896,1520.7303650353415,2227.282872534934,625.188632022068,3902.968042740251,2728.631851170923,-340.7589111328125,107.45455932617188,16.102725982666016,18.46296501159668,6.319324493408203,3.6755387783050537,0.263449490070343,-0.4959353804588318,7.848178386688232,-9.158388137817383,0.12702980637550354,-9.401496887207031,-2.322506904602051,common_voice_ko_36880167.mp3,twenties,male_masculine,1,1
3.9960090702947846,0.11453158869219653,0.1060715940759306,2382.569974233249,1603.7390731720131,2357.143993165624,626.685310760225,4459.053383535043,2836.041802165432,-364.3986511230469,88.3500747680664,14.028313636779785,19.1967830657959,3.66129732131958,1.5225048065185547,2.6502268314361572,2.6549837589263916,2.8274240493774414,-9.354300498962402,-4.239490032196045,-10.35944938659668,-1.1832395792007446,common_voice_ko_36880168.mp3,twenties,male_masculine,1,1
5.4,0.1365343347639485,0.13201154576971366,2640.440107766933,1767.631438872105,2440.75369507691,651.1152892006427,5050.183053078058,2907.9286162921135,-360.20166015625,76.94993591308594,15.401972770690918,22.688535690307617,4.65070915222168,3.59625244140625,3.550011157989502,0.2521190047264099,2.466087579727173,-8.874398231506348,-1.2133687734603882,-12.576186180114746,-4.775748252868652,common_voice_ko_36880169.mp3,twenties,male_masculine,1,1
8.136009070294785,0.09405882745726496,0.08540994288773374,2148.5835532390483,1317.3935030715004,2283.5988349650975,604.3306453048361,4218.943434495192,2468.698771045724,-339.8577880859375,94.85862731933594,10.486741065979004,26.050800323486328,12.329567909240723,1.8656107187271118,-2.8040900230407715,2.030367136001587,3.674060344696045,-6.083991527557373,-2.4756851196289062,-12.15903091430664,0.013432559557259083,common_voice_ko_36880170.mp3,twenties,male_masculine,1,1
5.076009070294784,0.11686197916666667,0.12184456985527568,2435.147715994587,1651.7390878818862,2372.136888534245,650.1283453399436,4640.454436001713,2834.5821693669773,-320.50799560546875,86.78062438964844,8.000972747802734,18.995040893554688,7.893474578857422,3.5144689083099365,3.3767037391662598,-1.9804106950759888,3.614542007446289,-6.001335620880127,-3.054661750793457,-14.049142837524414,-0.06961589306592941,common_voice_ko_36880174.mp3,twenties,male_masculine,1,1
4.968027210884354,0.08474874050817757,0.0854892665777421,2098.068301571029,1379.7374893957585,2334.557117653108,612.3476685249084,4180.208523474007,2520.9906507779165,-343.6253967285156,99.99807739257812,13.912062644958496,23.833194732666016,6.065164566040039,-1.6220378875732422,3.652740240097046,-0.5000961422920227,1.5080474615097046,-4.773108959197998,-2.908160924911499,-12.976085662841797,-0.0877833142876625,common_voice_ko_36880175.mp3,twenties,male_masculine,1,1
6.3,0.11617503446691177,0.10136521510294644,2328.8971368104203,1468.0220651505367,2284.798225567217,607.1448614296542,4491.929087919348,2605.111824328063,-346.0218811035156,91.24839782714844,3.4708046913146973,20.849319458007812,3.384798049926758,3.831718921661377,1.7464011907577515,-3.5403501987457275,4.252820014953613,-7.331310749053955,-2.8844504356384277,-10.994789123535156,0.2953522503376007,common_voice_ko_36880176.mp3,twenties,male_masculine,1,1
6.948027210884354,0.1071240234375,0.07576757023095367,2378.904989580224,1320.9815526354553,2390.095423729462,558.2244800292741,4777.535888671875,2434.3498191453127,-333.069580078125,83.95401000976562,2.9675498008728027,27.324909210205078,11.549413681030273,5.922867774963379,-1.9281103610992432,-2.1070396900177,0.14846181869506836,-3.5068042278289795,-2.8509328365325928,-11.584659576416016,-2.548919200897217,common_voice_ko_36880177.mp3,twenties,male_masculine,1,1
5.796009070294785,0.095349609375,0.09672251831010341,2081.5923722505504,1362.0037087756589,2225.3261637009764,516.3940147679125,4041.69609375,2316.643189226378,-332.96295166015625,100.00273132324219,10.505828857421875,24.13222312927246,6.889955043792725,8.657732009887695,0.29111143946647644,4.40077543258667,0.3136661946773529,-6.257412910461426,-4.430054187774658,-10.216440200805664,-2.076493740081787,common_voice_ko_36880178.mp3,twenties,male_masculine,1,1
6.12,0.12214799360795454,0.1329671103226989,2409.870220772618,1641.1600714685515,2334.9781271078837,670.8655647980979,4666.424560546875,2722.8025740445614,-325.67822265625,83.2657699584961,7.291457653045654,33.37294387817383,16.432601928710938,-1.11095130443573,1.033329725265503,-2.53654408454895,1.857068419456482,-5.782052516937256,0.16920003294944763,-15.219135284423828,-1.758386492729187,common_voice_ko_36880180.mp3,twenties,male_masculine,1,1
2.5560090702947846,0.12841356981981983,0.11136065873722438,2883.2281327354826,1621.5725936483475,2719.5754359613543,606.9774577599622,5947.237911739865,2562.0020367100346,-489.7342834472656,48.029380798339844,25.288970947265625,29.07362174987793,12.052495002746582,4.028925895690918,4.681274890899658,-0.0050328574143350124,2.1653475761413574,-4.726419925689697,-8.853569984436035,-7.351702690124512,-6.274967193603516,common_voice_ko_36880181.mp3,twenties,male_masculine,1,1
5.796009070294785,0.104169921875,0.10334945804138262,2233.0789994646807,1375.488364313655,2308.280110515583,574.4004780950336,4416.15849609375,2457.258868602632,-346.7533874511719,91.27590942382812,4.956318378448486,30.85426902770996,15.372142791748047,3.1502249240875244,-0.42543846368789673,-0.45998668670654297,9.599164009094238,-8.200927734375,-6.149430751800537,-12.996607780456543,-1.4536817073822021,common_voice_ko_36880182.mp3,twenties,male_masculine,1,1
3.06,0.11067708333333333,0.11562918369848268,2683.4406062688017,1525.7965551453533,2599.232723257344,508.8544775387424,5442.598655007102,2287.9515772380314,-398.3405456542969,60.36587905883789,16.35637855529785,30.008174896240234,12.957035064697266,5.122725963592529,0.6020848751068115,1.0307343006134033,0.8908249735832214,-3.9476327896118164,-5.023459434509277,-11.496533393859863,-2.4825327396392822,common_voice_ko_36880183.mp3,twenties,male_masculine,1,1
4.608027210884353,0.09492285646984924,0.07684809957218014,2272.3267208525335,1315.2243026623153,2404.820078291742,598.7801649549643,4503.685664651382,2549.0614735996983,-373.1965026855469,89.4742431640625,6.693836688995361,24.24256134033203,10.125150680541992,2.699911594390869,7.540796756744385,1.156638503074646,2.984576463699341,-8.966792106628418,-2.188645839691162,-10.257196426391602,-1.4794436693191528,common_voice_ko_36880184.mp3,twenties,male_masculine,1,1
5.328027210884354,0.09367781929347826,0.0818212690891024,2142.903632890505,1265.50465314518,2300.072171903436,627.0998185616435,4343.761994735054,2453.5473084982664,-352.11773681640625,95.83123779296875,1.3942265510559082,17.40186882019043,3.0587594509124756,2.0042765140533447,3.596709966659546,2.336545705795288,1.344340205192566,-9.544092178344727,2.019789695739746,-11.325048446655273,-2.7151939868927,common_voice_ko_36880185.mp3,twenties,male_masculine,1,1
5.4360090702947845,0.12850315824468084,0.12426296973572998,2505.2422990577447,1716.404115465135,2360.7634374265604,657.5594113919238,4765.93926612367,2858.8800632933167,-371.218017578125,88.29048919677734,9.68776798248291,19.98118019104004,6.470351696014404,6.930224418640137,0.8860690593719482,3.9254417419433594,1.9737753868103027,-6.102967739105225,-3.353454828262329,-8.448944091796875,-0.7382752895355225,common_voice_ko_36880186.mp3,twenties,male_masculine,1,1
5.076009070294784,0.102066388413242,0.09550743027793632,2167.1130589964037,1486.8041702053617,2212.613290247944,696.6887954867112,4091.7018942636987,2768.2141020180393,-363.9588623046875,101.65261840820312,7.497644424438477,19.70127296447754,1.4516814947128296,0.7321727275848389,4.385390281677246,0.9501379132270813,3.2999625205993652,-9.73630142211914,-2.1251158714294434,-13.682360649108887,-1.0944454669952393,common_voice_ko_36880187.mp3,twenties,male_masculine,1,1
5.328027210884354,0.10576808763586956,0.10443050697680378,2245.5031899317223,1440.5836740520997,2347.6690800053534,533.0744880807025,4375.453252377717,2421.428723255993,-351.6573791503906,88.14862060546875,12.401002883911133,26.419090270996094,10.808380126953125,5.412484645843506,2.739884614944458,0.6778287887573242,1.8330727815628052,-7.191041946411133,-5.6726393699646,-12.873538970947266,-3.0590734481811523,common_voice_ko_36880188.mp3,twenties,male_masculine,1,1
5.076009070294784,0.1103136593892694,0.11388766083670798,2242.664420095702,1576.9065940154862,2337.5212036887333,666.3802731099636,4388.938757491438,2876.494176585702,-364.9335632324219,95.40790557861328,12.326401710510254,19.60898780822754,10.896770477294922,6.1178879737854,4.206223487854004,-2.44903564453125,0.3021250069141388,-6.1600470542907715,-3.293242931365967,-11.322919845581055,-3.777059555053711,common_voice_ko_36880189.mp3,twenties,male_masculine,1,1
3.8160090702947844,0.09105113636363636,0.07325774305369413,2139.224176173335,1377.499604610003,2293.274106824215,627.4389162789165,4135.484286221591,2429.5915073176293,-386.3460693359375,102.02381896972656,13.904213905334473,24.957067489624023,5.390867710113525,0.17376236617565155,4.743287086486816,4.349888801574707,0.3438393473625183,-7.035694122314453,-2.855764389038086,-15.017382621765137,-1.3770854473114014,common_voice_ko_36880190.mp3,twenties,male_masculine,1,1
5.868027210884354,0.09161738821640317,0.07523877938978214,2078.610964228454,1305.1534134914032,2231.292354148122,649.9119276050906,4067.434825067935,2386.0380397629046,-358.3733215332031,95.32642364501953,11.586565017700195,29.851633071899414,11.305269241333008,4.93628454208374,1.0427254438400269,-1.6892855167388916,3.7483747005462646,-5.584885120391846,-4.308622360229492,-12.981818199157715,-3.470817804336548,common_voice_ko_36880191.mp3,twenties,male_masculine,1,1
4.608027210884353,0.08381016410175879,0.07086839143324809,2088.4481122739476,1191.416073788025,2308.0235190124095,610.3772033210626,4316.974398358982,2208.848969992399,-361.7729187011719,93.6220932006836,10.20435905456543,31.96344566345215,10.657355308532715,4.608083724975586,3.526740789413452,0.043038833886384964,3.0793960094451904,-6.990118026733398,-6.329408168792725,-13.972970008850098,-1.8323664665222168,common_voice_ko_36880192.mp3,twenties,male_masculine,1,1
5.328027210884354,0.09787916100543478,0.07728711872567681,2203.8382248391963,1318.7454638535698,2355.929790156133,590.4142273025286,4455.875084918478,2337.4944503676425,-355.9547424316406,92.83649444580078,7.3921895027160645,26.802810668945312,6.199045181274414,3.8733537197113037,5.728312015533447,-2.067909002304077,4.631875514984131,-9.016179084777832,-5.462238311767578,-12.204141616821289,-1.7506176233291626,common_voice_ko_36880193.mp3,twenties,male_masculine,1,1
6.66,0.0911333569250871,0.07798680452538198,2064.9321690360134,1294.3028914824795,2328.674278049171,644.419149360351,4129.460627858231,2465.7942131704112,-345.3990173339844,99.7507095336914,9.26856803894043,24.67095184326172,11.378143310546875,3.3289902210235596,2.5057168006896973,-0.4451063275337219,5.209714889526367,-8.993467330932617,-4.193737030029297,-14.239069938659668,-3.1301064491271973,common_voice_ko_36880194.mp3,twenties,male_masculine,1,1
5.22,0.09719401041666667,0.07000247648187827,2209.5057884479056,1330.0599950408816,2353.17356105087,715.3146198346119,4675.958984375,2697.8191830472206,-364.771728515625,104.13861846923828,8.23617935180664,21.684951782226562,4.7468719482421875,4.2597784996032715,5.283007621765137,-0.3984537720680237,3.437675714492798,-8.806547164916992,-5.097253799438477,-10.848823547363281,-2.625704765319824,common_voice_ko_36880195.mp3,twenties,male_masculine,1,1
5.328027210884354,0.1157820991847826,0.1012957413781874,2438.6019635575576,1491.4190265625723,2451.587485378267,614.6682694025926,4883.777280061141,2649.815539188956,-353.1778259277344,82.36261749267578,14.305561065673828,32.670223236083984,11.937285423278809,3.2630460262298584,3.9825165271759033,-2.381321907043457,4.452539920806885,-4.7768168449401855,-5.415838718414307,-13.484137535095215,-1.9415477514266968,common_voice_ko_36880196.mp3,twenties,male_masculine,1,1
3.9960090702947846,0.10818393244219653,0.10065027537877917,2409.840004986043,1575.358547820183,2451.6252685722707,561.6441875931499,4551.347430455202,2626.1329437662616,-364.7868347167969,85.1172866821289,13.060037612915039,14.901460647583008,10.520742416381836,4.069366455078125,0.055998168885707855,-0.5529624819755554,2.7176125049591064,-6.055192947387695,-2.5359320640563965,-12.650557518005371,-5.134364604949951,common_voice_ko_36880197.mp3,twenties,male_masculine,1,1
3.9960090702947846,0.12548828125,0.10342791928683105,2590.6984594328583,1437.389006066637,2502.9037060914543,579.9564624408566,5053.145744897038,2528.2467394851533,-344.62646484375,73.90462493896484,4.035919189453125,29.846256256103516,13.996467590332031,3.3268754482269287,2.8670308589935303,-3.4033966064453125,6.061493873596191,-8.5470552444458,-5.540292739868164,-13.444482803344727,-0.9521027207374573,common_voice_ko_36880198.mp3,twenties,male_masculine,1,1
5.4,0.10132778969957082,0.12378576923205388,2059.784060510286,1406.85735214667,2252.467651560883,581.1493877665893,4016.774137439646,2513.769160404278,-317.26507568359375,106.35514831542969,13.75374984741211,25.98311996459961,6.567464828491211,4.513587474822998,5.163504600524902,-1.4847729206085205,4.893243789672852,-5.288966178894043,-5.457201957702637,-15.266545295715332,0.08272437751293182,common_voice_ko_36880200.mp3,twenties,male_masculine,1,1
5.148027210884353,0.08556579039977477,0.07203255426597208,2015.7849563486805,1271.362685952777,2255.792279186587,664.2518053146908,4077.0986196157096,2410.2196346282562,-367.88604736328125,111.23116302490234,5.878973484039307,16.936527252197266,7.623229026794434,1.984381914138794,2.6019318103790283,-4.421464443206787,4.648079872131348,-7.57106351852417,1.1838465929031372,-10.96757984161377,1.2945846319198608,common_voice_ko_36880201.mp3,twenties,male_masculine,1,1
3.8160090702947844,0.11215968276515151,0.10982708952806883,2446.4672151050927,1539.6330999503039,2559.2495158690263,547.3369049671295,4837.336203835227,2535.7830276312197,-391.1838684082031,72.96468353271484,16.33881378173828,23.02787971496582,4.006722927093506,2.987586736679077,7.600407123565674,0.06248816102743149,1.9253559112548828,-8.835433959960938,-1.328885793685913,-10.83085823059082,-0.9541814923286438,common_voice_ko_36880202.mp3,twenties,male_masculine,1,1
4.248027210884354,0.08166570611338798,0.06665164835501323,2087.0016503811853,1208.8506144023472,2392.5432759875184,700.9573067070395,4403.775374615779,2648.866409358355,-366.2030944824219,103.81635284423828,17.70368766784668,14.394805908203125,6.075479030609131,4.592541694641113,0.23445971310138702,1.5168811082839966,2.79386043548584,-6.326960563659668,-4.621174335479736,-12.96186637878418,-0.040907394140958786,common_voice_ko_36880204.mp3,twenties,male_masculine,1,1
5.94,0.12182044982910156,0.11209233136516553,2358.231112295758,1440.767596641025,2373.471503327123,639.7197759947728,4661.517906188965,2597.8820408808833,-328.0708923339844,90.39828491210938,3.5397214889526367,29.602359771728516,10.404291152954102,-1.3326334953308105,2.497689723968506,-5.032777786254883,3.705075740814209,-11.101936340332031,-5.234112739562988,-15.717926979064941,0.8908546566963196,common_voice_ko_36880206.mp3,twenties,male_masculine,1,1
9.288027210884353,0.1311065597724439,0.11621784989944872,2558.965771290754,1758.3896260315728,2294.7210211648476,625.8547755456428,4763.778176628741,2888.010172936667,-319.6708068847656,83.2585220336914,6.151084899902344,22.172439575195312,8.179309844970703,3.638425827026367,-0.753105640411377,0.22037343680858612,3.198984384536743,-7.279260158538818,-2.858706474304199,-13.10978889465332,0.8485040664672852,common_voice_ko_36880207.mp3,twenties,male_masculine,1,1
4.968027210884354,0.09830196772780374,0.09363814691203805,2146.515886579631,1416.521272095557,2287.05023524019,610.1873354734387,4220.356878833236,2586.2701095037264,-344.6936950683594,99.56539916992188,9.863496780395508,18.614168167114258,9.923820495605469,3.5039377212524414,2.992784261703491,1.4779081344604492,2.5995934009552,-7.230946063995361,-3.6110384464263916,-13.072290420532227,-0.4022996127605438,common_voice_ko_36880208.mp3,twenties,male_masculine,1,1
5.58,0.1089576309647303,0.11156296249007204,2244.22318645895,1456.535638988293,2434.231239642993,604.7091551651264,4578.530820474585,2748.3686175677667,-329.5184631347656,91.88375854492188,15.424460411071777,20.502079010009766,8.516968727111816,3.9021191596984863,3.8368759155273438,-1.6923003196716309,3.6250078678131104,-8.353375434875488,-5.059492111206055,-12.414706230163574,1.4105297327041626,common_voice_ko_36880209.mp3,twenties,male_masculine,1,1
3.42,0.12618111275337837,0.12344928223901816,2417.434899939833,1696.5059479901042,2433.809413170592,699.042595663009,4700.494549725507,2988.700040403552,-355.05462646484375,78.85311889648438,18.744611740112305,21.920696258544922,4.001486778259277,3.816398859024048,5.308755874633789,1.4400657415390015,0.6726670265197754,-10.294561386108398,-6.278054237365723,-12.676933288574219,-3.295149803161621,common_voice_ko_36880210.mp3,twenties,male_masculine,1,1
7.128027210884354,0.11794775549674268,0.10538391814988163,2228.6797145257933,1388.482099129913,2276.170613874989,636.9920301021247,4248.073118129072,2614.373130856903,-343.6116943359375,93.70329284667969,5.38657283782959,25.809091567993164,9.022150993347168,2.491636276245117,3.020751476287842,-3.9046313762664795,6.9227752685546875,-8.57909870147705,-5.999455451965332,-13.78427791595459,-1.7599178552627563,common_voice_ko_36880211.mp3,twenties,male_masculine,1,1
4.5,0.09516450547680412,0.07068273452150468,2238.4110817073015,1371.1295826346643,2426.697260645719,718.3476604608779,4656.666171673647,2679.2426960868183,-393.0728759765625,104.00027465820312,8.143259048461914,20.53526496887207,7.664526462554932,1.5297542810440063,5.326900005340576,-3.9841771125793457,5.801079273223877,-10.122583389282227,-5.419650077819824,-10.36699390411377,-3.906853437423706,common_voice_ko_36880213.mp3,twenties,male_masculine,1,1
7.92,0.11695335343567251,0.0951425565300656,2355.4859332291744,1424.7236326232348,2337.3024974492464,638.0678500291099,4591.829641241777,2730.3325153563583,-323.940673828125,91.36504364013672,1.7530491352081299,24.020065307617188,8.660820007324219,4.501946926116943,5.9614458084106445,-4.787516117095947,7.168563365936279,-9.291924476623535,-3.147944927215576,-12.313545227050781,0.03645824268460274,common_voice_ko_36880214.mp3,twenties,male_masculine,1,1
5.976009070294785,0.1043483527131783,0.09188759071408237,2143.4220846258463,1378.9887575133137,2200.9173391713957,757.9518620605139,4238.243493368459,2587.515266952889,-328.1256103515625,102.99217224121094,-0.13610698282718658,24.032432556152344,9.346606254577637,0.8597725033760071,5.005207061767578,-2.4507193565368652,-0.4128020405769348,-8.301948547363281,-1.0693145990371704,-11.150498390197754,-0.07427440583705902,common_voice_ko_36880215.mp3,twenties,male_masculine,1,1
4.5,0.10728847857603092,0.09648849597992845,2242.6574525078495,1452.7068004784232,2355.315767781593,703.1733199069796,4486.231978898196,2620.2817949961345,-307.5169677734375,90.95145416259766,3.544816493988037,11.63315486907959,14.571439743041992,5.493711471557617,0.2513166666030884,-6.384559631347656,-1.599265456199646,-2.285166025161743,0.0037616847548633814,-10.40583324432373,-1.7488620281219482,common_voice_ko_36880216.mp3,twenties,male_masculine,1,1
6.3,0.08484963809742647,0.07590996472527883,2018.5896110522608,1369.7670977788052,2241.4993456888164,719.7942648935458,3974.340551039752,2647.536109689184,-351.4147033691406,103.5599594116211,10.886536598205566,21.44819450378418,5.819232940673828,0.28953665494918823,4.727845191955566,-3.558293342590332,-1.0825080871582031,-4.436441898345947,1.1649937629699707,-13.237151145935059,-1.9091464281082153,common_voice_ko_36880217.mp3,twenties,male_masculine,1,1
7.02,0.10903014129537954,0.10413405228766481,2261.302401998886,1511.9085541868694,2276.3674383017387,659.3814613425335,4391.636370668317,2754.2948772166988,-322.1959533691406,94.41463470458984,6.392085075378418,21.082544326782227,8.86825942993164,1.3886098861694336,1.302769660949707,-3.34477162361145,0.9418492913246155,-3.840120553970337,-2.4946532249450684,-10.002212524414062,-0.5730831623077393,common_voice_ko_36880218.mp3,twenties,male_masculine,1,1
4.788027210884354,0.1271701388888889,0.13167946670480504,2277.374411332399,1573.2955678888661,2187.120011069782,623.8306002933264,4270.387865149457,2682.9055736943533,-340.28118896484375,92.23037719726562,5.450870990753174,24.84592628479004,6.839861869812012,4.37666130065918,2.096473217010498,-9.178322792053223,2.843461513519287,-9.803086280822754,-4.129969120025635,-10.910078048706055,-0.6366836428642273,common_voice_ko_36880220.mp3,twenties,male_masculine,1,1
6.48,0.10279017857142857,0.08869949373002853,2211.3318211214255,1285.7533485347021,2333.971868844578,601.7276822295573,4506.207275390625,2406.9270099375417,-351.9573059082031,91.56643676757812,2.6769087314605713,24.235424041748047,9.078618049621582,4.221996784210205,4.2318854331970215,-3.7214393615722656,-1.2020924091339111,-8.005961418151855,-3.002885103225708,-11.880836486816406,-0.239735409617424,common_voice_ko_36880221.mp3,twenties,male_masculine,1,1
2.5560090702947846,0.11049232826576577,0.11033521882394776,2641.2565281514885,1352.692367631581,2838.1320778597487,507.6322922256422,5718.714368665541,2397.762500713601,-494.20672607421875,75.49103546142578,21.607872009277344,12.572629928588867,6.253378391265869,6.214316368103027,6.84700345993042,-5.2783050537109375,4.655678749084473,-2.2036349773406982,-3.7703840732574463,-6.228945255279541,-3.2160704135894775,common_voice_ko_36880224.mp3,twenties,male_masculine,1,1
5.328027210884354,0.0887015964673913,0.06775855637942785,2074.738388424844,1183.6640696893458,2311.1021342102963,658.585233286726,4309.730171535326,2334.001845115537,-366.9312744140625,103.77644348144531,8.035713195800781,21.294479370117188,0.8516528606414795,6.393711566925049,9.16125202178955,-6.366988658905029,0.10089061409235,-8.408844947814941,-4.900145530700684,-12.31361198425293,0.056473277509212494,common_voice_ko_36880225.mp3,twenties,male_masculine,1,1
4.248027210884354,0.12292680584016394,0.12283624511513072,2523.6888424356853,1532.0679359504734,2502.794868933919,610.9196086211742,5118.960121029713,2563.5459475207417,-362.178955078125,84.97195434570312,10.683444023132324,20.87445831298828,7.829811096191406,2.8815720081329346,5.243654251098633,-3.9435887336730957,0.48644131422042847,-4.754552841186523,-4.706586837768555,-10.097970962524414,-1.296291470527649,common_voice_ko_36880226.mp3,twenties,male_masculine,1,1
3.528027210884354,0.10496440686677631,0.07422877569483757,2414.4288694121265,1288.8113289344683,2570.509253393213,641.1517581314671,4990.107325503701,2573.2444380040524,-413.5772399902344,92.12957763671875,12.411466598510742,14.977993965148926,1.7551088333129883,4.490739822387695,7.737615585327148,-4.551797866821289,1.5533941984176636,-6.871150970458984,0.24843637645244598,-13.115090370178223,-1.0082920789718628,common_voice_ko_36880227.mp3,twenties,male_masculine,1,1
7.848027210884354,0.08992031481139054,0.08411228885304835,2053.711338344691,1345.600693365712,2275.0316646308534,639.7122861699489,4119.212567030326,2446.3110729846235,-348.94091796875,107.37055206298828,9.03068733215332,22.008464813232422,10.191743850708008,2.457036256790161,6.129279613494873,-6.4705729484558105,0.2763978838920593,-5.957296848297119,-4.804062843322754,-11.775418281555176,0.2377065122127533,common_voice_ko_36880228.mp3,twenties,male_masculine,1,1
5.508027210884354,0.1177229680934874,0.11102637703758744,2445.5441159401275,1495.5856229061253,2382.4958148482433,575.2754569720992,4739.068962545956,2514.399478629022,-329.86865234375,85.62612915039062,7.436279296875,20.95059585571289,7.5244364738464355,9.187421798706055,5.550253868103027,-1.3022117614746094,-2.490283966064453,-8.673872947692871,-1.9620853662490845,-11.632890701293945,-0.5790764093399048,common_voice_ko_36880229.mp3,twenties,male_masculine,1,1
3.4560090702947845,0.11112822462248322,0.09569359453784335,2379.248561892666,1603.7262943781009,2343.986762526791,648.7702114513696,4687.301410444631,2693.1659805782215,-383.8435363769531,85.21809387207031,18.757028579711914,28.59005355834961,0.06473034620285034,4.009852409362793,11.584246635437012,2.2518491744995117,-1.578059434890747,-7.004266738891602,-6.959091663360596,-8.982934951782227,3.3846964836120605,common_voice_ko_36880230.mp3,twenties,male_masculine,1,1
5.328027210884354,0.10763841711956522,0.11395229978004828,2365.2860278540506,1666.0541352451735,2347.265322323361,686.0168950597329,4610.726902173913,2764.736695063387,-348.9245910644531,93.03282928466797,12.098450660705566,25.95920181274414,3.4224789142608643,3.842806816101074,11.743091583251953,-4.623060703277588,-3.409809112548828,-8.247339248657227,-5.05635404586792,-13.570755958557129,1.7906020879745483,common_voice_ko_36880232.mp3,twenties,male_masculine,1,1
7.056009070294785,0.1113634611430921,0.10767137822243998,2360.770211759733,1549.5264158858336,2343.9881936847746,709.8688900435221,4672.3509135999175,2792.5697287496932,-345.56134033203125,94.93414306640625,5.8720831871032715,24.594806671142578,7.2820844650268555,3.2819056510925293,10.645484924316406,-8.00378704071045,-3.2604188919067383,-10.556371688842773,-2.519219160079956,-12.054824829101562,-3.615652322769165,common_voice_ko_36880233.mp3,twenties,male_masculine,1,1
5.6880272108843535,0.09697265625,0.08580549246751441,2138.303868137079,1447.0733216656945,2281.294142905893,686.0968734822014,4250.0830078125,2701.9364670188556,-373.7336120605469,106.07970428466797,17.663536071777344,17.80208969116211,-0.19818289577960968,4.339126110076904,8.159459114074707,-1.5076109170913696,1.1410250663757324,-10.390979766845703,-7.427031993865967,-12.30318832397461,-0.5686450600624084,common_voice_ko_36880234.mp3,twenties,male_masculine,1,1
4.8960090702947845,0.1026455124407583,0.08234615209499134,2171.5675617136335,1330.2423641147407,2221.128804518146,692.3582852475473,4272.707970786434,2610.2645368094654,-341.3963928222656,104.97000885009766,0.1376335471868515,16.784278869628906,-3.4318177700042725,5.640844821929932,10.4439058303833,-3.6111013889312744,-1.216324806213379,-14.876309394836426,-2.988567352294922,-13.113645553588867,0.31174197793006897,common_voice_ko_36880235.mp3,twenties,male_masculine,1,1
5.58,0.11033535399377593,0.09440520875018138,2204.955831150001,1455.6264948066153,2208.740479156661,624.40757556515,4176.458562953838,2539.315041620857,-357.9510498046875,94.92529296875,13.01817798614502,30.509605407714844,4.975783348083496,6.9607086181640625,11.174734115600586,-4.325122833251953,0.6040025353431702,-10.735657691955566,-9.92476749420166,-11.27487850189209,-1.251399040222168,common_voice_ko_36880236.mp3,twenties,male_masculine,1,1
5.6880272108843535,0.09351682079081633,0.10083107160382072,2050.57801343437,1462.7729500819871,2191.0745251707135,722.9324238028898,4109.677734375,2762.632091419392,-360.8291320800781,108.90032958984375,11.958612442016602,29.17905044555664,6.278334617614746,4.559179306030273,9.793087005615234,-3.7612504959106445,-0.12579607963562012,-11.141958236694336,-4.548454761505127,-15.616148948669434,-3.632927656173706,common_voice_ko_36880238.mp3,twenties,male_masculine,1,1
4.608027210884353,0.09535470320351759,0.08598021032502724,2207.4298747011544,1456.4085935563537,2303.9406401283777,707.9635406278106,4309.670422424623,2791.0046107554704,-374.2964172363281,101.6911392211914,14.092719078063965,23.993310928344727,4.4920125007629395,5.806640625,8.785463333129883,-6.628565788269043,-1.5137825012207031,-10.359251976013184,-4.4300537109375,-13.573662757873535,-3.7932522296905518,common_voice_ko_36880239.mp3,twenties,male_masculine,1,1
5.976009070294785,0.09112312257751938,0.08006969327566858,2036.0854729313346,1285.6760077226431,2152.8693529367824,648.8988088447504,4017.9872024890988,2471.84817118694,-350.0433044433594,110.80913543701172,4.980532169342041,27.287670135498047,1.8039685487747192,0.6783080697059631,10.995346069335938,-4.610233783721924,0.38347867131233215,-10.184754371643066,-2.573612928390503,-13.988167762756348,-3.64573073387146,common_voice_ko_36880240.mp3,twenties,male_masculine,1,1
4.68,0.08302231590346534,0.0617070442549506,1974.444364783392,1153.0004695208418,2179.1506787940802,638.2942742172083,3893.0325649752476,2190.3672049756383,-370.586669921875,109.41746520996094,0.9701219201087952,27.34963035583496,9.065047264099121,5.467155933380127,7.002208232879639,-6.520968437194824,1.2946043014526367,-7.664322376251221,-2.8834919929504395,-17.539400100708008,-2.586918354034424,common_voice_ko_36880241.mp3,twenties,male_masculine,1,1
4.428027210884354,0.07819913694371727,0.052215115689939626,1947.3122398168975,1131.043741844939,2167.496284875347,656.5567836695539,3881.388048102094,2358.712962970831,-342.75,118.53096008300781,1.1810280084609985,18.059494018554688,1.7878693342208862,5.143089294433594,8.000012397766113,-5.343790531158447,0.42161232233047485,-12.75941276550293,-4.877148151397705,-14.172547340393066,-3.0803420543670654,common_voice_ko_36880242.mp3,twenties,male_masculine,1,1
7.02,0.0803246828589109,0.06613779575582002,1914.549960285071,1279.8243932878645,2130.523796631066,703.7605399228755,3763.549079517327,2498.995775600893,-362.9979248046875,112.29130554199219,7.762938499450684,25.17261505126953,4.2039475440979,1.5787726640701294,9.597393989562988,-1.4098081588745117,-3.691730499267578,-8.935696601867676,-4.998725414276123,-11.945618629455566,-4.0178961753845215,common_voice_ko_36880248.mp3,twenties,male_masculine,1,1
3.6,0.13120367588141027,0.12434927237371254,2609.0108342195567,1594.6129133204417,2443.59791457795,653.5640335186155,5164.034799429087,2582.5386712225845,-401.8408508300781,73.0962142944336,14.419912338256836,32.390342712402344,3.36564040184021,3.862443208694458,9.820099830627441,-5.152261734008789,1.1048318147659302,-8.455911636352539,-6.52284574508667,-13.850078582763672,-3.753265380859375,common_voice_ko_36880249.mp3,twenties,male_masculine,1,1
6.12,0.12574166962594696,0.09489731041008509,2499.8468995787625,1317.1647579479602,2389.5909429299363,509.3991092138079,4852.3523504083805,2220.490991487957,-346.6365966796875,79.57501983642578,4.484403610229492,31.132205963134766,4.969367027282715,6.827765464782715,4.703678131103516,-10.052342414855957,-0.09629209339618683,-7.887678623199463,-5.844518184661865,-10.384631156921387,-0.9161443114280701,common_voice_ko_36880250.mp3,twenties,male_masculine,1,1
3.3480272108843536,0.09429889547413793,0.07579354028090249,2284.768755868218,1357.1924923257673,2437.457333979018,721.1274654207323,4859.078663793103,2660.8757855521235,-422.538330078125,101.72752380371094,14.68308162689209,20.31438446044922,-2.688443660736084,5.241704940795898,12.320286750793457,-1.190701961517334,-1.07676100730896,-6.61842155456543,-3.4101696014404297,-11.059039115905762,-2.031376600265503,common_voice_ko_36880252.mp3,twenties,male_masculine,1,1
3.708027210884354,0.0875823974609375,0.0655293544654085,2201.6155659792576,1224.3398755225728,2479.0899672655405,563.9247094708006,4437.656707763672,2396.2338718004867,-365.38800048828125,90.04393005371094,17.144113540649414,25.035869598388672,14.25561237335205,7.35943078994751,7.3317718505859375,-5.671135902404785,-3.5901694297790527,-6.217416763305664,-5.9777913093566895,-9.544303894042969,-3.951695203781128,common_voice_ko_36880263.mp3,twenties,male_masculine,1,1
5.256009070294785,0.08798742084251102,0.0693103029133878,1946.2693312905815,1236.8321960973583,2133.1396218784726,662.2016754088809,3852.4513009361235,2448.3428937866,-352.51568603515625,105.42752075195312,3.72654390335083,26.102190017700195,14.87075138092041,6.134227275848389,5.695130825042725,-6.632313251495361,-1.3602629899978638,-10.62858772277832,-8.677445411682129,-12.076031684875488,-3.649812698364258,common_voice_ko_36880264.mp3,twenties,male_masculine,1,1
7.38,0.10381657822327044,0.09221129060105758,2196.6138516423393,1488.6687469206017,2220.499613682808,678.0783545571838,4306.674482237618,2580.8760331382873,-353.56121826171875,104.1067123413086,8.432757377624512,26.042133331298828,7.766804218292236,7.800533294677734,2.714221954345703,-0.43667736649513245,0.030889738351106644,-12.502243041992188,-5.799351692199707,-10.497608184814453,-4.512056350708008,common_voice_ko_36880267.mp3,twenties,male_masculine,1,1
4.068027210884353,0.09303422407670454,0.0784299775448101,2084.844938185406,1388.2527634661567,2316.0307570970385,718.8117238443302,4246.8125776811075,2590.6317245909772,-371.88037109375,104.2880630493164,11.590972900390625,13.65346622467041,8.447918891906738,8.167797088623047,4.061764240264893,-0.8945252895355225,0.9963343143463135,-9.205948829650879,-6.686062812805176,-8.337430000305176,-1.7005970478057861,common_voice_ko_36880273.mp3,twenties,male_masculine,1,1
2.34,0.08174118193069307,0.07131098569948376,2142.0087516867684,1398.1846415428809,2536.741732418209,766.585110695632,4638.699673189975,2631.591657862248,-487.8105773925781,87.37655639648438,32.96189498901367,19.675880432128906,6.222157001495361,7.194308280944824,6.198433876037598,-1.251623511314392,0.14665625989437103,-6.78064489364624,-7.779102802276611,-7.826244831085205,-7.476282119750977,common_voice_ko_36880274.mp3,twenties,male_masculine,1,1
5.76,0.1021605955070281,0.10107673105915636,2141.476806913801,1482.1772450627645,2252.6670196641594,655.0745155803938,4049.0204960466867,2618.8354549252604,-362.5417785644531,91.5731201171875,7.8169403076171875,22.475927352905273,14.471663475036621,4.57127046585083,0.6837109327316284,-0.9205310940742493,0.5478716492652893,-10.966290473937988,-6.180285453796387,-7.683778285980225,-2.576772928237915,common_voice_ko_36880275.mp3,twenties,male_masculine,1,1
2.9880272108843537,0.12481831395348837,0.1215025414821506,2522.391987884871,1689.0476922189714,2459.159475015575,656.9950653298189,4934.942768895349,2765.5334698044567,-350.9472961425781,89.42833709716797,13.06900691986084,16.22850227355957,8.703653335571289,6.587085247039795,4.983926296234131,0.4028301239013672,0.08737750351428986,-7.346126079559326,-6.238208293914795,-6.7885942459106445,-4.265591621398926,common_voice_ko_36880276.mp3,twenties,male_masculine,1,1
4.32,0.13863531918449198,0.1318534645190358,2506.865513684475,1484.4232146944782,2333.40851967789,497.711967377536,4818.601165608289,2257.392997182337,-308.6872253417969,71.57476806640625,2.1428773403167725,33.78999328613281,10.24807071685791,6.220483303070068,-2.93054461479187,-0.9059046506881714,0.4185148775577545,-12.81039047241211,-4.3600873947143555,-14.57843017578125,-2.987513303756714,common_voice_ko_36880278.mp3,twenties,male_masculine,1,1
6.588027210884354,0.0936709121919014,0.0807596767137336,2020.6174700145918,1352.021993868668,2139.2962170970504,679.5711376592267,4030.196756712148,2514.7562505859,-350.0557861328125,110.27496337890625,4.062406063079834,20.54277992248535,4.4112372398376465,10.052370071411133,1.0874582529067993,2.360509157180786,1.0142326354980469,-12.969746589660645,-7.860929012298584,-10.506103515625,-4.314424514770508,common_voice_ko_36880279.mp3,twenties,male_masculine,1,1
7.776009070294784,0.0997128614738806,0.09069544871684149,2043.7918339829687,1235.890341506427,2146.6433003567554,568.312581481815,3988.720557369403,2192.785721122551,-323.5700988769531,96.53866577148438,2.8814549446105957,29.9141902923584,12.43217658996582,8.247980117797852,-0.9865646362304688,-4.255297660827637,2.033245801925659,-11.456289291381836,-9.317021369934082,-10.10974407196045,-1.8671343326568604,common_voice_ko_36880280.mp3,twenties,male_masculine,1,1
6.516009070294785,0.10298390235765124,0.09228171661965542,2209.4685432780425,1353.5773303037324,2261.5730115219462,566.770077414,4274.417450928603,2360.3372585701436,-342.4946594238281,95.70540618896484,3.8720638751983643,23.841615676879883,4.262138366699219,11.088252067565918,2.9264707565307617,-1.6453815698623657,1.2894134521484375,-13.680828094482422,-5.54194450378418,-11.881844520568848,-1.545496940612793,common_voice_ko_36880281.mp3,twenties,male_masculine,1,1
6.048027210884354,0.10483454561781609,0.11290768452831751,2184.691986650181,1522.5370078100884,2216.7551266131513,704.2383423910037,4372.560277478448,2644.324970203865,-349.103759765625,95.66287231445312,10.160698890686035,24.703189849853516,0.49377909302711487,7.8403425216674805,4.586023330688477,3.92522931098938,4.961287975311279,-9.20907211303711,-4.603125095367432,-8.747456550598145,-2.5849087238311768,common_voice_ko_39744720.mp3,twenties,male_masculine,1,1
7.056009070294785,0.09830515008223684,0.10473806947798878,2110.6134492629567,1584.3180629735707,2074.658178003451,817.5176396755174,4094.49607447574,2958.480974404389,-384.3131408691406,103.60358428955078,7.913083553314209,22.964292526245117,0.8742668628692627,9.850427627563477,6.1643967628479,1.1887959241867065,6.597957134246826,-7.269805908203125,-3.1812551021575928,-8.918558120727539,-1.9481395483016968,common_voice_ko_39744721.mp3,twenties,male_masculine,1,1
3.8880272108843537,0.10952613467261904,0.09211545739137329,2499.2758507073804,1423.3422748469097,2431.5508208646506,676.0059325532451,5120.3521728515625,2549.865826968043,-354.10992431640625,79.75640106201172,5.499605655670166,28.469139099121094,8.123393058776855,10.75780200958252,2.3397762775421143,2.608402729034424,4.731638431549072,-6.50155782699585,-3.794661045074463,-11.480238914489746,-3.734860420227051,common_voice_ko_39744723.mp3,twenties,male_masculine,1,1
3.78,0.09406753259202454,0.10152429231941666,2245.445789213508,1499.960948786884,2310.8787624564707,645.9460945468682,4573.295658790261,2507.1376548536023,-352.5428161621094,91.08427429199219,7.673074722290039,27.649885177612305,8.670737266540527,9.565187454223633,2.3619725704193115,-2.697852373123169,5.8338751792907715,-6.480079174041748,-1.3937591314315796,-7.610430717468262,-5.69908332824707,common_voice_ko_39744724.mp3,twenties,male_masculine,1,1
8.856009070294785,0.1097789185209424,0.11934419827224325,2196.45655201722,1452.0295150549325,2161.6801121722647,637.7515317546186,4340.969736788285,2483.4881505588137,-345.74578857421875,89.08672332763672,3.4517464637756348,27.544736862182617,3.0968496799468994,11.892117500305176,6.277458190917969,-2.2356700897216797,6.659475803375244,-3.307436227798462,-0.608244001865387,-8.796426773071289,-6.243297576904297,common_voice_ko_39744743.mp3,twenties,male_masculine,1,1
5.508027210884354,0.10143530068277311,0.08847104343238522,2414.5112849061297,1255.052112300198,2467.8120528115714,696.4475657913675,5120.469037224265,2447.051756359478,-460.8399963378906,76.037109375,6.365553855895996,27.71406364440918,7.963191032409668,9.103416442871094,4.180059432983398,1.4943511486053467,4.531043529510498,-1.2192360162734985,-0.5795630812644958,-9.4789400100708,-3.9129600524902344,common_voice_ko_39744755.mp3,twenties,male_masculine,1,1
4.14,0.0757981625349162,0.07479641795976397,2029.678525454264,1071.4992538033555,2282.120240636561,804.3547717115734,4468.620837334148,2488.7519824897,-417.072265625,109.44100189208984,1.9064944982528687,24.22686195373535,3.564840078353882,5.336855411529541,6.3546366691589355,0.5203789472579956,5.843422889709473,-3.8461661338806152,-2.794276714324951,-8.822504043579102,-2.449929714202881,common_voice_ko_39744766.mp3,twenties,male_masculine,1,1
6.696009070294784,0.07575455503892733,0.060731707393502726,2014.975677546416,981.6665828611771,2192.9011733931825,708.3062001306115,4324.9699259299305,2190.396472454785,-361.2403869628906,111.2744369506836,-8.878691673278809,28.593276977539062,1.2147209644317627,10.218938827514648,0.9112993478775024,-3.4427852630615234,9.174564361572266,-3.4373321533203125,0.7864007353782654,-11.782843589782715,-1.5758236646652222,common_voice_ko_39744767.mp3,twenties,male_masculine,1,1
7.848027210884354,0.10835076507026627,0.09524883356364389,2272.9455666454137,1418.9570333627014,2220.0125280436346,743.8507976911287,4511.2060546875,2673.4266526002616,-284.798583984375,94.46092224121094,0.9471505880355835,23.342248916625977,2.924071788787842,8.504434585571289,5.463811874389648,-0.8071001768112183,1.1051115989685059,-3.6921279430389404,-0.6677430272102356,-9.86163330078125,-5.15102481842041,common_voice_ko_39744786.mp3,twenties,male_masculine,1,1
5.148027210884353,0.08429669904279279,0.0837758137203648,2063.194493762095,1172.5249227326935,2224.0558691138035,763.6318047385593,4360.813120249155,2513.469411196207,-289.1306457519531,104.96295166015625,3.017162322998047,24.4134464263916,-1.6989630460739136,8.597679138183594,4.2291579246521,2.328073501586914,7.114980220794678,-4.2854695320129395,1.8244338035583496,-8.685434341430664,-1.980391263961792,common_voice_ko_39744787.mp3,twenties,male_masculine,1,1
6.3,0.09879258099724264,0.09786188299688749,2201.1581192668905,1181.2214066567,2250.558742490655,695.3677981313007,4591.124321432675,2340.4807083598757,-318.09014892578125,93.70931243896484,-5.569028854370117,31.11516571044922,2.447169542312622,12.187091827392578,5.810722827911377,-0.9906735420227051,10.894431114196777,-10.962798118591309,1.4581224918365479,-15.254557609558105,-9.476685523986816,common_voice_ko_39744795.mp3,twenties,male_masculine,1,1
5.04,0.09894414779243119,0.08492356268233696,2208.1889549935486,1171.0658985941457,2276.8158566715742,755.924742350042,4575.608111740252,2452.1275841143683,-356.0610656738281,97.4839096069336,0.7149348855018616,17.097557067871094,-7.694699287414551,14.083415031433105,6.539856910705566,5.596480369567871,11.582822799682617,-10.924047470092773,-1.9091992378234863,-11.520618438720703,-3.983459949493408,common_voice_ko_39744797.mp3,twenties,male_masculine,1,1
4.176009070294785,0.08750271267361111,0.07117038080330951,2196.7501923155305,1102.9334529633686,2335.0353297768424,843.2160381710229,4843.89404296875,2531.730256095976,-387.2672424316406,99.10808563232422,2.2624781131744385,28.835527420043945,5.118859767913818,10.718880653381348,5.537280082702637,5.289612293243408,7.570953845977783,-12.47514533996582,-5.48106575012207,-17.622642517089844,-7.92337703704834,common_voice_ko_39744815.mp3,twenties,male_masculine,1,1
5.616009070294784,0.08590521694214875,0.06887890864521976,2052.792125877333,1086.1506671764253,2258.6396492920653,771.5832699417413,4456.171814469267,2463.0491332180627,-382.53399658203125,100.9813003540039,4.64559268951416,25.367074966430664,3.015230655670166,15.419086456298828,9.508881568908691,2.336232900619507,12.228360176086426,-9.956992149353027,-6.495594024658203,-12.580403327941895,-8.69063663482666,common_voice_ko_39744817.mp3,twenties,male_masculine,1,1
7.596009070294785,0.10437309451219512,0.11994685237066074,2167.229090900207,1476.9912296969221,2143.57080301536,696.8265215450142,4313.271275962271,2619.762236743692,-333.7462463378906,98.37578582763672,7.608321189880371,32.42997360229492,0.8086680173873901,13.300394058227539,4.006124973297119,3.0483808517456055,11.849254608154297,-10.092942237854004,-0.2230091094970703,-15.048355102539062,-9.017909049987793,common_voice_ko_39744818.mp3,twenties,male_masculine,1,1
2.7,0.08309127938034189,0.038979063503735485,2419.5188752177496,904.8869960629573,2740.582820848441,772.2479606099017,5728.476186899038,2474.2623254752593,-478.3674011230469,88.23532104492188,17.29923439025879,16.560829162597656,1.0990575551986694,15.722053527832031,11.198415756225586,4.4350690841674805,9.07131290435791,-10.052434921264648,-6.579206466674805,-5.92476224899292,0.6372948288917542,common_voice_ko_39744819.mp3,twenties,male_masculine,1,1
5.94,0.09246444702148438,0.08824874969823243,2183.159283575762,1309.294243829681,2258.8762553876186,737.9804960368523,4507.000350952148,2599.6503532527167,-355.1409606933594,99.7626953125,3.5080459117889404,27.31490707397461,3.5940535068511963,11.88987922668457,7.50944709777832,3.4585742950439453,8.411420822143555,-10.099178314208984,-3.23207426071167,-12.370548248291016,-3.9805655479431152,common_voice_ko_39744820.mp3,twenties,male_masculine,1,1
5.256009070294785,0.10505575440528635,0.10685355672221326,2245.237419083077,1342.5330410754946,2189.3218344846928,757.7174972160683,4508.360256917676,2591.5185241943577,-332.353515625,97.21469116210938,-2.9017961025238037,26.92314338684082,0.002019579755142331,10.13516616821289,6.8759260177612305,3.2757246494293213,7.135944366455078,-9.841363906860352,-1.8865320682525635,-14.720436096191406,-5.675313472747803,common_voice_ko_39744822.mp3,twenties,male_masculine,1,1
6.3,0.10100420783547794,0.08971805711111,2224.044800676239,1314.2072551802257,2208.3099348180085,764.8071349877034,4550.78914866728,2543.9779062075095,-340.7447814941406,99.46900177001953,-1.7083991765975952,22.80498504638672,-3.192425489425659,13.032780647277832,9.515694618225098,5.497950553894043,6.513299465179443,-12.24734115600586,-3.94708514213562,-12.413289070129395,-6.524320125579834,common_voice_ko_39744823.mp3,twenties,male_masculine,1,1
4.248027210884354,0.08556128329918032,0.07638914652981825,2193.020954448717,1312.7258456184861,2301.0354781395504,806.3270139254228,4651.819047771516,2697.049026785299,-377.2738342285156,98.70520782470703,8.420463562011719,25.4988956451416,-0.9516996741294861,13.374899864196777,8.210443496704102,5.491379737854004,9.29626178741455,-9.630763053894043,-4.9554762840271,-10.431096076965332,-5.26561975479126,common_voice_ko_39744837.mp3,twenties,male_masculine,1,1
5.6880272108843535,0.08203922193877551,0.07002141951981668,2150.2977421767796,994.7164339463367,2364.30809445713,685.4621046298711,4748.5546875,2145.565437270213,-345.0799255371094,89.54951477050781,1.5201913118362427,22.237707138061523,1.4625771045684814,14.272744178771973,6.487987518310547,4.2234787940979,4.226187229156494,-10.90990161895752,-2.296294927597046,-13.117039680480957,-4.790570259094238,common_voice_ko_39744838.mp3,twenties,male_masculine,1,1
3.8880272108843537,0.0940522693452381,0.0886691824970382,2282.133924363292,1160.6679077235299,2417.5353196422097,729.2122075603788,5049.0875244140625,2385.268705228425,-371.2299499511719,96.97377014160156,5.311118125915527,24.64102554321289,-2.0555360317230225,15.022453308105469,8.128941535949707,2.3000681400299072,6.210980415344238,-15.340683937072754,-4.406778812408447,-10.416902542114258,-0.9113864898681641,common_voice_ko_39744839.mp3,twenties,male_masculine,1,1
6.84,0.11129998675847458,0.10545349976496275,2326.0569268264835,1438.3804323880156,2260.747903083734,727.2791178419345,4688.982719809322,2567.453403817449,-330.795166015625,95.30926513671875,5.617522716522217,23.611248016357422,-3.3956730365753174,18.476512908935547,7.867824077606201,4.676718711853027,6.751445770263672,-13.89184284210205,-4.801730632781982,-10.243875503540039,-6.281078338623047,common_voice_ko_39744841.mp3,twenties,male_masculine,1,1
5.76,0.09817394578313253,0.08993974407603918,2351.0971421744116,1243.3721869486092,2407.402293794954,754.3547301260859,5004.826630741717,2459.989243759581,-374.4095153808594,89.66914367675781,12.037007331848145,23.004491806030273,-3.680084466934204,13.978285789489746,11.236268997192383,7.511026382446289,4.8178300857543945,-13.579987525939941,-7.565557956695557,-9.730688095092773,-4.651656627655029,common_voice_ko_39744842.mp3,twenties,male_masculine,1,1
4.32,0.09560651320187166,0.07983859108249088,2356.7404402843745,1074.1622107982507,2473.4733134001067,705.9682444829056,5248.516747785762,2151.9312441178586,-348.4276123046875,81.71678161621094,7.186549663543701,30.560583114624023,-0.6115556359291077,13.96395206451416,2.762516736984253,2.5722503662109375,5.993558406829834,-11.10936450958252,-4.967103004455566,-11.625251770019531,-3.4140608310699463,common_voice_ko_39744859.mp3,twenties,male_masculine,1,1
3.6,0.07673214643429487,0.07170128480874756,1929.5159774360911,1133.8363365504847,2182.3355756969668,866.5895188133009,4318.5805100661055,2620.2400122620575,-364.0414733886719,111.5917739868164,8.28801155090332,25.693265914916992,0.4720439314842224,7.609519958496094,8.607606887817383,4.416080951690674,3.49067759513855,-9.903976440429688,-3.670722484588623,-15.731682777404785,-4.874141693115234,common_voice_ko_39744860.mp3,twenties,male_masculine,1,1
3.96,0.07416164108187134,0.07224862210718107,1940.0279417966149,1103.5392919846947,2195.747465452141,773.0016185981884,4300.6591796875,2403.3702217287396,-347.2472229003906,113.82474517822266,2.3082590103149414,20.47651481628418,-1.3074783086776733,13.66218376159668,4.141894817352295,5.006772994995117,9.186159133911133,-11.832996368408203,-2.37589693069458,-11.572065353393555,-4.982010841369629,common_voice_ko_39744862.mp3,twenties,male_masculine,1,1
6.66,0.08833467171167247,0.09963423983262598,2063.7488779401915,1272.0003822356236,2219.913884941246,720.4408758854981,4402.114495998476,2440.6290082157793,-333.2970886230469,105.02220153808594,6.889412879943848,29.975000381469727,1.4389935731887817,13.649930000305176,3.4421544075012207,5.100583553314209,7.656267166137695,-11.808103561401367,-6.113146781921387,-16.658740997314453,-4.154751300811768,common_voice_ko_39744863.mp3,twenties,male_masculine,1,1
4.428027210884354,0.09482882035340315,0.0913997779674485,2284.101531769423,1114.329984166833,2503.7492622672025,683.2981025343033,5044.406495418848,2435.2866007352627,-385.9393310546875,85.16944122314453,14.458649635314941,28.408443450927734,3.701369285583496,10.6122465133667,4.607129096984863,6.395565986633301,2.4995994567871094,-13.071130752563477,-5.120678901672363,-11.192056655883789,-2.3821258544921875,common_voice_ko_39744879.mp3,twenties,male_masculine,1,1
4.248027210884354,0.07211353739754098,0.0495610397134261,2060.5428243947053,939.1925342229688,2356.2750608401157,793.0577171211992,4624.461289702869,2413.960445888862,-351.4233703613281,106.62055969238281,7.587931156158447,20.9116268157959,-4.471116065979004,10.97832202911377,5.804240703582764,4.706675052642822,5.578031539916992,-12.358683586120605,-4.668834686279297,-9.922179222106934,-3.7220051288604736,common_voice_ko_39744881.mp3,twenties,male_masculine,1,1
5.868027210884354,0.08679054471343874,0.08342786705000145,2130.3835493266442,1152.8550805156651,2255.951239102638,791.1287042047994,4614.488829360178,2474.59194361174,-343.314453125,99.53884887695312,0.966937780380249,31.591012954711914,5.257153511047363,14.26395320892334,5.957008361816406,4.551577568054199,5.484886169433594,-10.472893714904785,-4.584840297698975,-16.3939208984375,-4.460657596588135,common_voice_ko_39744882.mp3,twenties,male_masculine,1,1
5.076009070294784,0.1049381064497717,0.08975574303135553,2386.130307389522,1204.2570444193732,2384.3762642294832,767.1770467677757,5099.337810359589,2373.543582933395,-361.5106201171875,91.24296569824219,7.103143692016602,31.57990837097168,-1.410073161125183,13.38447380065918,7.068276882171631,7.37401008605957,6.116389274597168,-11.965198516845703,-4.770513534545898,-11.811300277709961,-3.9231412410736084,common_voice_ko_39744885.mp3,twenties,male_masculine,1,1
6.48,0.08862130301339285,0.07350138981720043,2090.050031953636,1113.5236839533998,2225.544496372587,757.5111525387739,4414.8834228515625,2386.554794116062,-326.7397155761719,100.60868072509766,2.1019680500030518,22.759033203125,-2.61114764213562,15.470921516418457,9.830652236938477,2.796950101852417,6.4711809158325195,-12.598390579223633,-6.641927719116211,-9.401315689086914,-5.45535945892334,common_voice_ko_39744886.mp3,twenties,male_masculine,1,1
3.528027210884354,0.09726112767269737,0.08076037034758236,2532.368183858519,1011.0085517385495,2676.6669640725427,763.1369953574948,5774.08591822574,2266.481625855011,-419.7422790527344,77.90028381347656,12.649203300476074,27.559049606323242,6.9705023765563965,12.004525184631348,7.6410746574401855,3.1157186031341553,2.983049154281616,-10.275228500366211,-6.692319393157959,-12.739622116088867,-3.3082573413848877,common_voice_ko_39744889.mp3,twenties,male_masculine,1,1
8.928027210884354,0.11697062702922079,0.1000282676468365,2385.683483453829,1328.7580717749304,2304.810741736635,708.5971709991364,4890.078568892045,2435.2738358323027,-323.68731689453125,87.4951171875,-1.1511331796646118,30.73511505126953,1.201696753501892,13.427661895751953,6.866991996765137,4.3789963722229,6.553791046142578,-13.26955795288086,-1.7999296188354492,-14.895853996276855,-5.978692054748535,common_voice_ko_39744891.mp3,twenties,male_masculine,1,1
5.04,0.1102104536983945,0.10110407211089718,2069.493907399657,1443.0144718233073,2051.2705511999834,689.5989823310297,3835.0832317947247,2693.7317004230003,-330.4142150878906,103.55827331542969,8.272822380065918,28.251922607421875,3.5796689987182617,11.046408653259277,8.575570106506348,4.503124713897705,5.0175909996032715,-9.996661186218262,-5.450043201446533,-11.248085021972656,-6.4943623542785645,common_voice_ko_39744900.mp3,twenties,male_masculine,1,1
9.0,0.10601869563466494,0.10405323082309326,2137.4357807335455,1306.565959650162,2153.161662351255,703.4727254214324,4318.739177271263,2460.473680557261,-299.9222106933594,103.8138198852539,-0.06810972839593887,25.40404510498047,-4.175872325897217,16.1241397857666,4.697511672973633,2.808570146560669,10.431760787963867,-10.964883804321289,-5.278395652770996,-12.87307357788086,-5.427779674530029,common_voice_ko_39744902.mp3,twenties,male_masculine,1,1
4.536009070294784,0.0696224290497449,0.04798632532407886,1982.9364371501522,832.8398276153988,2344.9601180591444,735.0267395573967,4574.432373046875,2104.603771278511,-363.4353332519531,108.11263275146484,4.077552795410156,26.629592895507812,-1.2124464511871338,13.87434196472168,8.837240219116211,4.5975775718688965,5.894173622131348,-14.387478828430176,-7.050767421722412,-11.914521217346191,-4.804591655731201,common_voice_ko_39744904.mp3,twenties,male_masculine,1,1
3.6360090702947847,0.11809564092356688,0.11936976553336326,2527.575548447617,1382.2255115220098,2478.9596413823942,694.6245186893703,5384.123706210191,2334.7788576231683,-362.7699279785156,72.48607635498047,11.726677894592285,31.93901824951172,3.0393660068511963,10.885669708251953,6.202643394470215,7.392643451690674,3.659627914428711,-10.166360855102539,-3.899669885635376,-14.206639289855957,-4.829735279083252,common_voice_ko_39744905.mp3,twenties,male_masculine,1,1
8.1,0.10131346257163323,0.0947700656023311,2117.5309072352225,1356.601613284021,2138.608657840171,723.7175640254159,4214.800588176039,2590.652384258932,-329.6816101074219,105.7381591796875,1.3075073957443237,22.766345977783203,0.6087535619735718,16.587255477905273,8.162639617919922,4.039062023162842,6.773831844329834,-15.417014122009277,-6.643069744110107,-11.513389587402344,-4.226090431213379,common_voice_ko_39744906.mp3,twenties,male_masculine,1,1
6.7680272108843536,0.1018986114083904,0.09574351639376724,2196.6317465702587,1230.0209790100507,2260.166060868348,719.9804266750663,4589.890738709332,2384.7031359898633,-320.51422119140625,100.47702026367188,-1.0750389099121094,21.746429443359375,-5.330007076263428,16.65011978149414,6.863415241241455,4.220426559448242,7.148382186889648,-15.391277313232422,-3.7890870571136475,-10.56576156616211,-4.400392532348633,common_voice_ko_39744908.mp3,twenties,male_masculine,1,1
5.796009070294785,0.08013671875,0.07302646878236867,1895.1106564095578,1008.9646008526859,2109.8494449745026,652.46535490861,4016.15771484375,2118.0138828642202,-318.87158203125,113.9789047241211,2.9565889835357666,31.307395935058594,-6.163707256317139,12.687751770019531,5.7872700691223145,6.0047831535339355,8.322906494140625,-15.894044876098633,-1.6148042678833008,-14.992250442504883,-6.04174280166626,common_voice_ko_39744926.mp3,twenties,male_masculine,1,1
7.38,0.10957307635613207,0.09426874187334038,2309.9462244876045,1302.1595462505604,2285.503516586635,732.8512781656934,4793.74470260908,2454.9266958667245,-336.84979248046875,93.94178009033203,-0.014604100957512856,29.660388946533203,0.5767031311988831,15.884417533874512,9.881503105163574,4.673125743865967,8.168972969055176,-16.14008903503418,-4.182866096496582,-11.154444694519043,-5.151071548461914,common_voice_ko_39744928.mp3,twenties,male_masculine,1,1
5.616009070294784,0.09564461195764463,0.09647514180784965,2225.1335543151627,1227.2547101380296,2302.9468601343196,714.1177630173222,4742.421047746642,2435.7954520516287,-323.5921936035156,93.62161254882812,3.897766590118408,32.81485366821289,0.3361890912055969,16.41004180908203,7.691889762878418,4.5068254470825195,9.123775482177734,-12.55563735961914,-4.211136341094971,-11.923513412475586,-6.1372857093811035,common_voice_ko_39744941.mp3,twenties,male_masculine,1,1
7.956009070294785,0.09683627915451895,0.10658584766411806,2121.4190383064865,1270.7951061287868,2225.79752590429,679.1266108843162,4369.294084821428,2401.5270701648083,-340.47821044921875,98.78617095947266,10.697667121887207,35.21830368041992,-0.14170707762241364,12.400518417358398,6.928104400634766,7.75232458114624,8.921683311462402,-13.616358757019043,-5.3137431144714355,-14.094422340393066,-3.9787490367889404,common_voice_ko_39744943.mp3,twenties,male_masculine,1,1
4.248027210884354,0.09373132257513661,0.08477591488219603,2070.2597495142836,1164.790488189367,2270.4216904078044,625.9637464321756,4290.931976818648,2334.176629822874,-412.2204895019531,96.1485366821289,12.328104019165039,26.493974685668945,-0.06069095805287361,11.944138526916504,12.669262886047363,5.826425552368164,-0.6737552285194397,-13.261043548583984,-1.8129066228866577,-18.393272399902344,-2.648230791091919,common_voice_ko_39744959.mp3,twenties,male_masculine,1,1
6.3,0.09580185834099264,0.09564636799966425,2051.386834127383,1256.499804602024,2095.4607974471455,680.1175941660601,4125.191722196691,2348.3898241236266,-353.4319763183594,102.5326919555664,0.21242882311344147,37.01192092895508,7.980106353759766,16.805219650268555,9.050941467285156,2.4675347805023193,-0.29505449533462524,-13.703651428222656,-1.9362258911132812,-18.252796173095703,-4.375641345977783,common_voice_ko_39744960.mp3,twenties,male_masculine,1,1
4.788027210884354,0.08533127641908213,0.08067277664467336,2225.8862881814894,1076.6302290540514,2369.868924861486,714.0305327306917,4827.650518002717,2153.9221834032483,-381.5185241699219,97.70381164550781,0.5873144865036011,24.463787078857422,3.3261349201202393,17.831401824951172,10.92811393737793,4.401766777038574,-0.3463928699493408,-11.77772331237793,-2.6720120906829834,-11.227228164672852,-2.6029560565948486,common_voice_ko_39744962.mp3,twenties,male_masculine,1,1
3.3480272108843536,0.07621901939655172,0.07588257318192558,2156.308886741431,1028.2898616530942,2542.7355110453714,705.8995346199001,4893.309031519397,2391.6100054503404,-425.3122253417969,97.19890594482422,19.60521125793457,22.223913192749023,4.127815246582031,13.114413261413574,12.81189250946045,9.455649375915527,1.6664189100265503,-11.012678146362305,-4.882519721984863,-10.780115127563477,-1.887654423713684,common_voice_ko_39744963.mp3,twenties,male_masculine,1,1
6.876009070294785,0.11992483428030302,0.11169227267512277,2309.4478912089608,1429.116175151238,2170.177427006735,604.4201882307589,4397.268584280303,2302.047224362537,-328.666015625,92.47754669189453,6.399698257446289,26.942813873291016,-2.466226100921631,16.555072784423828,8.118210792541504,7.427155494689941,-1.8785815238952637,-11.479820251464844,-0.4520499110221863,-12.184246063232422,-5.431267738342285,common_voice_ko_39744965.mp3,twenties,male_masculine,1,1
5.94,0.11030960083007812,0.09320816834066895,2334.189875827081,1266.4857615673727,2358.350623942434,653.6720244185117,4854.223251342773,2272.5712937059325,-374.07647705078125,86.77937316894531,8.360283851623535,24.423053741455078,1.4945560693740845,15.17043685913086,11.235898971557617,6.604618072509766,-0.8309450745582581,-11.759060859680176,-3.5702834129333496,-11.655655860900879,-3.7661900520324707,common_voice_ko_39744966.mp3,twenties,male_masculine,1,1
4.428027210884354,0.08662518406413612,0.07619227587747547,2088.5127775255773,1202.0445070200576,2183.0105156480768,688.0836725055918,4265.096199075589,2293.983393811474,-318.8909606933594,94.85185241699219,-2.645237445831299,23.31785774230957,6.054152011871338,18.237483978271484,8.355146408081055,5.821178913116455,1.2900598049163818,-13.473691940307617,-0.9412990212440491,-13.961967468261719,-4.441588401794434,common_voice_ko_39744984.mp3,twenties,male_masculine,1,1
5.76,0.08810044866967871,0.08688811996799858,1983.5559078854233,1236.7438581237425,2166.6597962677743,786.6815182422133,4144.103856833584,2596.6491081592844,-355.48162841796875,110.6802978515625,8.164871215820312,23.60735511779785,5.1079254150390625,15.896925926208496,6.185877799987793,5.793949127197266,2.777782917022705,-13.7174654006958,-3.1036298274993896,-14.788867950439453,-4.329660415649414,common_voice_ko_39744986.mp3,twenties,male_masculine,1,1
7.488027210884353,0.08323003337848298,0.08258945651566542,1908.577220341591,1218.1364627105863,2059.432509996003,729.4290405638516,3838.943453100813,2479.07084001269,-358.3873291015625,111.78608703613281,4.5408735275268555,22.90482521057129,5.531148910522461,17.621246337890625,13.011667251586914,2.2901225090026855,2.942608118057251,-9.735986709594727,-7.884706497192383,-13.517312049865723,-3.4101154804229736,common_voice_ko_39744987.mp3,twenties,male_masculine,1,1
4.3560090702947845,0.09421230884308511,0.10156193477445304,2032.0236056917186,1343.391201336088,2144.43704017356,682.1041715405089,3997.272637549867,2536.6039169270775,-339.94842529296875,97.06255340576172,12.430561065673828,31.07396125793457,-1.1924761533737183,12.630989074707031,11.890424728393555,7.566483974456787,0.8337327837944031,-13.128740310668945,-7.957467555999756,-12.738870620727539,-5.060319423675537,common_voice_ko_39744999.mp3,twenties,male_masculine,1,1
3.3480272108843536,0.12871767241379312,0.14220543226793844,2614.0691194306933,1562.996894844875,2472.8667952335513,729.2893822715322,5345.135035021552,2561.7547203063828,-337.20123291015625,77.7529525756836,10.433503150939941,28.772592544555664,5.537131309509277,14.399744033813477,14.408559799194336,7.912388801574707,-2.4323039054870605,-12.777249336242676,-5.82041072845459,-9.778877258300781,-2.236032724380493,common_voice_ko_39745013.mp3,twenties,male_masculine,1,1
6.696009070294784,0.07279107644896193,0.06749458743289603,1795.8231969451142,1106.2301232975217,2013.8378749164606,732.2314452189153,3714.0677376189446,2343.116710338204,-343.1226501464844,120.9422836303711,0.7989425659179688,24.783645629882812,3.0353286266326904,13.498300552368164,9.049958229064941,5.097520351409912,4.428116798400879,-13.576136589050293,-7.615902423858643,-14.190909385681152,-0.920884370803833,common_voice_ko_39745015.mp3,twenties,male_masculine,1,1
5.148027210884353,0.08288024352477477,0.06813799264687698,1972.319364559951,1132.8029438949877,2127.7226389803905,759.2491466220706,4140.4857738597975,2410.2610343554907,-347.95965576171875,112.61488342285156,-2.037782907485962,24.65089225769043,6.8079423904418945,13.151409149169922,8.182977676391602,2.5357892513275146,0.9927061796188354,-13.786420822143555,-5.7815070152282715,-12.727640151977539,-0.5954008102416992,common_voice_ko_39745016.mp3,twenties,male_masculine,1,1
3.3480272108843536,0.0939385775862069,0.10443262926556755,2270.0528030435617,1409.4961301116036,2368.2641147257423,739.9411089586985,4796.855132004311,2546.483026126574,-349.6586608886719,97.39972686767578,13.217731475830078,29.326251983642578,1.3802475929260254,16.13079261779785,11.016193389892578,5.141664981842041,4.122569561004639,-10.834006309509277,-2.5950000286102295,-12.62582015991211,-1.9048874378204346,common_voice_ko_39745038.mp3,twenties,male_masculine,1,1
4.968027210884354,0.10446937061915888,0.10618342060331623,2373.9651423696855,1349.3676774506487,2376.3480049755303,714.4615551998115,5011.601471232477,2456.1918547256687,-335.0263977050781,93.4939193725586,4.853420734405518,26.87891960144043,2.497673273086548,18.23521614074707,10.704338073730469,3.93060564994812,3.0634806156158447,-11.829991340637207,-3.4196622371673584,-12.838164329528809,-1.8451753854751587,common_voice_ko_39745040.mp3,twenties,male_masculine,1,1
4.5,0.07811996617268041,0.0699188994542021,2075.0535179123717,937.4968796463229,2361.463701537797,636.4076027213472,4612.76729623067,1984.8122602664657,-352.21343994140625,95.541259765625,11.933332443237305,32.25447082519531,2.110501527786255,14.789433479309082,10.419363975524902,7.904993534088135,3.419296979904175,-13.497390747070312,-2.3508870601654053,-15.14077377319336,-1.8235419988632202,common_voice_ko_39745042.mp3,twenties,male_masculine,1,1
6.588027210884354,0.08401532240316902,0.07411970458748916,1970.5252393835492,1196.1779756837934,2141.6031349822274,742.1464445732689,4132.631113831426,2539.2746365942444,-320.59381103515625,111.58457946777344,3.881330966949463,27.408151626586914,2.969727039337158,14.834710121154785,10.705266952514648,5.038912773132324,2.3385860919952393,-18.127012252807617,-3.186645984649658,-8.773324012756348,-4.604295253753662,common_voice_ko_39745052.mp3,twenties,male_masculine,1,1
5.04,0.07645185278096331,0.07284725240871373,2029.4003001944814,1074.8492223414116,2279.9453811420776,718.9844519510417,4426.258556120986,2347.083725682929,-339.83050537109375,102.77177429199219,5.738135814666748,24.79694366455078,4.575727462768555,17.240596771240234,10.542847633361816,5.593775749206543,2.357192039489746,-12.968788146972656,-2.6938493251800537,-10.652421951293945,-1.4675772190093994,common_voice_ko_39745054.mp3,twenties,male_masculine,1,1
8.64,0.1007783700569705,0.08585359359124173,1863.5581246408328,1275.0014708608576,1895.6837553717303,749.6409033246124,3624.1015886813,2433.315625352853,-320.3827209472656,101.42063903808594,0.1300790011882782,29.8825740814209,3.6035232543945312,-3.622105598449707,2.98219633102417,-1.1216237545013428,-6.855443000793457,-3.01064133644104,-9.493680000305176,-0.35284456610679626,-4.865748405456543,common_voice_ko_35844067.mp3,thirties,male_masculine,2,1
5.4360090702947845,0.08453083444148936,0.08279972759744303,1679.4266179421438,1180.3566532508626,1861.247403997632,790.4066544340485,3201.712412732713,2333.2789953298648,-443.3853759765625,89.55908203125,10.861656188964844,27.326221466064453,6.239755630493164,-4.208078861236572,2.2791495323181152,0.6799318790435791,-3.050481081008911,-2.334162473678589,-6.624382972717285,0.12095733731985092,-5.2955474853515625,common_voice_ko_35844070.mp3,thirties,male_masculine,2,1
4.284036281179138,0.14071737753378377,0.10763067551336948,2441.989378245774,1374.9054024901948,2218.607986664606,691.0372879286006,4754.473052153716,2380.538871080509,-449.100830078125,61.64308547973633,4.83491849899292,28.882448196411133,2.1199755668640137,0.4938628375530243,0.20013213157653809,-3.044085741043091,-3.4049072265625,-3.060443878173828,-5.344858169555664,3.298795700073242,-7.175023555755615,common_voice_ko_35844071.mp3,thirties,male_masculine,2,1
6.984036281179138,0.11454007475083057,0.10337991202279025,2108.5377364135834,1403.263940301491,1971.1022627210493,796.4356909460499,4002.063839934593,2478.7084594171997,-431.59375,87.72203063964844,0.0823078379034996,30.906347274780273,12.23680305480957,-5.155064582824707,-1.3858847618103027,-0.4437836706638336,-4.710911750793457,-2.698652982711792,-3.189114809036255,2.397190809249878,-4.781843662261963,common_voice_ko_35844160.mp3,thirties,male_masculine,2,1
4.464036281179139,0.11410601522020726,0.1230643091038379,2187.325210926896,1552.8359490190608,2168.4484241560694,689.9355900387324,4268.539128278821,2661.36904709,-393.52020263671875,69.79618835449219,6.759034633636475,30.88420867919922,8.04184627532959,2.8499090671539307,3.9354944229125977,2.2533767223358154,-2.3574883937835693,-0.019123926758766174,-3.6273417472839355,1.9157711267471313,-2.987743377685547,common_voice_ko_35844162.mp3,thirties,male_masculine,2,1
7.02,0.11200011602722772,0.07751288045580959,2400.4749511155223,1209.6719356919355,2327.5182033621995,754.1241448445721,4905.874845297029,2404.636606649486,-427.6058654785156,57.14059829711914,4.412696361541748,27.009496688842773,4.349396705627441,-1.7831366062164307,-1.6274232864379883,0.43551817536354065,-3.83144474029541,-1.033142328262329,-4.029725074768066,3.001556873321533,-3.1986920833587646,common_voice_ko_35844164.mp3,thirties,male_masculine,2,1
9.576009070294784,0.08637139641343826,0.07791492537933725,1625.189507501931,1120.6098648692216,1651.4887287299516,719.3439361273213,3124.0089545815677,2104.373665506695,-309.43817138671875,118.92622375488281,-3.194956064224243,30.256153106689453,3.4243695735931396,-8.994815826416016,-1.6944209337234497,-0.8303908109664917,-10.534832000732422,-4.455361843109131,-4.600515842437744,-2.0478081703186035,-4.308299541473389,common_voice_ko_35844225.mp3,thirties,male_masculine,2,1
6.624036281179138,0.09127615548513986,0.07747632531483964,1864.989079778708,1224.7915153471956,1995.3820753942261,703.6299348049363,3662.715031550481,2335.2368240684036,-342.9236145019531,104.09231567382812,1.0920506715774536,25.73192596435547,8.792070388793945,-2.5971486568450928,1.7545442581176758,-5.785103797912598,-7.546624183654785,0.19496937096118927,-4.274894714355469,1.4819384813308716,-6.609533309936523,common_voice_ko_35844292.mp3,thirties,male_masculine,2,1
10.368027210884353,0.12322820539709173,0.11129465556454543,2069.306448987778,1410.893403385661,1879.8186940979788,706.3587735233015,3873.5920131606545,2345.161090486929,-344.31781005859375,88.84565734863281,-3.9590957164764404,38.04739761352539,5.416380405426025,-5.5013298988342285,-3.9396321773529053,-6.589716911315918,-6.99111270904541,-5.943418025970459,-7.162184715270996,3.924924850463867,-4.531317234039307,common_voice_ko_35844299.mp3,thirties,male_masculine,2,1
6.552018140589569,0.08708487466872791,0.0758006693666508,1685.9924170721188,1207.4548140297602,1778.021965322756,695.1533174402023,3255.6224809518553,2212.69175906226,-308.5448303222656,108.04396057128906,0.3198350965976715,33.250213623046875,9.24718952178955,-4.875314712524414,-4.279552459716797,-3.9397521018981934,-6.729939937591553,-1.5271323919296265,-8.51844310760498,1.8492186069488525,-5.668779373168945,common_voice_ko_35844396.mp3,thirties,male_masculine,2,1
4.968027210884354,0.10301821699766354,0.1079670694895629,1956.1236664859603,1525.2137522640746,1927.8326366632161,696.6163512150296,3766.3987204293226,2542.1037633818696,-388.4701232910156,92.86622619628906,5.833805084228516,35.217613220214844,9.054193496704102,-5.849482536315918,0.306127667427063,-3.3672988414764404,-8.676501274108887,2.3407158851623535,-7.411349773406982,0.4201577305793762,-4.2226643562316895,common_voice_ko_35844398.mp3,thirties,male_masculine,2,1
6.156009070294784,0.09759934504229323,0.08522482550836354,1791.1676602538942,1126.8495304667113,1760.618497797972,612.5766246879685,3445.3934518914475,1942.6259959770603,-362.35162353515625,108.38703918457031,-7.772837162017822,41.04784393310547,3.443502902984619,-10.828763008117676,3.576956272125244,-2.9031295776367188,-8.043067932128906,-2.8185060024261475,-6.143291473388672,6.076291084289551,-7.06614875793457,common_voice_ko_35844399.mp3,thirties,male_masculine,2,1
8.28,0.07127948835784313,0.08738869537794712,1395.5431366034481,1177.13425090014,1581.508353851134,691.1910203670401,2695.3900505514707,2186.6886221937953,-330.42620849609375,120.9696273803711,5.9846062660217285,38.74480438232422,18.486583709716797,-4.501970291137695,0.45209261775016785,2.0246667861938477,-5.71541690826416,-2.845140218734741,-4.7235918045043945,-2.0052967071533203,-7.074221611022949,common_voice_ko_35844525.mp3,thirties,male_masculine,2,1
9.468027210884355,0.0883035098805147,0.09042639488138568,1632.4747239470041,1339.5942156888773,1714.8578910070391,784.0666052167072,3083.945240693934,2482.837795123488,-377.155517578125,117.14336395263672,6.204269886016846,34.29294967651367,11.46456527709961,-4.863427639007568,-0.10567541420459747,-3.6855547428131104,-6.861063480377197,-2.4655792713165283,-5.095541954040527,0.024342967197299004,-7.996682643890381,common_voice_ko_35844527.mp3,thirties,male_masculine,2,1
5.364036281179138,0.07910998114224138,0.07771902116833225,1732.883919246625,1439.640831256637,1800.2708096418587,767.5896057419723,3278.9406612001617,2518.980100889742,-426.1871643066406,103.1712417602539,9.90259838104248,29.107833862304688,7.464010238647461,-4.537261009216309,2.8512067794799805,2.5381503105163574,-4.614145278930664,-2.0665571689605713,-2.7569758892059326,-3.7979576587677,-5.37009859085083,common_voice_ko_35844528.mp3,thirties,male_masculine,2,1
8.17201814058957,0.09137933904474432,0.10540741318820072,1602.4774432592915,1358.6885813354795,1692.5847680711233,714.1321387236059,3001.434881036932,2520.9737276453366,-395.9176940917969,108.51640319824219,7.427384853363037,36.17375564575195,12.66552448272705,-4.722042083740234,4.094039440155029,-0.22585582733154297,-3.607619524002075,-4.795211315155029,-8.614350318908691,-1.0817513465881348,-5.498342990875244,common_voice_ko_35844566.mp3,thirties,male_masculine,2,1
6.408027210884354,0.07201440783514493,0.0755075995515702,1344.6925146459619,1016.5592716476817,1676.6299572951496,706.493258807076,2550.6313158118205,2113.0371009542287,-390.00701904296875,115.5965576171875,10.620491981506348,29.318784713745117,8.371213912963867,-4.586485862731934,5.71811056137085,-0.05371547117829323,-4.928160667419434,1.8167023658752441,-5.358431816101074,-0.4434419572353363,-5.561654567718506,common_voice_ko_35844568.mp3,thirties,male_masculine,2,1
9.9,0.09242809572599532,0.10512123798647709,1692.40931946922,1425.2978731974965,1774.7381326013533,823.9849091201909,3257.2373687243853,2683.4831347878808,-352.2115173339844,110.92597198486328,9.835395812988281,38.08220672607422,15.410782814025879,-9.971145629882812,-0.1514812558889389,1.2011692523956299,-2.4596621990203857,-3.4361510276794434,-6.856293678283691,0.3409419655799866,-6.167870998382568,common_voice_ko_35844569.mp3,thirties,male_masculine,2,1
9.36,0.09726586672339109,0.08547927266593792,1816.0395181894712,1309.669883001968,1883.1223021328472,878.2527166722738,3643.881678817296,2671.0051775807947,-361.74542236328125,107.23839569091797,3.3732638359069824,31.112655639648438,9.004804611206055,-11.830972671508789,2.44240403175354,-0.06902758777141571,-3.28423810005188,-3.7815845012664795,-5.889196395874023,1.6452157497406006,-6.949047088623047,common_voice_ko_35844570.mp3,thirties,male_masculine,2,1
7.524036281179138,0.10641977163461538,0.11061634635241928,1937.8037254121878,1444.2219004894152,1984.3076517405368,795.9656997162676,3807.202824519231,2759.2164109346454,-357.3652038574219,97.45199584960938,4.480267524719238,36.76543426513672,8.013436317443848,-7.846495628356934,2.0024824142456055,-1.6641877889633179,-2.0089681148529053,-3.7549142837524414,-3.1309330463409424,1.5622440576553345,-8.324422836303711,common_voice_ko_35844571.mp3,thirties,male_masculine,2,1
9.0,0.08936427794780928,0.08947742445773788,1848.6876491197927,1267.149366616245,1901.4430031801157,763.1868874080601,3595.1014567896264,2394.7429719703305,-286.0545349121094,106.28990936279297,0.9764158725738525,31.235910415649414,5.5380682945251465,-8.457575798034668,4.619343280792236,-2.6541032791137695,-3.7116336822509766,-1.7336466312408447,-9.637974739074707,2.149916887283325,-6.473040580749512,common_voice_ko_35845146.mp3,thirties,male_masculine,2,1
7.452018140589569,0.0912127628504673,0.07761530349556117,1842.283270680218,1099.36183288285,1925.3855221831325,674.8272609078613,3551.267934068341,2038.154494793672,-321.29278564453125,97.72151184082031,-7.470824718475342,21.069103240966797,9.866929054260254,-6.324304580688477,4.096971035003662,-0.3326718211174011,-5.326958656311035,2.744690418243408,-1.7115750312805176,0.22440345585346222,-6.246707439422607,common_voice_ko_35845148.mp3,thirties,male_masculine,2,1
9.972018140589569,0.11090684047965116,0.10856494442924991,2009.3300176174278,1418.5304993297696,1904.3097692597162,741.3208282211044,3850.587413699128,2465.4964779873058,-329.7235412597656,101.11408996582031,-2.8573925495147705,31.38422966003418,5.454873561859131,-9.533180236816406,-1.6606119871139526,-6.861136436462402,-6.345006942749023,-0.5567683577537537,-7.136229515075684,1.8916465044021606,-7.449868202209473,common_voice_ko_35845149.mp3,thirties,male_masculine,2,1
6.156009070294784,0.10355417351973684,0.10218835013823004,1884.8882775871286,1368.731166202158,1846.9721910792803,759.2590761367167,3601.42822265625,2519.8556004463467,-347.8067932128906,118.17198181152344,-2.554168939590454,22.372116088867188,-1.1093415021896362,-8.442020416259766,4.508541107177734,-4.488510608673096,-3.734518051147461,-0.8326390385627747,-6.717164993286133,1.5537787675857544,-9.020214080810547,common_voice_ko_35845150.mp3,thirties,male_masculine,2,1
7.776009070294784,0.10988077192164179,0.09874661505274084,2108.0129317724954,1418.4073188085076,2086.3654638665994,761.4617173320712,4106.703227028918,2551.7028164123253,-423.4570007324219,84.02447509765625,5.246647357940674,21.992902755737305,7.437483310699463,-5.524993419647217,5.006053924560547,1.0560331344604492,-3.681377649307251,-2.6172420978546143,-4.932628631591797,0.7673824429512024,-5.686657905578613,common_voice_ko_35845151.mp3,thirties,male_masculine,2,1
6.156009070294784,0.0947761248825188,0.06912565886066309,1919.9975776887693,990.3868319563035,2024.1045443340322,658.655816854167,3826.8792403371713,2038.7189742780351,-364.9306335449219,106.97383117675781,-9.346264839172363,36.522884368896484,17.133861541748047,-19.14600944519043,3.6428401470184326,-2.0426902770996094,-6.687309265136719,-0.40331169962882996,-9.047082901000977,-0.004474439192563295,-6.035723686218262,common_voice_ko_35845211.mp3,thirties,male_masculine,2,1
3.3480272108843536,0.13560412176724138,0.1175713745577485,2437.6065124941474,1421.543010321891,2422.9517946962037,686.2216836595424,5005.058930495689,2666.008662487273,-442.3434753417969,47.29652404785156,14.250222206115723,16.56160545349121,4.1795654296875,-2.1089835166931152,2.876781702041626,2.1725821495056152,-1.0791141986846924,-0.0057273865677416325,-2.2869057655334473,-0.33964890241622925,-3.5872857570648193,common_voice_ko_35845212.mp3,thirties,male_masculine,2,1
9.18,0.09793984769570707,0.08060026800046678,1830.6652073928926,1193.3317093498486,1826.5414484276982,680.1850221074168,3385.9330610795455,2182.423808015827,-397.4961853027344,113.38783264160156,-3.3581278324127197,22.773799896240234,0.7741575837135315,-11.739038467407227,5.299009323120117,-3.216874361038208,-8.70955753326416,-4.670548439025879,-6.748622894287109,2.3310585021972656,-6.836977005004883,common_voice_ko_35845213.mp3,thirties,male_masculine,2,1
6.588027210884354,0.09942369058098592,0.10537207039074202,1920.0437520597823,1412.0623406042473,1942.758992395688,689.8348332917828,3671.373222243618,2514.0074717929106,-342.07940673828125,94.71347045898438,4.368476867675781,41.39179229736328,8.621686935424805,-2.580537796020508,4.020082950592041,-4.441261291503906,-2.048142671585083,0.6235308051109314,-7.132812023162842,3.8417892456054688,-8.104368209838867,common_voice_ko_35845417.mp3,thirties,male_masculine,2,1
10.404036281179138,0.09593258456291759,0.08212075643733723,1755.635498623149,1275.2157065182303,1762.985134421596,703.1400273075493,3303.332437969794,2315.2593537957214,-300.69940185546875,122.46571350097656,-1.9510420560836792,35.8372688293457,2.0151312351226807,-7.8102593421936035,1.4006983041763306,-6.776498317718506,-7.3715620040893555,-4.8686017990112305,-9.101396560668945,5.344288349151611,-7.1118035316467285,common_voice_ko_35845419.mp3,thirties,male_masculine,2,1
9.036009070294785,0.10249649439102564,0.08577543698155374,1863.7471081775618,1294.2868003243173,1861.2688033545815,691.260899172593,3556.3465294471152,2276.5608122921153,-404.79254150390625,112.49673461914062,-3.350625991821289,31.210111618041992,7.787285327911377,-8.682801246643066,-1.1006743907928467,-5.9345316886901855,-6.506978511810303,-0.8119069933891296,-3.196889638900757,2.770550012588501,-7.502265930175781,common_voice_ko_35845420.mp3,thirties,male_masculine,2,1
8.64,0.07713141965482574,0.07489127760787398,1694.7051646912105,1235.0372776608854,1849.9777625512663,818.1169585530005,3420.488700150804,2537.7396915440963,-381.4136962890625,110.9381103515625,-1.7947019338607788,30.289470672607422,15.928792953491211,-5.384133815765381,-1.2660657167434692,-6.068988800048828,-9.521276473999023,-2.008755683898926,-4.7208638191223145,-1.5539202690124512,-7.37309455871582,common_voice_ko_35845422.mp3,thirties,male_masculine,2,1
6.84,0.09995199947033899,0.09036135803019485,1823.6920021640422,1304.5329981760556,1814.7440100790861,739.181515546147,3506.7733712923728,2388.6414019046993,-367.83050537109375,111.28148651123047,0.2028869092464447,32.65201950073242,1.4255801439285278,-9.698004722595215,3.406827211380005,-2.7680156230926514,-9.151266098022461,-5.524886608123779,-6.080207347869873,4.2189106941223145,-7.1039276123046875,common_voice_ko_35845598.mp3,thirties,male_masculine,2,1
10.548027210884353,0.09073553399725275,0.07131149684045088,1887.6744340296011,1139.3139591983131,1925.2388080849928,683.1334759310915,3730.6629356971152,2179.0180426382253,-345.08489990234375,94.6373519897461,-3.9062132835388184,35.9180793762207,5.901102066040039,-9.787562370300293,0.17412598431110382,-6.654382705688477,-7.015649795532227,-0.5433483719825745,-6.376880168914795,2.0471832752227783,-8.345972061157227,common_voice_ko_35845739.mp3,thirties,male_masculine,2,1
6.948027210884354,0.088916015625,0.08358281144207098,1736.505084449213,1415.0710618718026,1723.527275963121,811.7976632584241,3318.517822265625,2641.737616970199,-413.6070861816406,123.78388977050781,0.16609984636306763,39.33638000488281,21.411483764648438,-12.893354415893555,-0.6989043354988098,0.559431791305542,-11.31344223022461,-5.644261837005615,-9.852486610412598,1.9806864261627197,-5.11308479309082,common_voice_ko_35845741.mp3,thirties,male_masculine,2,1
8.46,0.0804339683219178,0.07663758636666701,1671.7693631493971,1175.0604787078037,1825.811413644916,736.9706177034715,3350.772889019692,2286.128767174922,-345.3062438964844,106.6905517578125,3.9714488983154297,44.4362907409668,21.18830108642578,-11.871747016906738,1.2104270458221436,-1.8029987812042236,-8.314911842346191,-5.2782793045043945,-10.503656387329102,-1.8295284509658813,-9.310501098632812,common_voice_ko_35845743.mp3,thirties,male_masculine,2,1
9.54,0.11912042845194647,0.09120435365846655,2230.8417205394617,1320.7475885855742,2087.1549808302993,670.0609981143969,4285.814716868157,2253.408017924344,-393.10308837890625,85.92204284667969,-5.373486042022705,34.75336837768555,7.925755023956299,-6.574462890625,0.7105541229248047,-3.9366865158081055,-3.312580108642578,-3.108375072479248,-6.367088794708252,1.2009061574935913,-8.265687942504883,common_voice_ko_35845746.mp3,thirties,male_masculine,2,1
9.9,0.08489232655152225,0.0755337650127996,1749.6077411234521,1217.4551595002808,1834.173174436323,692.5546177786737,3350.6823930584014,2262.7711139536427,-338.04595947265625,110.6739273071289,2.4125847816467285,30.501737594604492,4.562887191772461,-8.465169906616211,3.1089742183685303,-0.8532772660255432,-4.7263689041137695,-6.974333763122559,-6.9774065017700195,2.646277904510498,-8.73281192779541,common_voice_ko_35845748.mp3,thirties,male_masculine,2,1
9.792018140589569,0.08017300429502369,0.07199300541048378,1651.2511507960355,1132.4058813363672,1793.684036628584,705.7092554041765,3208.932017828051,2194.2480744391196,-314.15936279296875,95.44562530517578,9.442441940307617,30.982250213623047,4.879209518432617,-5.321228504180908,1.9304332733154297,-1.2573840618133545,-8.130992889404297,-3.0275678634643555,-2.986340284347534,-1.191361665725708,-4.032284259796143,common_voice_ko_35845957.mp3,thirties,male_masculine,2,1
7.2,0.08268595508440514,0.07220119228520532,1705.3525579111304,1206.6984685394107,1797.9374233200685,750.2943480588472,3304.7581516278137,2435.1445610765195,-392.51849365234375,110.04679870605469,-1.4024039506912231,39.688995361328125,8.893121719360352,-9.318897247314453,3.206851005554199,-2.879817247390747,-7.478905200958252,-4.419206142425537,-5.036533355712891,1.374532699584961,-7.7750372886657715,common_voice_ko_35845958.mp3,thirties,male_masculine,2,1
5.4360090702947845,0.1075174534574468,0.08749725543732376,1921.9345016597013,1241.435334752281,1951.1468561783086,721.9583225551829,3697.984021775266,2363.4422541026925,-343.4716796875,106.0513687133789,-4.871459007263184,20.152389526367188,4.272627353668213,-9.247101783752441,6.486147403717041,-2.957033157348633,-4.824911117553711,-2.9809231758117676,-7.749011039733887,2.2257754802703857,-5.576156139373779,common_voice_ko_35847345.mp3,thirties,male_masculine,2,1
5.868027210884354,0.07895295516304347,0.07568148050310622,1801.9826842567031,1235.6066438404482,1956.5428118593172,835.7874859485486,3621.450697103508,2618.5485720362176,-434.64990234375,92.12200164794922,4.53853178024292,24.86132049560547,4.405800819396973,-3.700333595275879,5.904672145843506,5.63341760635376,-1.272514820098877,3.380540132522583,-3.3943417072296143,-1.6194740533828735,-4.133848667144775,common_voice_ko_35847347.mp3,thirties,male_masculine,2,1
9.828027210884354,0.09768504016804246,0.08848048679233482,1774.0430882716548,1238.2697332126709,1754.833437546085,667.8055994667402,3415.069522497789,2138.110031433309,-322.9673767089844,106.09135437011719,-0.3805706202983856,40.14972686767578,8.943440437316895,-12.178044319152832,-1.433477759361267,-4.456426620483398,-5.7419538497924805,-1.1895692348480225,-10.194164276123047,1.3698045015335083,-8.093125343322754,common_voice_ko_35847348.mp3,thirties,male_masculine,2,1
7.344036281179139,0.10795790615141956,0.0852726961133472,2163.324729506819,1298.8012063123192,2144.2087363908386,732.9110905651982,4292.477619159109,2510.290696705785,-387.6445617675781,90.89513397216797,-1.2484142780303955,20.24127197265625,6.041809558868408,-7.078159809112549,1.2800978422164917,-2.921581745147705,-6.784804344177246,1.422133207321167,-6.171391487121582,-0.6837508678436279,-3.207453727722168,common_voice_ko_35847828.mp3,thirties,male_masculine,2,1
8.028027210884353,0.104248046875,0.10299608656058874,2010.9542877263425,1335.5870624937531,2016.8719335631272,696.9498630907143,3807.2383461660042,2338.012201622254,-393.3120422363281,95.09300231933594,3.777855396270752,26.556116104125977,4.275003910064697,-7.3568339347839355,3.0403006076812744,-2.163886547088623,-4.251347541809082,1.8606350421905518,-4.755630970001221,2.6092748641967773,-6.122008323669434,common_voice_ko_35848034.mp3,thirties,male_masculine,2,1
7.92,0.07850477430555555,0.08118627141232716,1634.3682206057533,1230.2132571567636,1824.4254540170411,780.2077966329039,3162.3586554276317,2534.146808891264,-346.32354736328125,100.16828918457031,4.32882833480835,24.790061950683594,10.032437324523926,-4.22055196762085,4.028772830963135,3.117072582244873,-3.8638715744018555,-1.4211785793304443,-4.384049415588379,-2.0306804180145264,-4.730562210083008,common_voice_ko_35848037.mp3,thirties,male_masculine,2,1
8.676009070294784,0.07561439881350267,0.06178713264541888,1807.9293333336093,1166.236160235434,2008.9836965455358,752.563463259786,3700.054899001504,2448.0601944743103,-374.687255859375,96.85749816894531,5.4163947105407715,38.184532165527344,16.11566925048828,-10.43239688873291,1.6818498373031616,2.448988199234009,-8.004982948303223,-1.8696364164352417,-9.43133544921875,0.13406029343605042,-5.330300807952881,common_voice_ko_35848083.mp3,thirties,male_masculine,2,1
7.2,0.09692304310691319,0.08749201237950957,1913.9639870375042,1441.1764294968937,1936.4725755747465,730.2343719347896,3636.411022909968,2485.7391978150586,-428.39398193359375,98.69200897216797,8.121086120605469,23.234573364257812,-0.02036493830382824,-1.2423487901687622,5.0444111824035645,-1.2791047096252441,-3.802084445953369,1.2550634145736694,1.5976195335388184,-1.9821895360946655,-4.592601776123047,common_voice_ko_35848085.mp3,thirties,male_masculine,2,1
6.516009070294785,0.08014415591637011,0.07301304270516397,1740.3681239083182,1258.1157312504963,1936.015132725673,827.9137946417897,3447.266580710632,2544.078132173195,-405.80291748046875,96.80825805664062,12.486088752746582,24.679346084594727,3.4382472038269043,-3.0812788009643555,3.404017448425293,-2.4412972927093506,-7.161656379699707,2.1199231147766113,-2.271338701248169,1.8398945331573486,-1.787365198135376,common_voice_ko_35848087.mp3,thirties,male_masculine,2,1
6.984036281179138,0.1026899268064784,0.08673950225492881,2013.2149715888859,1399.3779653408048,2019.5537960094878,819.3167468256742,4027.2097565406975,2691.271161258223,-355.08331298828125,110.68812561035156,1.748404622077942,28.743377685546875,8.1893949508667,-4.827793121337891,1.8178013563156128,-1.7981370687484741,-2.6600592136383057,0.7315356731414795,-4.780775547027588,-0.7284009456634521,-7.348791122436523,common_voice_ko_35848148.mp3,thirties,male_masculine,2,1
10.008027210884354,0.08252744321469907,0.0798015310726983,1705.4431558396502,1367.5911889809943,1796.8641827426768,722.5557679973782,3253.5074869791665,2468.52453671175,-355.66998291015625,122.09578704833984,7.761090278625488,39.56306457519531,7.55196475982666,-13.315173149108887,1.4514200687408447,-3.2199764251708984,-5.905828475952148,-3.5789287090301514,-11.044392585754395,1.1507153511047363,-6.38270378112793,common_voice_ko_35848155.mp3,thirties,male_masculine,2,1
10.26,0.06123842265271493,0.06982145847919877,1465.0425913533493,1084.5673624173455,1820.3624319750197,734.6807281574696,2936.3591673147625,2285.1278491657067,-323.22894287109375,114.87593841552734,14.434884071350098,35.5340461730957,11.650989532470703,-6.260365962982178,5.498703956604004,-1.650023341178894,-6.331155300140381,-3.469758987426758,-7.406679153442383,-0.7201811671257019,-4.6999406814575195,common_voice_ko_35848268.mp3,thirties,male_masculine,2,1
9.43201814058957,0.08965539580773955,0.07999895060775085,1775.3239556184915,1167.31173988457,1875.8106564334337,659.3160250108092,3425.5252322635133,2163.048546539876,-308.3905029296875,109.49403381347656,-3.422548532485962,31.54096031188965,1.310500144958496,-6.0284881591796875,3.3973450660705566,-6.741289138793945,-5.132445812225342,-3.1023833751678467,-6.174564838409424,1.794806718826294,-5.996049880981445,common_voice_ko_35848269.mp3,thirties,male_masculine,2,1
10.152018140589568,0.0746958832762557,0.06857459728668094,1550.5619127741243,1108.3291319831517,1728.342090303561,719.0121906579665,3012.091984160959,2078.3336952406253,-349.14520263671875,123.33007049560547,1.4881787300109863,35.0085563659668,11.156466484069824,-10.717231750488281,1.8920360803604126,-3.4874680042266846,-8.25574779510498,-3.3256044387817383,-8.66789722442627,1.268704891204834,-3.7102811336517334,common_voice_ko_35848354.mp3,thirties,male_masculine,2,1
9.792018140589569,0.08702166950533176,0.08492898754884218,1788.308358926124,1254.4184440194724,1885.2222482086395,769.6429607176296,3519.6326667098638,2410.914208281728,-344.82537841796875,109.70924377441406,2.4505956172943115,26.036998748779297,7.611271381378174,-9.915606498718262,0.7735093832015991,-1.696882724761963,-8.371068954467773,0.7420916557312012,-7.873058319091797,-4.296818733215332,-3.3037056922912598,common_voice_ko_35848359.mp3,thirties,male_masculine,2,1
5.544036281179138,0.07829048444037658,0.04862937974095593,1888.264108567952,1004.6491141687465,2082.146886380473,840.893417779503,4083.9206328451883,2413.193584948388,-380.1651306152344,101.40347290039062,-7.5642876625061035,37.33311080932617,14.897139549255371,-8.733723640441895,3.1997921466827393,-1.8779363632202148,-6.544034481048584,2.337115526199341,-8.276032447814941,2.058976173400879,-9.24992561340332,common_voice_ko_35848398.mp3,thirties,male_masculine,2,1
8.604036281179138,0.0773971845518868,0.05740360618425112,1710.851968926248,1036.983179936289,1961.6444789306283,733.4098409737076,3416.2629901238206,2225.540499940905,-406.48736572265625,94.46058654785156,6.07558012008667,24.476106643676758,10.61036491394043,-3.281050205230713,-1.1005579233169556,-1.4181636571884155,-4.822072982788086,2.0448803901672363,-4.2740888595581055,-1.967458724975586,-3.0011439323425293,common_voice_ko_35848401.mp3,thirties,male_masculine,2,1
6.696009070294784,0.09974622891435986,0.08377759350737866,2018.394588332927,1386.2350482278819,1995.8423211097283,696.8377404413254,3907.829311067258,2304.9220929266585,-398.86944580078125,79.11653137207031,6.385502815246582,37.40985870361328,13.835755348205566,-4.717912673950195,-1.2139238119125366,0.6094876527786255,-6.132401943206787,0.7643922567367554,-7.83253812789917,0.03630310297012329,-3.367896556854248,common_voice_ko_35848402.mp3,thirties,male_masculine,2,1
9.36,0.0879994005259901,0.0869221963508371,1693.7644503053075,1355.4762260113257,1765.290715981364,769.7117562541221,3225.156818049969,2574.8203952330605,-359.777587890625,110.72671508789062,11.394686698913574,37.25774383544922,10.217448234558105,-4.013130187988281,0.4855693280696869,-2.2944366931915283,-8.352437019348145,-7.805522441864014,-6.852851390838623,0.1720748394727707,-4.997783184051514,common_voice_ko_35848499.mp3,thirties,male_masculine,2,1
7.848027210884354,0.09854757997411243,0.08662220050186051,1897.8493877527317,1323.0965647700455,1872.3640170917713,693.6016438060735,3571.007795164571,2386.202232636239,-359.9573669433594,93.21067810058594,-2.8110384941101074,34.22933578491211,12.93906021118164,-6.90099573135376,2.24294114112854,-4.099681377410889,-10.49969482421875,-3.4869680404663086,-6.0251383781433105,-0.05119725689291954,-5.248012065887451,common_voice_ko_35848501.mp3,thirties,male_masculine,2,1
4.716009070294785,0.10986328125,0.08885933583052091,2143.7081143539726,1511.519325271622,2143.986227632323,936.3585703577714,4330.07381663603,3115.176938233004,-389.3828430175781,85.14280700683594,7.270709991455078,24.822586059570312,11.794665336608887,-0.29769381880760193,5.490917682647705,-0.017916304990649223,-4.677046298980713,-1.7233450412750244,-0.6025440096855164,-1.8396055698394775,-5.252588748931885,common_voice_ko_35848502.mp3,thirties,male_masculine,2,1
4.032018140589569,0.10988573096264367,0.04862717427754201,2255.9074567220578,1124.1254144572672,2212.371845624867,730.3670859614649,4505.080229660561,2026.7292203430627,-471.7926025390625,75.95165252685547,-9.575430870056152,11.496124267578125,-3.2069225311279297,-0.7149490118026733,6.711831092834473,1.296139121055603,1.4274966716766357,-1.761447548866272,1.9971976280212402,6.238066673278809,-7.631962776184082,common_voice_ko_35890610.mp3,thirties,male_masculine,2,1
6.732018140589569,0.095556640625,0.08486433381594603,1843.9893126381385,1254.043737530122,1827.108063862401,736.9845859712385,3473.602673760776,2241.7603461280996,-392.9524841308594,108.1842041015625,-11.686775207519531,27.623929977416992,14.147069931030273,-11.386635780334473,3.0991933345794678,0.9469228982925415,-9.256247520446777,-2.9916646480560303,-10.442743301391602,-4.562330722808838,-6.307297706604004,common_voice_ko_35890635.mp3,thirties,male_masculine,2,1
9.828027210884354,0.08735858269457547,0.07460414598841997,1709.5107569397358,1138.4931065515118,1724.2780903633288,720.8041435126063,3262.229487581073,2188.1097074108716,-378.2196960449219,116.51622009277344,-8.049756050109863,35.82344436645508,11.142622947692871,-16.4884090423584,-0.6102076172828674,-3.545933961868286,-7.156435012817383,-4.319672107696533,-9.440495491027832,-2.080083131790161,-11.123042106628418,common_voice_ko_35890674.mp3,thirties,male_masculine,2,1
7.164036281179138,0.09135441949838188,0.06984715149665138,1778.7212569996454,1201.1165952539939,1746.0629742558413,760.5707626195294,3409.179924529733,2237.400348644095,-373.6775817871094,116.12448120117188,-15.569623947143555,24.971887588500977,10.483556747436523,-14.26966381072998,0.34931492805480957,1.8871396780014038,-7.179409980773926,-5.332502841949463,-6.342851638793945,-4.745636940002441,-10.260369300842285,common_voice_ko_35890675.mp3,thirties,male_masculine,2,1
10.44,0.091552734375,0.0756452723462788,1898.9026962531323,1229.408962304824,1893.6599632966074,659.6150663315404,3645.6669921875,2112.2890067524513,-344.822265625,93.64156341552734,-3.9386441707611084,37.99280548095703,14.528799057006836,-8.543143272399902,-1.0698856115341187,-5.574550151824951,-7.105920314788818,-1.9033398628234863,-7.308232307434082,-3.4986555576324463,-8.331719398498535,common_voice_ko_35890698.mp3,thirties,male_masculine,2,1
8.712018140589569,0.08433500249335106,0.0496653372162598,1815.211738955808,1080.5522260230948,1844.6022783282074,755.490589212522,3598.7079376870015,2171.4771174701355,-407.0442199707031,112.41740417480469,-14.736364364624023,26.594200134277344,12.842942237854004,-10.358474731445312,1.7032955884933472,-1.009796380996704,-10.16724967956543,-7.001750469207764,-7.408890247344971,-1.4135454893112183,-9.521366119384766,common_voice_ko_35890699.mp3,thirties,male_masculine,2,1
9.684036281179138,0.11130593039772728,0.09208956149015475,2023.9206914778874,1266.9014984048113,1918.5216895960984,754.8955630715726,3904.155179986543,2317.7389106955584,-395.3956298828125,99.31822204589844,-8.362936019897461,25.27200698852539,6.330885887145996,-10.034684181213379,-1.1781816482543945,-4.016060829162598,-8.945249557495117,-7.847958564758301,-6.402130603790283,-3.4679760932922363,-11.183168411254883,common_voice_ko_35890728.mp3,thirties,male_masculine,2,1
7.884036281179139,0.10748506433823529,0.0766387774989731,1971.4517281656688,1176.8291931723224,1896.2797888638768,755.6916303735044,3756.5622845818016,2239.584672011858,-388.724853515625,103.5394058227539,-13.376873016357422,16.641796112060547,3.197922706604004,-11.466353416442871,4.245348930358887,-4.5671796798706055,-10.424509048461914,-4.4772539138793945,-4.747178077697754,-5.051305770874023,-9.769944190979004,common_voice_ko_35890736.mp3,thirties,male_masculine,2,1
6.408027210884354,0.10534314141757246,0.08103042079691243,2005.2462854182286,1141.2066886393782,1990.4824051486887,710.2986961019453,3898.2119352921195,2079.517612055861,-388.4362487792969,84.69798278808594,-9.035073280334473,20.254762649536133,12.980120658874512,-6.6872992515563965,2.3231306076049805,-0.9372625946998596,-12.012131690979004,-4.036622047424316,-3.59032940864563,-3.89170503616333,-10.175508499145508,common_voice_ko_35890774.mp3,thirties,male_masculine,2,1
9.18,0.10577330926452021,0.07378145027354883,1915.13996623664,1082.5294719808564,1866.9774803547316,704.6225326224534,3613.4726784446025,2093.8976990012297,-356.0645446777344,90.17205047607422,-10.323980331420898,26.55513572692871,8.02468204498291,-12.818556785583496,0.3362348973751068,-2.557526111602783,-9.120725631713867,-7.600879192352295,-8.591780662536621,-2.9084343910217285,-8.337321281433105,common_voice_ko_35890804.mp3,thirties,male_masculine,2,1
8.208027210884353,0.10698049081920905,0.08433003770953763,1934.5469073517743,1340.7959400778195,1762.9037968436435,739.15776894412,3602.0365052304023,2269.627513593509,-372.46954345703125,110.2503433227539,-13.625203132629395,32.403438568115234,5.592148780822754,-16.865060806274414,3.4552218914031982,-3.9141879081726074,-8.289131164550781,-9.673308372497559,-9.034778594970703,-0.6293498873710632,-12.622944831848145,common_voice_ko_35890848.mp3,thirties,male_masculine,2,1
10.33201814058957,0.10804511938202248,0.10669645264934308,1971.235632644477,1334.760763098769,1820.952946349847,651.6687619161008,3658.1766810042136,2234.2184482364505,-328.75140380859375,97.41785430908203,-14.822752952575684,35.19548034667969,16.834672927856445,-13.463354110717773,-6.071470260620117,-6.165894031524658,-8.483246803283691,-3.209479331970215,-8.656670570373535,-4.353048801422119,-8.946417808532715,common_voice_ko_35890923.mp3,thirties,male_masculine,2,1
8.928027210884354,0.08367491883116883,0.05220837812174417,1906.0230616265053,1001.7674184305895,2137.175352997806,790.3395475925046,4064.9653764204545,2329.306679962706,-394.365234375,84.69075012207031,-4.4109206199646,15.312195777893066,4.381093502044678,-7.000717639923096,4.111220359802246,1.6151700019836426,-6.377532005310059,-5.677042484283447,-4.33544397354126,-1.773558259010315,-5.300575256347656,common_voice_ko_35890924.mp3,thirties,male_masculine,2,1
8.064036281179138,0.09877452631106322,0.06931109057728845,2001.5248401618242,1154.9326691876097,2000.8636754446181,713.1688246572603,3949.1770777209053,2229.2875701368826,-390.5306701660156,94.7890853881836,-7.7482147216796875,25.76319122314453,8.178465843200684,-12.84658145904541,1.4699047803878784,0.14627619087696075,-6.145997524261475,-4.507124900817871,-6.667839050292969,-2.6348092555999756,-10.542192459106445,common_voice_ko_35890942.mp3,thirties,male_masculine,2,1
4.716009070294785,0.08604760263480392,0.06793783564624581,1934.747907523697,1040.806305660019,2077.8588214971046,716.0527783765472,3981.5314797794117,2240.146249258142,-377.84649658203125,86.1546401977539,-4.878375053405762,39.04633331298828,16.63631248474121,-6.748108386993408,3.6407926082611084,1.4310091733932495,-4.766542434692383,-1.0628150701522827,-9.012724876403809,-0.7382597327232361,-5.841838836669922,common_voice_ko_35890972.mp3,thirties,male_masculine,2,1
3.168027210884354,0.06480953467153285,0.047389435367672025,1781.6067445618653,946.5914480610589,2126.640581762507,665.3838774276826,3637.4609731409673,2114.5197839908365,-395.7311096191406,62.70397186279297,4.1418375968933105,35.89894485473633,21.261579513549805,-5.01493501663208,3.95422101020813,5.205648422241211,-5.157190322875977,-0.23948903381824493,-6.9396796226501465,-0.5687781572341919,-3.916731119155884,common_voice_ko_35890974.mp3,thirties,male_masculine,2,1
10.152018140589568,0.0866242151826484,0.0828145494076845,1678.4940822690212,1154.7591317171125,1668.0358720756376,685.6759349366132,3169.854652718322,2152.9335142958994,-343.7760009765625,119.64114379882812,-15.951460838317871,28.735261917114258,13.220524787902832,-11.733994483947754,1.1845515966415405,-2.2118332386016846,-12.6965913772583,-2.0654966831207275,-2.9250235557556152,-3.1453442573547363,-6.430901527404785,common_voice_ko_35890975.mp3,thirties,male_masculine,2,1
4.212018140589569,0.07385656335851648,0.03883653384650181,1689.0528723215384,1111.2255209888497,1838.105044186584,762.8250712809335,3363.439002403846,2072.749035379236,-407.234375,98.93456268310547,-5.935654640197754,26.548748016357422,17.744384765625,-9.204038619995117,1.7453083992004395,-1.5094654560089111,-9.387422561645508,-2.930650234222412,-6.063017845153809,-0.527773916721344,-2.372178554534912,common_voice_ko_35890976.mp3,thirties,male_masculine,2,1
4.032018140589569,0.10361664870689655,0.06901612699390758,2131.61917382919,1250.291816219195,2221.714317512212,805.912648266796,4390.793372844828,2655.4592711029504,-473.3868408203125,81.66761779785156,5.679966926574707,18.434066772460938,-0.8568795919418335,-11.567606925964355,10.26745891571045,3.473628520965576,-4.635388374328613,1.6418087482452393,-3.877241373062134,-3.656745672225952,-1.3363112211227417,common_voice_ko_35891028.mp3,thirties,male_masculine,2,1
8.676009070294784,0.0795245655080214,0.05120611192284808,1851.598431372298,1134.3860758698231,1951.5367295664537,824.8101683880624,3830.232899711731,2401.3324177370478,-390.2513732910156,108.64197540283203,-11.551924705505371,33.112205505371094,16.649904251098633,-13.867693901062012,1.7190494537353516,-4.837874412536621,-10.225907325744629,-2.385617256164551,-6.458178997039795,0.584409236907959,-8.237154006958008,common_voice_ko_35891029.mp3,thirties,male_masculine,2,1
10.33201814058957,0.07923323384831461,0.06419751171516905,1616.9874083516686,991.8914710275438,1715.106650488042,677.7572553475762,3201.0195202773875,1880.8828552886523,-346.17767333984375,117.65695190429688,-10.916224479675293,33.6977653503418,10.435890197753906,-14.316535949707031,3.6704320907592773,-2.3698291778564453,-10.158209800720215,-6.529066562652588,-9.408736228942871,0.35774391889572144,-4.352316379547119,common_voice_ko_35891183.mp3,thirties,male_masculine,2,1
4.8960090702947845,0.12072580346563981,0.12907347404243044,2084.460079743072,1603.2171586310326,1851.3272819096585,790.4775339517056,3865.924332605154,2620.085947540965,-333.56689453125,105.1960678100586,-12.757843971252441,29.740707397460938,18.423219680786133,-11.62707805633545,2.918919324874878,-1.129865288734436,-10.254447937011719,-5.269070625305176,-6.563912868499756,2.4983088970184326,-5.296512603759766,common_voice_ko_35891245.mp3,thirties,male_masculine,2,1
7.416009070294785,0.1016845703125,0.09175644653914562,1962.7244272602966,1345.3892117376683,1880.2314035890493,753.8633827553183,3743.2445526123047,2400.8557771871638,-358.35418701171875,101.27000427246094,-7.024386405944824,33.156429290771484,3.833007335662842,-6.782630920410156,5.3712029457092285,-4.3096442222595215,-3.986330509185791,-0.6499543190002441,-1.6260316371917725,2.2815070152282715,-6.211948394775391,common_voice_ko_35891312.mp3,thirties,male_masculine,2,1
6.372018140589569,0.09134943181818182,0.09835837384189451,1924.2199172863025,1526.695175743037,1896.474070327023,781.919965508292,3741.257013494318,2578.9579028438957,-363.50347900390625,85.09518432617188,4.84242057800293,44.41718673706055,23.882429122924805,-9.675174713134766,2.9646201133728027,-0.3891694247722626,-7.81959867477417,-3.0854341983795166,-9.635051727294922,-1.5388462543487549,-5.103899002075195,common_voice_ko_35891313.mp3,thirties,male_masculine,2,1
7.488027210884353,0.09121033281733747,0.08043357311404081,1902.9733580999002,1183.3979601127478,1854.9893896840874,673.0146143652663,3677.2777640044505,2060.515845306035,-309.4439392089844,92.61164093017578,-11.238600730895996,47.211326599121094,24.10790252685547,-16.489459991455078,-0.1833704262971878,-4.115405559539795,-9.952543258666992,-3.011625051498413,-10.471864700317383,0.4770941436290741,-6.957144737243652,common_voice_ko_35891349.mp3,thirties,male_masculine,2,1
2.7,0.10604884481837606,0.06875440118462363,2199.507555512296,1395.4144952802874,2150.1008795933353,809.1717470117161,4397.466571514423,2578.547573824598,-402.4807434082031,68.01112365722656,-6.998706817626953,13.338733673095703,3.873569965362549,-1.3930401802062988,1.7201327085494995,-1.5626747608184814,-3.3268067836761475,-2.8967952728271484,-3.1881046295166016,3.0646355152130127,-1.7979706525802612,common_voice_ko_35891357.mp3,thirties,male_masculine,2,1
3.3840362811791382,0.10369287778253425,0.08160416378678721,2110.5055140644918,1168.7552389270766,2073.948369096353,683.8041015441324,4155.170764661815,2208.5211712726405,-337.06292724609375,83.44103240966797,-5.796442031860352,40.42964172363281,15.390052795410156,-5.460176467895508,-0.2921779155731201,2.946686267852783,-7.537524223327637,-5.39329719543457,-4.3493194580078125,0.11322711408138275,-7.525714874267578,common_voice_ko_35891385.mp3,thirties,male_masculine,2,1
8.1,0.11103571588467048,0.10015479379180922,2040.2451910483003,1391.0658546791476,1834.1483069929911,663.247802691562,3785.6173190141476,2296.1710411774607,-359.58294677734375,93.14497375488281,-7.892085075378418,52.45725631713867,16.332611083984375,-11.787775039672852,-1.3091744184494019,-3.7604000568389893,-10.938050270080566,-3.9085493087768555,-6.894644737243652,1.8681652545928955,-9.10968017578125,common_voice_ko_35891392.mp3,thirties,male_masculine,2,1
8.46,0.08957352311643836,0.07721649003040658,1901.718002069931,1355.2320490824677,1938.9683420633594,847.8095063100913,3761.8505859375,2681.8551719650495,-368.5362243652344,105.93769073486328,-7.637552738189697,22.47588348388672,9.41018009185791,-9.549714088439941,-0.6223654747009277,-2.100999355316162,-6.993238925933838,-0.5328770279884338,-5.736783027648926,-1.0479010343551636,-5.881882667541504,common_voice_ko_35891436.mp3,thirties,male_masculine,2,1
10.51201814058957,0.09731132726269316,0.10961798039708925,1851.9500783195049,1352.4287546716484,1802.4834809331091,683.4730647082517,3497.719467870447,2305.191066824347,-332.1444396972656,102.93890380859375,-4.405127048492432,36.67353820800781,10.526515007019043,-13.353636741638184,-1.008132815361023,-2.311906576156616,-9.100454330444336,-2.8380770683288574,-8.381311416625977,-1.4612847566604614,-5.4494218826293945,common_voice_ko_35891440.mp3,thirties,male_masculine,2,1
4.968027210884354,0.11461831921728972,0.11861417494941434,1978.938430040172,1672.3742908142515,1712.9456594450417,832.4809738388824,3573.3545606381426,2927.784405113686,-350.2204284667969,94.8736343383789,1.7539656162261963,36.67015075683594,12.87944221496582,-14.253911018371582,-1.461120843887329,2.4898202419281006,-8.531083106994629,-5.098307132720947,-11.773592948913574,-5.2853007316589355,-5.429962635040283,common_voice_ko_35891443.mp3,thirties,male_masculine,2,1
7.56,0.09633968797929447,0.08311982898782073,1971.8815601078832,1388.8867093618849,1894.437958573361,728.5083770258072,3777.690040260736,2359.268417623371,-357.0927429199219,105.6185302734375,-11.330238342285156,28.910995483398438,14.03180980682373,-11.35473346710205,-1.1050962209701538,-3.860771656036377,-11.428199768066406,-3.09586501121521,-7.538495063781738,1.847802996635437,-5.86845064163208,common_voice_ko_35891446.mp3,thirties,male_masculine,2,1
9.972018140589569,0.08945198946220931,0.07155299942763639,1807.479175217207,1213.7082811354499,1787.1293658578238,701.0948919832954,3501.073480650436,2248.716860977944,-366.1987609863281,105.54647827148438,-9.868261337280273,34.23967742919922,13.575262069702148,-13.654176712036133,-1.878564476966858,-3.376197338104248,-10.44895076751709,-2.7211830615997314,-7.9937424659729,0.8511551022529602,-5.2441253662109375,common_voice_ko_35891556.mp3,thirties,male_masculine,2,1
3.528027210884354,0.1412353515625,0.12029084697190019,2583.605098616857,1615.0663679309257,2339.988359846868,764.8006898719988,5115.9773977179275,2663.441917986393,-437.4326171875,52.92738723754883,1.572476863861084,20.01827049255371,8.96760082244873,-2.093761920928955,1.9543421268463135,-1.4441733360290527,-1.6996570825576782,-0.3607396185398102,-1.916581630706787,-0.5778717398643494,-6.092654705047607,common_voice_ko_35891559.mp3,thirties,male_masculine,2,1
8.46,0.09332191780821918,0.06687336034895155,1787.1640377136196,1053.8818269592473,1802.70795945875,655.7665608580434,3392.3939158818494,1998.2275280876026,-314.5120849609375,116.24069213867188,-13.74465274810791,30.726926803588867,7.263768672943115,-15.284728050231934,1.8340280055999756,-4.718740463256836,-8.920683860778809,-6.863827228546143,-8.62371826171875,1.9966671466827393,-6.681107997894287,common_voice_ko_35891711.mp3,thirties,male_masculine,2,1
8.784036281179139,0.10064906621042216,0.0888832997344031,1890.8624147478931,1229.0065206068255,1904.2222282574503,675.3463383299357,3579.1990254988455,2321.367426044404,-377.0877380371094,99.48946380615234,-2.4780266284942627,37.60912322998047,15.385830879211426,-10.035774230957031,3.934844732284546,-3.827810525894165,-9.428153991699219,-2.489651679992676,-7.351613998413086,-0.8311688899993896,-9.5592679977417,common_voice_ko_35891712.mp3,thirties,male_masculine,2,1
5.47201814058957,0.09902178230932203,0.08970101268673299,2036.5913986587123,1229.0149683846812,2053.989327594076,783.1647053738186,4124.748928264036,2420.675881813218,-375.9261169433594,85.25332641601562,-8.287516593933105,32.28071594238281,18.3685245513916,-8.026637077331543,0.6064777970314026,-4.897217273712158,-11.30396842956543,0.9663563370704651,-3.302344799041748,-2.906273365020752,-5.1944499015808105,common_voice_ko_35891713.mp3,thirties,male_masculine,2,1
6.552018140589569,0.0871849464443463,0.06663111894108391,1952.5816890660437,1167.9767217761234,2050.4512701753865,743.6159112720323,3917.9777219522966,2393.914192415566,-391.5208740234375,84.30323791503906,-2.2543418407440186,32.816932678222656,12.557522773742676,-7.489555358886719,2.2723376750946045,-0.11793426424264908,-7.366648197174072,-1.0067336559295654,-5.902074813842773,1.1797832250595093,-5.496320724487305,common_voice_ko_35891715.mp3,thirties,male_masculine,2,1
9.9,0.08692664117388758,0.08443174984642705,1822.4738947928586,1263.5283216162711,1871.0095512738424,813.8691944642802,3656.9127817622953,2478.967246828352,-366.2683410644531,102.10507202148438,-5.179122447967529,27.446163177490234,8.365740776062012,-7.675100803375244,1.7216308116912842,-4.48219108581543,-9.70948314666748,-3.6502647399902344,-3.0564467906951904,-0.060161296278238297,-5.019200801849365,common_voice_ko_35891855.mp3,thirties,male_masculine,2,1
9.108027210884353,0.07560034987277353,0.059783903099693204,1624.7541521188614,1010.8677673344572,1817.3882562857805,734.0392826031373,3296.1690422232823,2200.2463850067866,-367.2658386230469,117.56920623779297,-3.338345766067505,35.16874313354492,7.776843547821045,-7.4792914390563965,1.8334425687789917,-5.085574626922607,-6.343227386474609,-4.715153217315674,-7.87949275970459,3.4046480655670166,-7.029366493225098,common_voice_ko_35891857.mp3,thirties,male_masculine,2,1
10.008027210884354,0.1213062427662037,0.10689430588646251,2191.117662900181,1436.5591672504158,1945.980157806646,763.5819545005527,4091.5328979492188,2518.8850274675738,-360.8525695800781,89.09072875976562,-9.32731819152832,29.698352813720703,5.292926788330078,-15.678332328796387,-0.9814127683639526,-3.7701778411865234,-10.964459419250488,-7.12459135055542,-6.045620441436768,3.1910436153411865,-5.306051254272461,common_voice_ko_35891859.mp3,thirties,male_masculine,2,1
7.344036281179139,0.095573738170347,0.07277221586952429,1768.2263696428324,1074.7991199403903,1798.88101589696,716.6727814855244,3347.8017331673896,2074.3120037835774,-340.4112243652344,111.46404266357422,-8.15770435333252,35.05805587768555,9.766827583312988,-9.72451400756836,-1.5975525379180908,-8.696797370910645,-7.406350135803223,-6.382071495056152,-6.061926364898682,3.3613996505737305,-6.883762836456299,common_voice_ko_35892031.mp3,thirties,male_masculine,2,1
7.488027210884353,0.1148821473490712,0.0980571590444675,2178.837267732293,1352.5315267461724,2079.3142875243066,769.7973194350643,4256.707593604876,2637.8079691924245,-382.8541564941406,84.01636505126953,-4.163089752197266,29.266124725341797,13.169413566589355,-12.153155326843262,-3.0146334171295166,0.6163846850395203,-13.387460708618164,-5.933469772338867,-5.170878887176514,-8.098084449768066,-1.9483872652053833,common_voice_ko_35892130.mp3,thirties,male_masculine,2,1
9.072018140589568,0.08563529012148338,0.07937188316877394,1745.829366844441,1199.973916938795,1887.1133026008565,772.6218813367186,3415.4909411964513,2306.3097974941793,-392.8702697753906,93.1121597290039,8.026045799255371,26.127927780151367,8.35023021697998,-6.2554192543029785,0.3269960880279541,-1.1747206449508667,-8.400609016418457,-4.626279830932617,-3.8902859687805176,0.9819159507751465,-2.2963693141937256,common_voice_ko_35892265.mp3,thirties,male_masculine,2,1
9.324036281179138,0.09611488456156717,0.08281582586676423,1837.4422557739697,1236.0847570026199,1864.9485108210295,735.5812709268986,3486.1827337919776,2384.0916926338464,-354.161376953125,98.54315948486328,-3.785815715789795,30.32193946838379,12.501960754394531,-9.872257232666016,-0.6184046268463135,0.17489290237426758,-9.722648620605469,-4.076692581176758,-6.743284702301025,-3.58766770362854,-4.643564701080322,common_voice_ko_35892266.mp3,thirties,male_masculine,2,1
9.648027210884354,0.09116656963641827,0.07212030548911405,1746.1551264364966,1195.3672045654066,1779.5855655434084,803.9708346941867,3354.9092806302583,2392.7339322481275,-379.6459655761719,108.10637664794922,-5.153102397918701,19.98611068725586,0.994476854801178,-11.415886878967285,-2.97204327583313,-2.9415550231933594,-9.924541473388672,-3.036097288131714,-5.2634100914001465,-1.0357632637023926,-1.9922711849212646,common_voice_ko_35969003.mp3,thirties,male_masculine,2,1
9.43201814058957,0.0783061559428747,0.06743931844170764,1704.760557928149,1118.9690512582397,1903.3420427178223,740.5030541638183,3366.9041289158477,2356.509846257329,-372.67791748046875,90.91254425048828,4.966831207275391,30.994958877563477,13.456534385681152,-4.693394184112549,-0.12286804616451263,-1.8052669763565063,-7.493008136749268,-0.8092563152313232,-1.6095342636108398,0.12850801646709442,-5.319015979766846,common_voice_ko_35969048.mp3,thirties,male_masculine,2,1
9.9,0.08050122584894613,0.07429424906035563,1767.633601231082,1178.2794894236263,1884.9713309711028,684.3690415377367,3452.3473520747953,2229.15103755674,-371.4075012207031,86.10856628417969,-0.3581593930721283,33.430667877197266,16.79518699645996,-9.258097648620605,-6.4876203536987305,-0.8078703880310059,-12.101634979248047,-0.35891541838645935,-6.121870040893555,-2.28875994682312,-4.735275745391846,common_voice_ko_35969071.mp3,thirties,male_masculine,2,1
8.53201814058957,0.08446204144021739,0.07165987014504076,1771.1496095260252,1145.9416427884914,1870.462808030131,762.5434191486205,3553.8854847783628,2345.3449540692013,-365.9619140625,105.44769287109375,-10.436159133911133,32.7574577331543,11.944537162780762,-7.984622478485107,-4.964867115020752,-6.343764781951904,-9.598095893859863,-3.534311294555664,-3.4966530799865723,0.2079237997531891,-6.911503791809082,common_voice_ko_35969073.mp3,thirties,male_masculine,2,1
6.444036281179138,0.09357787207733813,0.08655108724653443,1762.932598355266,1120.075028351282,1787.8764903584458,648.6404568452141,3378.5440787994603,2009.3984803528733,-315.08233642578125,93.66172790527344,-9.662491798400879,26.451107025146484,8.746369361877441,-10.329923629760742,-3.068155527114868,-2.326766014099121,-10.313542366027832,-4.725521564483643,-5.227541923522949,-1.6084030866622925,-5.027914524078369,common_voice_ko_35969074.mp3,thirties,male_masculine,2,1
3.1320181405895693,0.04615162037037037,0.024370103063537762,1351.351607633443,624.2598193692639,1905.439945974683,595.7025779548312,2836.0823567708335,1614.3118678805756,-407.9500427246094,78.53592681884766,11.720099449157715,20.216691970825195,5.768393039703369,-1.5572391748428345,4.436152458190918,7.8269758224487305,-4.494718074798584,-0.3950561583042145,-2.279592275619507,1.6087054014205933,-0.3826886713504791,common_voice_ko_35969101.mp3,thirties,male_masculine,2,1
4.716009070294785,0.07822792202818628,0.05767020564224464,1749.4058710449503,881.781589869408,1854.381369678949,627.8678922270443,3450.69580078125,1793.928811914385,-347.36090087890625,99.4961929321289,-10.763628005981445,46.43025207519531,20.479999542236328,-15.157621383666992,-4.601245403289795,-0.5688259601593018,-20.843271255493164,-0.6844189167022705,-5.838031768798828,0.014973958022892475,-3.895897388458252,common_voice_ko_35969102.mp3,thirties,male_masculine,2,1
10.008027210884354,0.09110740379050926,0.08901786112300118,1707.8777651445807,1232.9112145913064,1706.8332116402134,698.3150630460777,3252.3859659830728,2174.481627710779,-342.9937744140625,120.5545425415039,-8.536832809448242,34.39476776123047,13.619352340698242,-15.168209075927734,-5.367546558380127,-3.8336453437805176,-14.681565284729004,-1.0545741319656372,-9.767180442810059,0.8715967535972595,-4.113250255584717,common_voice_ko_35969103.mp3,thirties,male_masculine,2,1
5.04,0.08123387327981652,0.06564241432562162,1760.2008683164222,1000.3238646414635,1888.3612883342862,649.1733338054324,3504.1337039492546,1910.6674070658923,-367.5885314941406,87.038330078125,-4.455909252166748,29.34442138671875,12.02742862701416,-13.643613815307617,0.06880705058574677,1.6031997203826904,-11.492465019226074,-0.8362438082695007,-4.929311752319336,1.5752211809158325,-2.2082395553588867,common_voice_ko_35969104.mp3,thirties,male_masculine,2,1
7.8120181405895694,0.08892224591988131,0.06577267503312029,1745.626652717057,943.888293544435,1826.1203739843245,600.2697083262633,3417.389622357196,1819.543783164806,-335.2568054199219,95.22171020507812,-8.23554515838623,34.433837890625,11.617993354797363,-11.011343955993652,-8.27675724029541,-3.637799024581909,-11.106305122375488,-5.6795735359191895,-5.574643135070801,2.1758999824523926,-6.811339378356934,common_voice_ko_35969129.mp3,thirties,male_masculine,2,1
9.144036281179138,0.08301400896256345,0.08354364779344474,1523.0410590988233,1329.736310045503,1671.2712033525875,910.1139488279866,2943.162575348985,2631.267356272728,-486.9331359863281,116.46434783935547,22.55280303955078,34.16341018676758,18.11252784729004,-8.392022132873535,-2.9020562171936035,-4.31133508682251,-11.717391967773438,-10.003661155700684,-4.168665409088135,0.9554505348205566,-6.366301536560059,common_voice_ko_35969182.mp3,thirties,male_masculine,2,1
7.236009070294784,0.10811517177483974,0.09640365512753987,2106.8036033247054,1389.689186694693,2139.018527050498,754.4838383131631,4204.047335111178,2651.1788162905946,-518.8676147460938,76.84093475341797,15.22244930267334,46.5138053894043,26.087465286254883,-9.271429061889648,-0.4023064076900482,-4.751639366149902,-12.24576187133789,1.056007981300354,-6.58563232421875,-3.0930957794189453,-3.224498987197876,common_voice_ko_35969210.mp3,thirties,male_masculine,2,1
7.8120181405895694,0.11220761081231453,0.09820119046523992,2124.134205705012,1458.2343848991393,2086.8027567969066,928.85541076176,4282.136223224221,2871.4569135875163,-483.4000244140625,77.36270904541016,14.460586547851562,27.285486221313477,13.38655948638916,-10.402352333068848,-4.56953239440918,-4.579784870147705,-9.145671844482422,-2.762315273284912,-1.5283840894699097,-3.3678503036499023,-4.029829978942871,common_voice_ko_35969214.mp3,thirties,male_masculine,2,1
10.116009070294785,0.11450755268061927,0.10544253496983584,2007.6611879782809,1578.1838349262923,1912.824854467893,931.4971691888469,3817.9949559202983,3062.3540329594625,-476.23455810546875,99.02008056640625,16.505342483520508,21.75665855407715,6.328221321105957,-11.962089538574219,-1.055947184562683,-5.416802406311035,-11.481510162353516,-6.497160911560059,-2.479151725769043,0.014476601034402847,-3.2923567295074463,common_voice_ko_35969238.mp3,thirties,male_masculine,2,1
9.324036281179138,0.09511767335199005,0.09750966192097493,1851.8391104557775,1459.5627062479791,1975.5891083918693,946.4200547258647,3784.8889706739737,3028.428051026124,-481.0897521972656,100.3876724243164,15.035008430480957,31.459959030151367,21.769336700439453,-5.094155788421631,-0.660413920879364,-3.6687862873077393,-9.615015983581543,-3.1589999198913574,1.3312374353408813,-0.6393051743507385,-6.791719436645508,common_voice_ko_35969239.mp3,thirties,male_masculine,2,1
9.072018140589568,0.08459753636508952,0.07069678491344673,1729.3630731009096,1299.8022708506517,1873.9810632638457,976.3789248815827,3510.6831192055624,2952.1226500275848,-476.6930236816406,104.99656677246094,9.215219497680664,38.636634826660156,22.232440948486328,-10.921815872192383,0.11395138502120972,0.5969942212104797,-9.483011245727539,-5.524929046630859,-1.0643692016601562,-3.9141805171966553,-5.990436553955078,common_voice_ko_35969310.mp3,thirties,male_masculine,2,1
10.33201814058957,0.09435349367977527,0.0791122709930733,1693.2382885643672,1330.8478307426637,1743.009744380381,923.1493843047206,3304.306311446629,2831.017438886954,-468.174072265625,107.3509292602539,14.233369827270508,32.95718765258789,13.554168701171875,-14.257580757141113,-2.2414231300354004,-5.054522514343262,-13.047502517700195,-8.719917297363281,-2.085458993911743,0.5409181118011475,-5.28828763961792,common_voice_ko_35969408.mp3,thirties,male_masculine,2,1
8.46,0.1032935573630137,0.07493022348421155,1949.4697127967966,1321.4451796850003,1937.8518785524354,1024.92493207601,3949.425433433219,3000.4480315971323,-482.30126953125,103.6664047241211,3.5596842765808105,23.84317970275879,9.404264450073242,-13.17018985748291,-0.3888590633869171,1.3593649864196777,-10.1774320602417,-7.713438987731934,2.540438175201416,3.0884039402008057,-6.331456661224365,common_voice_ko_35969443.mp3,thirties,male_masculine,2,1
8.928027210884354,0.08430017248376623,0.06958779277888831,1484.7555336055814,1228.880068724488,1595.273218900374,907.4492494065784,2934.66796875,2728.7657509925325,-451.54095458984375,133.7884521484375,10.426222801208496,30.384050369262695,14.733762741088867,-16.998483657836914,-1.8178967237472534,-8.445710182189941,-15.33137321472168,-10.51597785949707,-4.280256748199463,1.0941437482833862,-5.450891494750977,common_voice_ko_35969657.mp3,thirties,male_masculine,2,1
7.092018140589569,0.12766639859068626,0.10976485763710582,2315.4246422867,1561.9021563577837,2041.005876778027,866.4082201801962,4504.802389705882,2711.0410546920493,-477.80194091796875,74.42915344238281,2.203402280807495,32.53901672363281,17.146013259887695,-10.323722839355469,-0.9009587168693542,1.1855285167694092,-7.7080206871032715,-8.600863456726074,-3.2128236293792725,3.5964486598968506,-5.5004563331604,common_voice_ko_35969658.mp3,thirties,male_masculine,2,1
8.136009070294785,0.07669910746082621,0.06385477009658459,1596.1223765217499,1177.8062457363228,1778.2103256122275,928.2710347598717,3240.7470703125,2683.1387405687556,-464.850830078125,112.16633605957031,3.9503073692321777,26.687232971191406,17.206029891967773,-7.772204399108887,3.8703606128692627,-1.753156065940857,-9.331536293029785,-4.555621147155762,0.47992292046546936,-1.6220054626464844,-5.887156963348389,common_voice_ko_35969812.mp3,thirties,male_masculine,2,1
10.26,0.10605424561651584,0.13604773760974614,1794.0772521350193,1811.4139626218514,1612.1077436006124,879.6835225055239,3215.8523490526018,3006.1393265580414,-479.47369384765625,113.96383666992188,11.74297046661377,30.308862686157227,18.348539352416992,-8.984582901000977,-1.6768718957901,-2.7772300243377686,-12.949581146240234,-5.2272539138793945,0.4196208417415619,-2.2219254970550537,-7.806205749511719,common_voice_ko_35969821.mp3,thirties,male_masculine,2,1
7.092018140589569,0.09801687602124183,0.0920219440275369,1902.8257665555207,1491.4115315009326,1860.501468682937,945.1759283449712,3766.164263556985,3013.03671335398,-445.0171203613281,96.4216537475586,11.280803680419922,36.627532958984375,22.5910701751709,-12.446416854858398,-4.181148529052734,-4.361734867095947,-8.62326431274414,-6.2480645179748535,-2.6104912757873535,-0.5514591932296753,-7.7572340965271,common_voice_ko_35969916.mp3,thirties,male_masculine,2,1
9.18,0.09608289930555555,0.11009777438568802,1792.6154822813494,1554.3795710020158,1715.7898485856083,682.2867753738956,3267.1469948508525,2577.3100739099577,-358.9861755371094,109.80316162109375,3.3864564895629883,36.723384857177734,13.371253967285156,-8.25845718383789,-0.604062557220459,-2.086984634399414,-12.306065559387207,-2.6407618522644043,-6.3069562911987305,-1.152864694595337,-7.017724990844727,common_voice_ko_35969923.mp3,thirties,male_masculine,2,1
7.452018140589569,0.07647457895249221,0.06276011563064676,1639.6376664509505,975.870048257891,1770.9399588650724,666.9442419741196,3308.8349244304904,2009.3839097268979,-392.2535095214844,110.83448028564453,-8.659220695495605,37.586036682128906,18.633113861083984,-18.68056297302246,-1.4288647174835205,3.7998530864715576,-15.95821475982666,-3.6184892654418945,-7.506047248840332,-2.049281597137451,-7.147744655609131,common_voice_ko_35970009.mp3,thirties,male_masculine,2,1
8.784036281179139,0.09204552481860158,0.06897547496983548,1804.4860236698198,1091.1701231260504,1799.0500056664778,680.2399102582442,3406.2232025065964,2015.6937699456244,-359.64105224609375,109.19649505615234,-20.67731475830078,32.324684143066406,14.365090370178223,-10.004091262817383,-0.052578043192625046,-4.56533670425415,-13.885334014892578,-4.406757831573486,-1.9719197750091553,0.5703169107437134,-6.83690881729126,common_voice_ko_35970011.mp3,thirties,male_masculine,2,1
9.144036281179138,0.09470425523477158,0.09838906142927033,1776.353839638185,1398.1304256870185,1743.9452361135884,776.6788191454623,3330.323009200508,2578.2102146420357,-352.8335876464844,114.92770385742188,-3.715546131134033,21.59160804748535,6.539941787719727,-15.628737449645996,-6.899960994720459,-4.908458232879639,-15.668220520019531,-2.475370407104492,-3.1941945552825928,-4.003108978271484,-2.7884955406188965,common_voice_ko_35970151.mp3,thirties,male_masculine,2,1
7.992018140589569,0.0737998188405797,0.05025503683746088,1622.3665940721405,1055.7445412607124,1751.8251146386226,785.9020748001549,3257.4118970788045,2326.531034936011,-371.1197814941406,121.63526916503906,-9.266151428222656,20.76680564880371,11.336722373962402,-8.446842193603516,-4.1768879890441895,-8.134244918823242,-14.456195831298828,-0.7449976801872253,-3.8205008506774902,-2.919015645980835,-3.014770746231079,common_voice_ko_35970153.mp3,thirties,male_masculine,2,1
6.984036281179138,0.09648340168189369,0.08309190637702782,1726.4154052169624,1190.9503759307527,1767.8188673068616,677.7043097187284,3297.3343250363373,2181.4215715982427,-349.7634582519531,106.44270324707031,-9.032139778137207,22.341096878051758,3.343900203704834,-8.64802074432373,5.728970050811768,-0.8475807309150696,-12.045737266540527,-3.9100279808044434,-1.1643649339675903,1.7001779079437256,-4.930024147033691,common_voice_ko_35970158.mp3,thirties,male_masculine,2,1
7.488027210884353,0.09917702689628483,0.099968058772968,1943.4847045157242,1384.0878479864273,1841.4246534141146,729.4756980111649,3692.644337751548,2429.4793425579255,-355.76849365234375,90.05652618408203,-1.7623869180679321,38.37095260620117,14.894329071044922,-16.962100982666016,-6.825578689575195,-7.447383403778076,-15.502612113952637,1.0681072473526,-8.869244575500488,-5.294058322906494,-3.8702616691589355,common_voice_ko_35970246.mp3,thirties,male_masculine,2,1
4.752018140589569,0.08477991615853658,0.07365590584526892,1736.06525236794,1061.8804815753854,1827.0401386929007,665.4831962984737,3381.920850800305,2010.389762383787,-382.4461975097656,114.78591918945312,-10.219137191772461,37.87548065185547,13.52762508392334,-13.453439712524414,-0.2764764428138733,-1.834189772605896,-11.594010353088379,-0.15379297733306885,-4.609823226928711,-1.7708932161331177,-5.7950873374938965,common_voice_ko_35970310.mp3,thirties,male_masculine,2,1
4.032018140589569,0.08051589439655173,0.0873814603410238,1759.4942325467964,1138.5369712749066,1944.5946863560798,694.5088991310621,3537.0142443426726,2168.212034241457,-475.8056640625,95.60401153564453,1.6080466508865356,26.583269119262695,7.752378463745117,-5.645528316497803,6.027624607086182,2.984734296798706,-6.386508941650391,4.124123573303223,-4.913457870483398,-0.6566921472549438,-1.4308170080184937,common_voice_ko_35970431.mp3,thirties,male_masculine,2,1
10.368027210884353,0.07244586304530201,0.04495993739122409,1697.9660649917216,913.159531664943,1872.5690277765025,763.265977060186,3465.737730704698,2105.2444662162306,-403.8743591308594,102.23540496826172,-5.557621479034424,31.501672744750977,12.49184799194336,-10.815617561340332,0.21594849228858948,-2.30176043510437,-12.627397537231445,-1.2345861196517944,-5.535487174987793,-1.944980502128601,-5.611824989318848,common_voice_ko_35970490.mp3,thirties,male_masculine,2,1
6.696009070294784,0.10043894625865052,0.07428933764168473,1805.6187795687126,1082.1846211530278,1791.5553748488728,727.123484806257,3441.4007589478806,2092.8682590093395,-372.9981689453125,102.71453094482422,-8.057612419128418,15.860128402709961,-3.661691188812256,-9.313953399658203,1.3774909973144531,-4.190745830535889,-11.674091339111328,-3.266537666320801,-1.32391357421875,1.2353936433792114,-3.9802143573760986,common_voice_ko_35970492.mp3,thirties,male_masculine,2,1
10.224036281179139,0.09045493197278912,0.08950102461675276,1702.8622680435078,1181.6503854923667,1716.5459885157848,657.186656975514,3287.9150390625,2066.409918451929,-349.59332275390625,109.81436920166016,-4.4992876052856445,42.52297592163086,14.474689483642578,-16.36319351196289,-3.58998441696167,-1.992100715637207,-15.519585609436035,-4.890449047088623,-10.082188606262207,-1.4177249670028687,-7.203845977783203,common_voice_ko_35970604.mp3,thirties,male_masculine,2,1
5.112018140589569,0.1307709983031674,0.12901038849519264,2251.4347882269244,1508.8905110995534,1996.2860482481453,601.8402439667617,4160.9261215002825,2221.583372247066,-362.3169860839844,74.08087158203125,-5.705427169799805,25.270498275756836,3.9620349407196045,-7.693750858306885,-4.366072654724121,-2.0577311515808105,-14.676506042480469,0.27805742621421814,-1.4599303007125854,-3.2371113300323486,-3.0354888439178467,common_voice_ko_35970759.mp3,thirties,male_masculine,2,1
9.18,0.0848659939236111,0.08143506979721615,1905.1558511442079,1225.5124808536332,1950.7290084923216,725.5591510894762,3743.78662109375,2239.58798086203,-408.41241455078125,87.78470611572266,-9.180712699890137,25.879335403442383,15.717448234558105,-7.919025421142578,0.44075119495391846,1.8185961246490479,-9.177835464477539,0.7216523885726929,-3.805082082748413,-0.6878801584243774,-3.451366662979126,common_voice_ko_35970760.mp3,thirties,male_masculine,2,1
10.008027210884354,0.09682436342592593,0.09674152511390177,1880.842114446308,1249.8462433660834,1755.6914278863662,720.0008869296056,3655.6599934895835,2240.109969624717,-316.3426513671875,110.11447143554688,-16.72120475769043,37.17106246948242,10.467314720153809,-17.561800003051758,0.9242427349090576,-4.5880513191223145,-18.247312545776367,-5.404325008392334,-6.767227649688721,3.7561559677124023,-5.170892238616943,common_voice_ko_35970827.mp3,thirties,male_masculine,2,1
10.548027210884353,0.08635924622252747,0.08094725503999661,1837.5571411651476,1187.2804340674497,1957.9511141398211,703.589198651699,3600.943134014423,2193.88589530295,-393.6724548339844,91.61419677734375,2.411332130432129,30.659090042114258,11.369425773620605,-5.355890274047852,-2.383917808532715,-6.28021240234375,-8.182787895202637,-0.026888668537139893,-1.9952383041381836,-0.9881102442741394,-4.109477996826172,common_voice_ko_35970828.mp3,thirties,male_masculine,2,1
9.0,0.09239841736469072,0.09729693229968092,1912.3836815777108,1443.4092553575224,1890.1989012150939,748.1241980417535,3640.110291156572,2513.3385905441132,-381.08709716796875,92.46698760986328,1.323154091835022,30.495738983154297,10.066364288330078,-8.472302436828613,1.2432347536087036,-0.9728339314460754,-10.770427703857422,-0.09357047080993652,-2.2999820709228516,-0.44705790281295776,-6.864260196685791,common_voice_ko_35970882.mp3,thirties,male_masculine,2,1
9.72,0.09898358256264916,0.08020263091176849,1845.6983064866936,1218.2146421293548,1716.798581496177,687.9237632220171,3418.7171954243736,2149.478191579055,-325.23455810546875,108.15943145751953,-17.534503936767578,27.300582885742188,9.51502513885498,-17.209800720214844,-2.9301953315734863,-3.734347105026245,-15.305567741394043,-5.985380172729492,-4.339639663696289,-1.2147687673568726,-2.7622547149658203,common_voice_ko_35970990.mp3,thirties,male_masculine,2,1
5.112018140589569,0.11587731546945701,0.10339515117127059,2038.6866000441041,1498.9570197788705,1920.6159338550553,775.0123981537023,3825.1640492434954,2663.8581395640167,-399.07049560546875,106.0724868774414,-3.7831852436065674,34.170127868652344,10.743464469909668,-6.669951915740967,0.41978371143341064,2.0135819911956787,-7.072187900543213,-4.982546806335449,-3.3839855194091797,4.501899719238281,-6.672624588012695,common_voice_ko_35970995.mp3,thirties,male_masculine,2,1
8.28,0.10549884016106442,0.09252324614504227,2006.4546899536679,1301.1174108228759,1893.0805760919663,737.1530971910829,3841.2339154411766,2310.823148824378,-357.0279541015625,91.87454223632812,-3.2076518535614014,37.956825256347656,7.26189661026001,-16.25701332092285,-2.9136500358581543,-1.8962295055389404,-11.782705307006836,-6.432731628417969,-6.795363426208496,-1.2697107791900635,-7.531635761260986,common_voice_ko_35970998.mp3,thirties,male_masculine,2,1
6.2280272108843535,0.0706501219795539,0.04653570944552388,1619.5910121995123,1172.585211136768,1753.0861918594953,741.4417165496703,3118.151900848048,2157.5159792171858,-345.7895812988281,114.41766357421875,-5.031127452850342,25.12757682800293,7.220674991607666,-13.936615943908691,7.973834991455078,2.023045301437378,-10.832786560058594,-7.624912738800049,-6.677802085876465,-0.036787863820791245,-3.8894193172454834,common_voice_ko_35971276.mp3,thirties,male_masculine,2,1
8.964036281179139,0.09014782178617571,0.07558659133569409,1853.684358318303,1197.9023259556004,1848.496524855065,661.7929137871562,3534.2552007630816,2141.570789358915,-332.84173583984375,104.5833740234375,-9.631637573242188,35.571285247802734,13.447128295898438,-13.054359436035156,-2.4301414489746094,-1.6776864528656006,-13.867995262145996,-2.784489870071411,-6.982106685638428,-0.5823767781257629,-5.736607551574707,common_voice_ko_35971317.mp3,thirties,male_masculine,2,1
6.48,0.10833042689732143,0.1077501213995472,1959.4859089238162,1395.3076721814991,1841.259252932597,694.2179776771395,3598.6212158203125,2329.417756574518,-373.20330810546875,99.56497192382812,-4.5696587562561035,20.330814361572266,2.596487522125244,-13.512649536132812,-1.0185095071792603,2.4216604232788086,-13.899918556213379,-4.774540901184082,-4.5112385749816895,-1.893917202949524,-3.1321799755096436,common_voice_ko_35971339.mp3,thirties,male_masculine,2,1
7.848027210884354,0.07249820867233728,0.06028613248443371,1608.7327025594846,1117.3943043268762,1723.1368523824824,839.1176630725327,3172.834660456731,2374.625084288667,-359.41375732421875,125.88290405273438,-7.931748867034912,19.243694305419922,5.4375529289245605,-12.656990051269531,3.8159728050231934,1.435964584350586,-11.34618091583252,-7.548356533050537,-7.78181791305542,1.7278590202331543,-0.309059202671051,common_voice_ko_35971343.mp3,thirties,male_masculine,2,1
8.496009070294784,0.09924383111338798,0.10204611138580323,1858.8584415743117,1354.582873865615,1711.6543353381533,682.8193859443087,3440.7822905993853,2245.529465402329,-348.27252197265625,107.42063903808594,-12.570627212524414,28.412755966186523,6.691797256469727,-13.756348609924316,-0.26269805431365967,0.48225656151771545,-8.713228225708008,-6.534468650817871,-7.072332382202148,2.276775598526001,-3.7092978954315186,common_voice_ko_35971399.mp3,thirties,male_masculine,2,1
8.604036281179138,0.08030581410040431,0.06977874402522218,1793.0072473391767,1271.5568864099807,1907.9604420065605,809.5629859088295,3563.2807893573113,2562.3221195066585,-405.2916564941406,90.33130645751953,1.8799740076065063,24.185956954956055,7.8016037940979,-10.1402587890625,1.5020477771759033,1.2827664613723755,-10.455262184143066,-3.878950357437134,-4.006816387176514,-0.9016575813293457,-2.3529086112976074,common_voice_ko_35971401.mp3,thirties,male_masculine,2,1
5.58,0.08060287538900415,0.06669154044485474,1808.6005252580544,1051.954183006941,1884.4229012773183,661.0676093372651,3504.8191941130704,2019.052733901555,-407.60198974609375,93.82075500488281,-4.721399784088135,47.1263542175293,22.52252769470215,-11.784046173095703,2.89345383644104,2.8284051418304443,-15.11101245880127,-0.12186150252819061,-11.086454391479492,0.9489680528640747,-5.2563252449035645,common_voice_ko_35971403.mp3,thirties,male_masculine,2,1
4.968027210884354,0.08269522123247663,0.0664817988008434,1811.2746499960763,1106.4514902171582,1932.5410021238124,730.4758812942505,3630.055308119159,2279.3608620957566,-379.2056884765625,98.09342956542969,-6.591054916381836,18.025278091430664,-4.978975772857666,-12.941317558288574,-1.3936573266983032,1.6466537714004517,-13.742162704467773,-1.6621698141098022,0.09227103739976883,-3.4982995986938477,-2.5397846698760986,common_voice_ko_35971942.mp3,thirties,male_masculine,2,1
6.048027210884354,0.07569481860632184,0.05112453324512279,1806.7084825146744,1071.8462488372718,1948.1833490091733,787.9792612877579,3655.4881128771553,2350.0708369875474,-391.9989318847656,101.04290771484375,-5.474393367767334,26.362548828125,5.276037693023682,-10.452339172363281,2.041825532913208,0.6729546785354614,-10.669923782348633,-2.175990104675293,-3.7302863597869873,-3.5046169757843018,-5.759702205657959,common_voice_ko_35971984.mp3,thirties,male_masculine,2,1
4.176009070294785,0.09947374131944445,0.06709751649661878,2111.6517888232274,1071.1402987094775,2144.245272368855,742.4218102603452,4241.68212890625,2248.130373574517,-450.0484924316406,73.79478454589844,-4.955477714538574,35.698448181152344,13.86955451965332,-5.910259246826172,4.614958763122559,0.05084826052188873,-7.480093002319336,-1.5628024339675903,-3.978928565979004,0.049342598766088486,-6.634659290313721,common_voice_ko_35972194.mp3,thirties,male_masculine,2,1
2.844036281179138,0.09603658536585366,0.08224282366364062,1885.0479285821061,1473.3421146775418,1939.730690125813,785.6785652211561,3568.2968511814024,2582.7221305978064,-392.1318359375,92.551513671875,14.017305374145508,20.16094207763672,-12.642965316772461,-11.49417781829834,10.292058944702148,4.171799659729004,-2.104750633239746,1.857079029083252,1.2146514654159546,-2.0634748935699463,-6.830066680908203,common_voice_ko_35972201.mp3,thirties,male_masculine,2,1
5.076009070294784,0.061333921946347035,0.03351716051915291,1474.8168590005964,702.2699001298598,1756.8374585960805,668.1340161012121,2939.4788768193494,1695.2535408714048,-338.5651550292969,127.37842559814453,-9.423264503479004,24.420024871826172,7.903399467468262,-14.642843246459961,0.669098973274231,0.20280922949314117,-14.678927421569824,-1.9205528497695923,-6.757788181304932,-1.4109678268432617,-4.6423234939575195,common_voice_ko_35972248.mp3,thirties,male_masculine,2,1
8.928027210884354,0.0867390422077922,0.07184904475332214,1858.1935237171842,1172.1410283489072,1951.5690710413762,756.5686130702163,3713.4987571022725,2261.0671473158854,-350.76092529296875,104.00623321533203,-1.0190502405166626,29.60542869567871,6.7684760093688965,-12.180506706237793,0.3048517405986786,-5.039588451385498,-15.5846586227417,-2.748617172241211,-5.345887184143066,3.7741305828094482,-3.650141954421997,common_voice_ko_35972591.mp3,thirties,male_masculine,2,1
10.51201814058957,0.09567833367825607,0.08071085306103244,1863.5495770970335,1254.5239328747286,1817.1875989768355,681.8379440613702,3467.1784457781455,2213.8751854194716,-322.6416931152344,102.95198822021484,-9.038070678710938,33.667327880859375,10.92090892791748,-13.7221040725708,-4.824431419372559,-6.522506237030029,-13.098736763000488,-1.9206953048706055,-5.189631938934326,-0.459625780582428,-3.4967727661132812,common_voice_ko_35972594.mp3,thirties,male_masculine,2,1
7.272018140589569,0.07692140226910828,0.06892295223107109,1642.6896463774626,1014.6774796350389,1835.6230856691107,652.0867849282039,3246.4732564938295,1871.2079305447403,-380.08697509765625,101.5833511352539,-1.5173763036727905,34.57903289794922,10.779263496398926,-10.552505493164062,2.0712149143218994,3.0082225799560547,-10.43787670135498,-0.1336778700351715,-8.077666282653809,0.609027624130249,-2.4270081520080566,common_voice_ko_35972877.mp3,thirties,male_masculine,2,1
4.284036281179138,0.10361328125,0.09711672383728515,1853.4324772711177,1241.0196733514017,1819.6682362952647,737.1899280702288,3435.0114812077704,2368.7549356087243,-409.8357238769531,92.34693908691406,-11.472518920898438,31.682353973388672,0.591105043888092,-7.439026355743408,3.089885711669922,0.2648487091064453,-9.996650695800781,-4.619028568267822,-2.9718146324157715,2.046114921569824,-0.8113996386528015,common_voice_ko_35972879.mp3,thirties,male_masculine,2,1
7.848027210884354,0.09749734190088757,0.08959230214326123,1955.468277647886,1372.2096902618975,1930.9347766199055,728.6077255893034,3779.140856139053,2399.722959948818,-360.13690185546875,92.53059387207031,-1.5958293676376343,31.237422943115234,12.916375160217285,-9.121758460998535,-3.7891976833343506,-7.435632705688477,-11.622048377990723,-1.8545819520950317,-0.34031450748443604,1.4140747785568237,-5.277474880218506,common_voice_ko_35972978.mp3,thirties,male_masculine,2,1
8.676009070294784,0.10664767505013369,0.09126023581584793,2077.597854915558,1368.1232273810292,1974.521303354085,679.3479124743503,3914.0914835394383,2383.9390694803983,-337.9869079589844,91.07425689697266,-6.007608413696289,21.995126724243164,4.2051777839660645,-8.13314437866211,-1.0336167812347412,-6.616239547729492,-9.188822746276855,-4.261723518371582,-5.803045272827148,1.4652336835861206,-5.506338596343994,common_voice_ko_35972979.mp3,thirties,male_masculine,2,1
3.24,0.10992606026785715,0.10279020058270873,2263.469368818807,1520.5413005831365,2309.251283547803,808.97646311004,4599.569091796875,3023.8630068545667,-423.7615661621094,63.76021957397461,8.330299377441406,23.807443618774414,6.764807224273682,2.9574379920959473,1.2411315441131592,1.6821210384368896,-3.058948278427124,0.4606824517250061,-3.2514030933380127,0.29655542969703674,-2.3585801124572754,common_voice_ko_35973061.mp3,thirties,male_masculine,2,1
7.524036281179138,0.08534855769230769,0.07325011569516149,1812.3528538440698,1054.4033399489597,1944.626917582085,657.6224724293077,3591.638897235577,2057.2605108836365,-365.4266357421875,95.29741668701172,-2.74577260017395,35.86404037475586,13.594515800476074,-11.914154052734375,2.4628939628601074,1.2456250190734863,-9.284255981445312,-1.239578366279602,-7.291446685791016,-0.5167734026908875,-6.764431953430176,common_voice_ko_36899332.mp3,thirties,male_masculine,2,1
8.496009070294784,0.10433876579576502,0.09237328088805967,1909.6820240243346,1348.4609014308592,1851.46240312048,657.2668468884283,3604.605252625512,2271.613064622491,-336.66583251953125,109.5968017578125,-3.907970666885376,33.63311004638672,1.6295444965362549,-8.34355354309082,1.6757619380950928,-6.820496559143066,-10.183792114257812,-3.498455047607422,-4.892605304718018,1.875619888305664,-7.402590751647949,common_voice_ko_36899333.mp3,thirties,male_masculine,2,1
4.176009070294785,0.1293429904513889,0.11734948721435147,2357.2542482519916,1508.3563056964833,2180.1876583317,728.0805075879831,4505.523681640625,2545.8254739572853,-373.4424133300781,72.90324401855469,5.035794258117676,27.84618377685547,6.6708292961120605,-3.4997689723968506,6.345306396484375,-2.9139115810394287,-6.161393165588379,1.1194767951965332,-6.177776336669922,-0.08077307790517807,-5.650166034698486,common_voice_ko_36899339.mp3,thirties,male_masculine,2,1
5.292018140589569,0.09188682154605263,0.07042071741342107,1906.5667470982696,1133.0893416072058,2061.9309163049384,832.459427925434,3930.706787109375,2563.851318247631,-438.6204833984375,89.24071502685547,5.2906975746154785,31.174291610717773,9.955881118774414,-4.281579494476318,2.281308174133301,-2.1138176918029785,-7.748814582824707,-1.7505379915237427,-4.451281547546387,-2.7887065410614014,-5.144564628601074,common_voice_ko_36899340.mp3,thirties,male_masculine,2,1
4.752018140589569,0.08550876524390244,0.06788569992904529,1786.4257430673667,984.6205321082764,1909.147670707025,729.9752510777157,3540.1111137576218,2078.279155273229,-426.53192138671875,86.54454803466797,-2.2929904460906982,33.20181655883789,7.163100242614746,-6.726049423217773,3.5483713150024414,1.6660834550857544,-5.634746551513672,-3.0908777713775635,-8.278108596801758,-2.406306505203247,-6.077389240264893,common_voice_ko_36899346.mp3,thirties,male_masculine,2,1
7.596009070294785,0.08213099037728659,0.06520818685825372,1758.0401258698828,1040.2315264602728,1964.580770582222,732.8074062184912,3514.6060850562117,2179.6224285561525,-400.33209228515625,93.2445068359375,0.3782830536365509,27.59345245361328,8.300313949584961,-4.600986480712891,7.882024765014648,-4.340102195739746,-5.1636223793029785,1.3167765140533447,1.551156759262085,-0.29454970359802246,-6.6940131187438965,common_voice_ko_36899350.mp3,thirties,male_masculine,2,1
10.33201814058957,0.08854130091292135,0.09622440135641035,1777.2114447423844,1275.578602841011,1850.2096701713676,670.9162941296786,3368.809142380618,2270.1861057498113,-358.3396911621094,105.71367645263672,-0.7011982202529907,35.42384719848633,12.2465181350708,-12.276518821716309,4.157681465148926,-3.958218574523926,-10.727683067321777,-0.17407524585723877,-7.850855827331543,-3.155186176300049,-5.884711265563965,common_voice_ko_36899352.mp3,thirties,male_masculine,2,1
10.188027210884353,0.09063678993451026,0.07745827953944463,1875.1895834984443,1216.8011359896188,1930.632133639847,673.0395120552982,3647.9894824886105,2161.6820076875656,-376.3123474121094,95.29934692382812,-2.5528955459594727,31.295108795166016,15.602185249328613,-7.8101582527160645,2.208329200744629,-3.7386741638183594,-8.215826988220215,-1.4058955907821655,-4.193509101867676,-0.28082630038261414,-7.386154651641846,common_voice_ko_36899357.mp3,thirties,male_masculine,2,1
7.128027210884354,0.09594169890065146,0.08366510883454249,1944.1474232736434,1197.5753325873866,2024.8874779683083,731.0686723620483,3945.065178389658,2387.2467261478173,-378.5662536621094,97.29643249511719,-2.5257909297943115,39.44281768798828,12.541499137878418,-6.848099231719971,3.522334098815918,-2.33449125289917,-6.297346591949463,-1.0418447256088257,-8.488712310791016,0.8534713983535767,-7.028948783874512,common_voice_ko_36899359.mp3,thirties,male_masculine,2,1
9.324036281179138,0.09933729788557213,0.07927927311820793,1963.6275463543745,1211.4358882076317,1967.3155094306155,730.432699103219,3804.6009576142724,2252.354899012476,-381.51025390625,94.93775939941406,-1.9382113218307495,26.7813720703125,7.953123092651367,-6.751796245574951,2.5144522190093994,-3.6003503799438477,-7.556756496429443,-5.509243488311768,-6.734942436218262,0.10189614444971085,-6.246387481689453,common_voice_ko_36899360.mp3,thirties,male_masculine,2,1
8.316009070294784,0.10331296787952646,0.07198420946548571,2118.8486444371806,1198.887353532046,2103.383822309372,765.074430313554,4216.21916619516,2317.658537947149,-383.95068359375,94.4649887084961,-8.107330322265625,24.06467628479004,10.187747955322266,-9.564952850341797,4.015902519226074,-4.642937660217285,-6.893907070159912,0.20205271244049072,-6.268491268157959,3.5333404541015625,-5.367144584655762,common_voice_ko_36899363.mp3,thirties,male_masculine,2,1
6.912018140589569,0.09872457005033557,0.0711458025693188,2006.4332658235614,1232.289613024715,2027.9755619842233,757.0891570203792,3942.454907718121,2472.867856707511,-323.9179382324219,94.85419464111328,-7.7978105545043945,36.59848403930664,14.254286766052246,-10.842058181762695,8.141480445861816,-2.9574835300445557,-7.611083030700684,-0.3099236786365509,-11.575722694396973,0.45529237389564514,-2.8459665775299072,common_voice_ko_36899424.mp3,thirties,male_masculine,2,1
9.072018140589568,0.08527313778772379,0.08296560754704092,1710.2903865743863,1193.4452066582357,1773.8992137984997,675.2589136489806,3372.507143142583,2233.8607480067217,-355.73272705078125,113.30950164794922,-1.798789381980896,49.237220764160156,11.201376914978027,-13.85688591003418,5.165781021118164,-2.5383169651031494,-7.778938293457031,-3.763993978500366,-14.532903671264648,3.0914485454559326,-5.6880106925964355,common_voice_ko_36899425.mp3,thirties,male_masculine,2,1
4.968027210884354,0.11464798116238317,0.09859002924940491,2049.413498676852,1341.4566014248123,1939.8554882401925,717.6720570265343,3804.0818258980726,2423.680088491638,-359.707275390625,74.45269775390625,-1.902035117149353,29.715696334838867,1.8123939037322998,-10.612545013427734,4.993940830230713,4.7417826652526855,-5.953709125518799,-5.680222511291504,-4.540792942047119,-5.070402145385742,-4.7501444816589355,common_voice_ko_36899429.mp3,thirties,male_masculine,2,1
8.46,0.08370612157534246,0.0663584939347032,1826.4845979098425,1109.9330097875265,1898.292735205223,828.9493124498791,3664.15473833476,2348.210715366937,-379.4822692871094,97.90218353271484,-1.6739044189453125,29.73929786682129,5.467648983001709,-13.138011932373047,-0.17404475808143616,-2.2475197315216064,-12.117043495178223,-5.0071539878845215,-5.75269079208374,-0.47754520177841187,-4.255429267883301,common_voice_ko_36899438.mp3,thirties,male_masculine,2,1
3.744036281179138,0.11076449170524691,0.07754431857278134,2258.7992093135003,1464.4848530774905,2223.5345407481955,847.2681456740423,4476.646592881944,2884.4371136447653,-449.5738220214844,69.19171142578125,8.248637199401855,26.43190574645996,10.026595115661621,-3.1013453006744385,9.098469734191895,3.460291624069214,-3.5301260948181152,-3.7388463020324707,-7.843046188354492,-3.5811896324157715,-4.254067897796631,common_voice_ko_36899446.mp3,thirties,male_masculine,2,1
8.316009070294784,0.13058055144498606,0.131071416501108,2203.789096684416,1507.2379883855,1941.7448419679142,734.6267918901965,4097.546624738858,2537.7996759061184,-314.9913330078125,92.24329376220703,-14.780174255371094,31.47416877746582,0.7587441802024841,-9.15138053894043,0.9375673532485962,-5.909521579742432,-11.12246036529541,-7.312514305114746,-6.2669196128845215,-1.3257371187210083,-7.388318061828613,common_voice_ko_36899449.mp3,thirties,male_masculine,2,1
7.056009070294785,0.12848061009457237,0.13428511162650522,2248.7302850236238,1637.275837348188,1966.129053997308,720.5896218326685,4177.0872417249175,2661.0819636431966,-347.540771484375,77.4874038696289,-2.3682289123535156,37.580413818359375,8.191436767578125,-6.018593788146973,1.5135524272918701,-1.7348151206970215,-10.299612045288086,-5.340656280517578,-10.233894348144531,0.4826785624027252,-4.953202247619629,common_voice_ko_36899450.mp3,thirties,male_masculine,2,1
5.76,0.11107516001506024,0.10322254553346491,2000.8969081124733,1362.1408843097806,1902.962180061261,722.6354506854577,3770.0833607868976,2446.5680853390804,-355.7261657714844,96.28851318359375,-8.831597328186035,19.948244094848633,-3.7153563499450684,-10.39349365234375,1.6565698385238647,-2.7457096576690674,-10.16745662689209,-1.6914677619934082,-4.84334135055542,-0.8225204944610596,-5.285182952880859,common_voice_ko_36899456.mp3,thirties,male_masculine,2,1
10.368027210884353,0.09370521357662193,0.07726169360767128,1744.4360164167438,1140.9838709938713,1741.4716037334172,749.2845545389151,3310.115778366191,2220.871009964017,-338.637451171875,119.46562194824219,-7.897059917449951,28.458688735961914,-0.08357556164264679,-18.837467193603516,-1.1537055969238281,-3.2274134159088135,-10.562397003173828,-5.865062713623047,-9.075103759765625,-0.0017918666126206517,-4.2668232917785645,common_voice_ko_36899459.mp3,thirties,male_masculine,2,1
3.96,0.1037412052266082,0.06529080061360071,2122.171141584671,1135.6746191482355,2108.163424408766,852.8738721491535,4311.488743832237,2588.9068137871113,-406.7204895019531,84.98663330078125,-11.497154235839844,17.841503143310547,0.0749436765909195,-6.043514251708984,2.8829574584960938,-3.0344667434692383,-5.051748752593994,-0.9147996306419373,-1.434544563293457,1.0071628093719482,-6.404929161071777,common_voice_ko_36899463.mp3,thirties,male_masculine,2,1
10.26,0.09578266402714933,0.10028361957289071,1994.8420123902736,1363.1905644412082,1890.963741334802,796.7715727308591,3834.8588624151585,2548.3949084935884,-360.802978515625,107.85812377929688,-9.46423053741455,30.80931854248047,9.814611434936523,-10.37918472290039,-0.4285579323768616,-3.200197458267212,-9.7300443649292,-4.360212326049805,-10.271306991577148,-4.032021522521973,-7.1036481857299805,common_voice_ko_36899467.mp3,thirties,male_masculine,2,1
6.2280272108843535,0.10614036361524164,0.07849591819247898,2002.3981998457052,1226.8549423542345,1963.841679733858,825.1339297943255,3887.023335850372,2517.6572014210983,-387.4744567871094,93.86959838867188,-1.5918619632720947,23.20209312438965,3.4041988849639893,-12.813611030578613,0.2616508901119232,0.10027361661195755,-7.65362548828125,-6.9533867835998535,-6.595064163208008,-2.228517532348633,-4.998907089233398,common_voice_ko_36899479.mp3,thirties,male_masculine,2,1
7.92,0.1010656524122807,0.08309008371484178,1891.816544421917,1320.331271087517,1883.0872247972607,787.0756878180958,3641.8502004523025,2500.780784939539,-364.7144470214844,111.95140838623047,-4.736886978149414,26.107410430908203,11.336333274841309,-8.610389709472656,-1.8805263042449951,-7.289290904998779,-10.960055351257324,-3.596799612045288,-5.904071807861328,0.4892936944961548,-4.852966785430908,common_voice_ko_36899486.mp3,thirties,male_masculine,2,1
5.47201814058957,0.1258731130826271,0.10190865170391762,2227.7286000563467,1597.9749698637568,1938.75649291685,774.6416503063201,4042.1745688228284,2728.705079242279,-380.3815612792969,75.57691955566406,3.36257004737854,39.07453918457031,14.745068550109863,-9.053421974182129,-2.332268238067627,-1.2824244499206543,-10.094001770019531,-5.74448823928833,-8.933208465576172,-2.4697937965393066,-5.067231178283691,common_voice_ko_36899491.mp3,thirties,male_masculine,2,1
6.948027210884354,0.18612467447916667,0.12278328544586767,2777.0704597622994,1538.1661515027467,2314.0498835066333,958.4314257238943,5415.134033203125,3072.7224718836856,-696.7354736328125,74.82498931884766,-9.67078971862793,18.299036026000977,6.079824447631836,-17.258098602294922,0.11502166837453842,-1.093902587890625,-10.283748626708984,-8.76696491241455,-1.828596591949463,0.0002532959042582661,-3.4957528114318848,common_voice_ko_36984491.mp3,thirties,male_masculine,2,1
9.576009070294784,0.10553613990617433,0.08550248622493342,1873.6539022740706,1121.422356626553,1843.443894400224,692.4344870908167,3556.18503376589,2074.4248238053274,-387.49090576171875,116.7017593383789,-18.99779510498047,23.977123260498047,15.567238807678223,-13.943231582641602,5.528783798217773,-3.908947467803955,-14.71601390838623,-5.398255825042725,-6.756410121917725,-3.22060227394104,-6.687023162841797,common_voice_ko_36984942.mp3,thirties,male_masculine,2,1
7.092018140589569,0.08360300500408496,0.07135785345730258,1615.4641612462704,1137.033646872062,1718.0959762085824,736.7704442190503,3188.638126148897,2286.350578102658,-350.44281005859375,125.2284927368164,-13.338540077209473,30.1686954498291,13.325637817382812,-9.823884010314941,6.153326988220215,-2.7377326488494873,-10.386754035949707,-4.039288520812988,-6.423040866851807,-2.6009552478790283,-7.624908447265625,common_voice_ko_36984962.mp3,thirties,male_masculine,2,1
10.368027210884353,0.09443927397930649,0.08109424026343043,1747.1355715003688,1182.7635758684257,1721.4334255366055,690.5840639554693,3309.200496801594,2201.354975385577,-329.97747802734375,105.28734588623047,-12.630627632141113,34.649330139160156,12.116918563842773,-14.224539756774902,4.474918842315674,-0.2612760066986084,-8.65700626373291,-4.533113479614258,-9.090624809265137,-2.035892963409424,-5.344456195831299,common_voice_ko_36984972.mp3,thirties,male_masculine,2,1
5.652018140589569,0.10330550397028689,0.06937817302466383,1907.7056613502384,1118.7290691857797,1846.981929066697,709.6032543353671,3731.465824314805,2170.9967150744433,-336.4646301269531,81.21338653564453,-11.470877647399902,37.69447326660156,21.88302993774414,-8.324789047241211,0.12782438099384308,-3.5200071334838867,-10.569340705871582,-6.777676582336426,-3.2665085792541504,-0.9981046319007874,-7.148260116577148,common_voice_ko_36985007.mp3,thirties,male_masculine,2,1
3.9240362811791383,0.08938725036982248,0.07079136852273729,1836.5647173206717,1256.9455312370003,1995.8130281150995,861.1947339046296,3600.1222147744083,2748.0181400562064,-424.13134765625,77.18834686279297,0.4593845307826996,28.22077178955078,13.285943984985352,2.2494630813598633,10.452540397644043,3.549049139022827,0.0009653667220845819,-3.3819334506988525,-4.1373820304870605,-0.09371975064277649,-5.902479648590088,common_voice_ko_36985008.mp3,thirties,male_masculine,2,1
8.64,0.11006095006702413,0.08002246988289827,1980.3615764347692,1267.3651229195946,1883.445553027405,746.4589093915504,3812.0408454465482,2421.416382606502,-350.5219421386719,104.12643432617188,-13.887789726257324,37.745296478271484,12.734040260314941,-13.832833290100098,4.524013042449951,-7.374980449676514,-12.616596221923828,-6.597188949584961,-7.356444835662842,-0.1264062225818634,-11.035100936889648,common_voice_ko_36985020.mp3,thirties,male_masculine,2,1
5.94,0.08369064331054688,0.04501305903267589,1956.4309802871767,956.133761136478,2112.5817750184938,840.2714875643981,4224.33500289917,2462.774856776982,-408.24041748046875,86.76737976074219,-9.208486557006836,38.421958923339844,20.931133270263672,-11.639253616333008,4.6343994140625,3.251282215118408,-10.084712982177734,-1.500450849533081,-9.545201301574707,-3.118466377258301,-4.4122819900512695,common_voice_ko_36985030.mp3,thirties,male_masculine,2,1
4.68,0.0902232557240099,0.046800169374707566,2036.5343925219518,1043.0766222485918,2188.166286323662,907.6058532844789,4503.690753596844,2686.0686312250377,-416.218017578125,100.94368743896484,-12.181234359741211,27.440752029418945,13.467131614685059,-8.772705078125,9.606649398803711,-0.6863803863525391,-8.589282035827637,-2.7193477153778076,-8.474260330200195,-3.022461175918579,-5.224545955657959,common_voice_ko_36985046.mp3,thirties,male_masculine,2,1
3.8160090702947844,0.0930368134469697,0.06061941736598236,2122.7616119856525,1157.8941756085183,2349.215781826182,784.3544937415476,4517.405007102273,2766.319217609115,-456.73095703125,56.716583251953125,6.537407398223877,14.872129440307617,12.125160217285156,1.0615836381912231,7.309433460235596,8.36021614074707,-3.1830828189849854,2.594320058822632,-2.249404191970825,-1.456939935684204,-2.1317262649536133,common_voice_ko_36985073.mp3,thirties,male_masculine,2,1
7.38,0.1180043730345912,0.10648198850920013,2126.562423492783,1455.3398051645615,1940.5953941917378,778.0927054461104,4088.464585790094,2596.6707031053975,-345.4932556152344,95.48467254638672,-10.405330657958984,34.8138313293457,10.2438383102417,-14.196660995483398,3.6623685359954834,-2.8025929927825928,-13.137824058532715,-1.917148232460022,-5.517754554748535,-0.2934868633747101,-7.655724048614502,common_voice_ko_36985085.mp3,thirties,male_masculine,2,1
5.47201814058957,0.12773727158368645,0.10334706211111164,2355.750759832093,1391.0652228168287,2227.724762825303,725.4751124175364,4657.969432766155,2509.95520653569,-420.772705078125,62.921024322509766,5.563614368438721,31.208589553833008,13.049538612365723,-6.2198991775512695,4.153852939605713,3.023491859436035,-7.50966739654541,-1.9157236814498901,-7.5517168045043945,-3.9685235023498535,-4.121416091918945,common_voice_ko_36985086.mp3,thirties,male_masculine,2,1
8.244036281179138,0.09206158927317416,0.07110239816834488,1740.8244613642573,1107.4322514874145,1791.9219376648036,717.7031782545062,3366.3170975245785,2181.878038246079,-347.2319641113281,114.77396392822266,-8.66771125793457,29.03181266784668,10.084988594055176,-14.228863716125488,2.3038933277130127,-3.0409023761749268,-9.390296936035156,-3.5540854930877686,-8.908649444580078,-2.622349739074707,-6.119073390960693,common_voice_ko_36985124.mp3,thirties,male_masculine,2,1
8.676009070294784,0.09292227189171123,0.055950944043746655,1841.433277050051,1088.346294623045,1845.0984333183228,778.2432087044208,3612.8281537224266,2281.071825001758,-362.2651672363281,109.7431869506836,-18.875579833984375,34.05537796020508,18.344783782958984,-14.053327560424805,-1.7610304355621338,-5.456939697265625,-11.344860076904297,-5.557735919952393,-11.693181991577148,1.3956223726272583,-6.466920375823975,common_voice_ko_36985125.mp3,thirties,male_masculine,2,1
10.008027210884354,0.09889842845775464,0.07821448522164247,1909.5550511490596,1216.2225155726096,1822.8360827857991,647.3690453467681,3645.342000325521,2139.12010254032,-299.3754577636719,112.36237335205078,-16.750154495239258,42.47666931152344,14.509998321533203,-13.315104484558105,0.1904655396938324,-8.785490036010742,-14.276554107666016,-3.2855756282806396,-7.680232524871826,-0.0907519981265068,-6.576923847198486,common_voice_ko_36985126.mp3,thirties,male_masculine,2,1
9.61201814058957,0.0920858337107488,0.08367823672577619,1714.025975484027,1152.067835735157,1682.7099804796303,603.3623609610773,3230.032481317935,2002.8538075208194,-293.33978271484375,115.1783218383789,-15.731306076049805,41.34572219848633,15.51482105255127,-16.113733291625977,-1.9400827884674072,-4.162024974822998,-11.767104148864746,-5.266754150390625,-12.823492050170898,-1.7822954654693604,-3.9811410903930664,common_voice_ko_36985141.mp3,thirties,male_masculine,2,1
9.144036281179138,0.08379600253807107,0.07087985250620772,1723.5701644388907,1186.9377569113665,1721.144854562753,750.0677310284184,3282.8297261659263,2330.84997162902,-357.1630859375,111.47039794921875,-7.3774800300598145,38.997093200683594,14.325711250305176,-12.741384506225586,1.9481816291809082,-5.773873329162598,-14.652554512023926,-2.979407548904419,-8.364276885986328,-6.084167957305908,-6.434305191040039,common_voice_ko_36985143.mp3,thirties,male_masculine,2,1
4.6440362811791385,0.12848112950870647,0.087345296129986,2483.9232397133737,1407.020214736693,2295.991927557396,798.8896823949956,4965.920883861941,2858.341221473813,-456.1506042480469,69.15389251708984,0.8422491550445557,30.846149444580078,6.6237101554870605,-1.378859043121338,5.381014347076416,-3.558394193649292,-6.159695148468018,-3.7931854724884033,-4.891096115112305,1.4867368936538696,-6.8757195472717285,common_voice_ko_36985149.mp3,thirties,male_masculine,2,1
9.108027210884353,0.09883905852417303,0.08640188677497022,1926.9840954112206,1269.2275623449746,1876.6144740074237,750.9055305100852,3736.421681178435,2316.982185449912,-363.7310791015625,90.28475189208984,-0.5064718127250671,37.481910705566406,14.915046691894531,-8.180785179138184,0.6964128613471985,-4.856638431549072,-11.192091941833496,-2.853304624557495,-7.962527275085449,-0.07940596342086792,-6.523274898529053,common_voice_ko_36985150.mp3,thirties,male_masculine,2,1
5.652018140589569,0.13050116867315573,0.11704995545366854,2294.662446154568,1572.530586787314,1993.7501927116332,727.7225146549963,4302.3163342085045,2528.543060986085,-370.4407653808594,86.43594360351562,-6.207716464996338,28.776947021484375,9.424159049987793,-9.66129207611084,2.268216609954834,0.6652536988258362,-14.515562057495117,-0.7756783366203308,-4.7521281242370605,-3.916165351867676,-6.932186126708984,common_voice_ko_36985152.mp3,thirties,male_masculine,2,1
6.984036281179138,0.07988183918189369,0.06466720887788803,1650.1924068944493,1122.5250931532182,1766.8222136516222,789.598413344038,3296.5831667877906,2418.4152316748023,-346.21502685546875,107.71082305908203,-9.075217247009277,29.860055923461914,18.043241500854492,-9.390524864196777,2.985741376876831,-1.3120770454406738,-14.839799880981445,-3.5320563316345215,-1.1260403394699097,-2.6178665161132812,-4.718705177307129,common_voice_ko_36985179.mp3,thirties,male_masculine,2,1
7.236009070294784,0.2525947766426282,0.19708817526106465,3530.6267428887077,1959.686652993642,2608.8028658226576,576.1922293659785,6479.561673677885,2556.19883605987,-334.0974426269531,54.513545989990234,17.877656936645508,6.156169414520264,-6.353710651397705,1.6879143714904785,-16.19734764099121,3.8283534049987793,-9.553853034973145,0.4349137842655182,-5.700981140136719,0.7317023873329163,-5.438594818115234,common_voice_ko_37247267.mp3,thirties,male_masculine,2,1
